Copyright 1986-2022 Xilinx, Inc. All Rights Reserved. Copyright 2022-2024 Advanced Micro Devices, Inc. All Rights Reserved.
---------------------------------------------------------------------------------------------------------------------------------------------------------------------------------------------------------
| Tool Version : Vivado v.2024.2 (win64) Build 5239630 Fri Nov 08 22:35:27 MST 2024
| Date         : Thu May  8 19:44:55 2025
| Host         : C26-5CG2151LB4 running 64-bit major release  (build 9200)
| Command      : report_timing_summary -max_paths 10 -report_unconstrained -file Lab4_timing_summary_routed.rpt -pb Lab4_timing_summary_routed.pb -rpx Lab4_timing_summary_routed.rpx -warn_on_violation
| Design       : Lab4
| Device       : 7a200t-sbg484
| Speed File   : -1  PRODUCTION 1.23 2018-06-13
| Design State : Routed
---------------------------------------------------------------------------------------------------------------------------------------------------------------------------------------------------------

Timing Summary Report

------------------------------------------------------------------------------------------------
| Timer Settings
| --------------
------------------------------------------------------------------------------------------------

  Enable Multi Corner Analysis               :  Yes
  Enable Pessimism Removal                   :  Yes
  Pessimism Removal Resolution               :  Nearest Common Node
  Enable Input Delay Default Clock           :  No
  Enable Preset / Clear Arcs                 :  No
  Disable Flight Delays                      :  No
  Ignore I/O Paths                           :  No
  Timing Early Launch at Borrowing Latches   :  No
  Borrow Time for Max Delay Exceptions       :  Yes
  Merge Timing Exceptions                    :  Yes
  Inter-SLR Compensation                     :  Conservative

  Corner  Analyze    Analyze    
  Name    Max Paths  Min Paths  
  ------  ---------  ---------  
  Slow    Yes        Yes        
  Fast    Yes        Yes        


------------------------------------------------------------------------------------------------
| Report Methodology
| ------------------
------------------------------------------------------------------------------------------------

Rule       Severity          Description                                        Violations  
---------  ----------------  -------------------------------------------------  ----------  
TIMING-17  Critical Warning  Non-clocked sequential cell                        103         
TIMING-27  Critical Warning  Invalid primary clock on hierarchical pin          1           
LUTAR-1    Warning           LUT drives async reset alert                       3           
TIMING-20  Warning           Non-clocked latch                                  3           
XDCC-2     Warning           Scoped Non-Timing constraint/property overwritten  1           
LATCH-1    Advisory          Existing latches in the design                     1           

Note: This report is based on the most recent report_methodology run and may not be up-to-date. Run report_methodology on the current design for the latest report.



check_timing report

Table of Contents
-----------------
1. checking no_clock (112)
2. checking constant_clock (0)
3. checking pulse_width_clock (0)
4. checking unconstrained_internal_endpoints (225)
5. checking no_input_delay (9)
6. checking no_output_delay (5)
7. checking multiple_clock (0)
8. checking generated_clocks (0)
9. checking loops (0)
10. checking partial_input_delay (0)
11. checking partial_output_delay (0)
12. checking latch_loops (0)

1. checking no_clock (112)
--------------------------
 There are 103 register/latch pins with no clock driven by root clock pin: clk (HIGH)

 There is 1 register/latch pin with no clock driven by root clock pin: Audio_Codec/ready_sig_reg/Q (HIGH)

 There are 2 register/latch pins with no clock driven by root clock pin: CU/state_reg[0]/Q (HIGH)

 There are 3 register/latch pins with no clock driven by root clock pin: CU/state_reg[1]/Q (HIGH)

 There are 3 register/latch pins with no clock driven by root clock pin: CU/state_reg[2]/Q (HIGH)


2. checking constant_clock (0)
------------------------------
 There are 0 register/latch pins with constant_clock.


3. checking pulse_width_clock (0)
---------------------------------
 There are 0 register/latch pins which need pulse_width check


4. checking unconstrained_internal_endpoints (225)
--------------------------------------------------
 There are 225 pins that are not constrained for maximum delay. (HIGH)

 There are 0 pins that are not constrained for maximum delay due to constant clock.


5. checking no_input_delay (9)
------------------------------
 There are 9 input ports with no input delay specified. (HIGH)

 There are 0 input ports with no input delay but user has a false path constraint.


6. checking no_output_delay (5)
-------------------------------
 There are 5 ports with no output delay specified. (HIGH)

 There are 0 ports with no output delay but user has a false path constraint

 There are 0 ports with no output delay but with a timing clock defined on it or propagating through it


7. checking multiple_clock (0)
------------------------------
 There are 0 register/latch pins with multiple clocks.


8. checking generated_clocks (0)
--------------------------------
 There are 0 generated clocks that are not connected to a clock source.


9. checking loops (0)
---------------------
 There are 0 combinational loops in the design.


10. checking partial_input_delay (0)
------------------------------------
 There are 0 input ports with partial input delay specified.


11. checking partial_output_delay (0)
-------------------------------------
 There are 0 ports with partial output delay specified.


12. checking latch_loops (0)
----------------------------
 There are 0 combinational latch loops in the design through latch input



------------------------------------------------------------------------------------------------
| Design Timing Summary
| ---------------------
------------------------------------------------------------------------------------------------

    WNS(ns)      TNS(ns)  TNS Failing Endpoints  TNS Total Endpoints      WHS(ns)      THS(ns)  THS Failing Endpoints  THS Total Endpoints     WPWS(ns)     TPWS(ns)  TPWS Failing Endpoints  TPWS Total Endpoints  
    -------      -------  ---------------------  -------------------      -------      -------  ---------------------  -------------------     --------     --------  ----------------------  --------------------  
     15.328        0.000                      0                  200        0.109        0.000                      0                  200        3.000        0.000                       0                   123  


All user specified timing constraints are met.


------------------------------------------------------------------------------------------------
| Clock Summary
| -------------
------------------------------------------------------------------------------------------------

Clock                                             Waveform(ns)       Period(ns)      Frequency(MHz)
-----                                             ------------       ----------      --------------
Audio_Codec/audiocodec_master_clock/inst/clk_in1  {0.000 5.000}      10.000          100.000         
  clk_out1_clk_wiz_0                              {0.000 40.687}     81.375          12.289          
  clk_out2_clk_wiz_0                              {0.000 10.000}     20.000          50.000          
  clkfbout_clk_wiz_0                              {0.000 5.000}      10.000          100.000         


------------------------------------------------------------------------------------------------
| Intra Clock Table
| -----------------
------------------------------------------------------------------------------------------------

Clock                                                 WNS(ns)      TNS(ns)  TNS Failing Endpoints  TNS Total Endpoints      WHS(ns)      THS(ns)  THS Failing Endpoints  THS Total Endpoints     WPWS(ns)     TPWS(ns)  TPWS Failing Endpoints  TPWS Total Endpoints  
-----                                                 -------      -------  ---------------------  -------------------      -------      -------  ---------------------  -------------------     --------     --------  ----------------------  --------------------  
Audio_Codec/audiocodec_master_clock/inst/clk_in1                                                                                                                                                    3.000        0.000                       0                     1  
  clk_out1_clk_wiz_0                                                                                                                                                                               79.220        0.000                       0                     2  
  clk_out2_clk_wiz_0                                   15.328        0.000                      0                  200        0.109        0.000                      0                  200        9.500        0.000                       0                   117  
  clkfbout_clk_wiz_0                                                                                                                                                                                7.845        0.000                       0                     3  


------------------------------------------------------------------------------------------------
| Inter Clock Table
| -----------------
------------------------------------------------------------------------------------------------

From Clock    To Clock          WNS(ns)      TNS(ns)  TNS Failing Endpoints  TNS Total Endpoints      WHS(ns)      THS(ns)  THS Failing Endpoints  THS Total Endpoints  
----------    --------          -------      -------  ---------------------  -------------------      -------      -------  ---------------------  -------------------  


------------------------------------------------------------------------------------------------
| Other Path Groups Table
| -----------------------
------------------------------------------------------------------------------------------------

Path Group    From Clock    To Clock          WNS(ns)      TNS(ns)  TNS Failing Endpoints  TNS Total Endpoints      WHS(ns)      THS(ns)  THS Failing Endpoints  THS Total Endpoints  
----------    ----------    --------          -------      -------  ---------------------  -------------------      -------      -------  ---------------------  -------------------  


------------------------------------------------------------------------------------------------
| User Ignored Path Table
| -----------------------
------------------------------------------------------------------------------------------------

Path Group    From Clock    To Clock    
----------    ----------    --------    


------------------------------------------------------------------------------------------------
| Unconstrained Path Table
| ------------------------
------------------------------------------------------------------------------------------------

Path Group          From Clock          To Clock          
----------          ----------          --------          
(none)                                                      
(none)              clk_out1_clk_wiz_0                      
(none)              clk_out2_clk_wiz_0                      
(none)              clkfbout_clk_wiz_0                      
(none)                                  clk_out2_clk_wiz_0  


------------------------------------------------------------------------------------------------
| Timing Details
| --------------
------------------------------------------------------------------------------------------------


---------------------------------------------------------------------------------------------------
From Clock:  Audio_Codec/audiocodec_master_clock/inst/clk_in1
  To Clock:  Audio_Codec/audiocodec_master_clock/inst/clk_in1

Setup :           NA  Failing Endpoints,  Worst Slack           NA  ,  Total Violation           NA
Hold  :           NA  Failing Endpoints,  Worst Slack           NA  ,  Total Violation           NA
PW    :            0  Failing Endpoints,  Worst Slack        3.000ns,  Total Violation        0.000ns
---------------------------------------------------------------------------------------------------


Pulse Width Checks
--------------------------------------------------------------------------------------
Clock Name:         Audio_Codec/audiocodec_master_clock/inst/clk_in1
Waveform(ns):       { 0.000 5.000 }
Period(ns):         10.000
Sources:            { Audio_Codec/audiocodec_master_clock/inst/clk_in1 }

Check Type        Corner  Lib Pin            Reference Pin  Required(ns)  Actual(ns)  Slack(ns)  Location         Pin
Min Period        n/a     MMCME2_ADV/CLKIN1  n/a            1.249         10.000      8.751      MMCME2_ADV_X1Y0  Audio_Codec/audiocodec_master_clock/inst/mmcm_adv_inst/CLKIN1
Max Period        n/a     MMCME2_ADV/CLKIN1  n/a            100.000       10.000      90.000     MMCME2_ADV_X1Y0  Audio_Codec/audiocodec_master_clock/inst/mmcm_adv_inst/CLKIN1
Low Pulse Width   Slow    MMCME2_ADV/CLKIN1  n/a            2.000         5.000       3.000      MMCME2_ADV_X1Y0  Audio_Codec/audiocodec_master_clock/inst/mmcm_adv_inst/CLKIN1
Low Pulse Width   Fast    MMCME2_ADV/CLKIN1  n/a            2.000         5.000       3.000      MMCME2_ADV_X1Y0  Audio_Codec/audiocodec_master_clock/inst/mmcm_adv_inst/CLKIN1
High Pulse Width  Slow    MMCME2_ADV/CLKIN1  n/a            2.000         5.000       3.000      MMCME2_ADV_X1Y0  Audio_Codec/audiocodec_master_clock/inst/mmcm_adv_inst/CLKIN1
High Pulse Width  Fast    MMCME2_ADV/CLKIN1  n/a            2.000         5.000       3.000      MMCME2_ADV_X1Y0  Audio_Codec/audiocodec_master_clock/inst/mmcm_adv_inst/CLKIN1



---------------------------------------------------------------------------------------------------
From Clock:  clk_out1_clk_wiz_0
  To Clock:  clk_out1_clk_wiz_0

Setup :           NA  Failing Endpoints,  Worst Slack           NA  ,  Total Violation           NA
Hold  :           NA  Failing Endpoints,  Worst Slack           NA  ,  Total Violation           NA
PW    :            0  Failing Endpoints,  Worst Slack       79.220ns,  Total Violation        0.000ns
---------------------------------------------------------------------------------------------------


Pulse Width Checks
--------------------------------------------------------------------------------------
Clock Name:         clk_out1_clk_wiz_0
Waveform(ns):       { 0.000 40.688 }
Period(ns):         81.375
Sources:            { Audio_Codec/audiocodec_master_clock/inst/mmcm_adv_inst/CLKOUT0 }

Check Type  Corner  Lib Pin             Reference Pin  Required(ns)  Actual(ns)  Slack(ns)  Location         Pin
Min Period  n/a     BUFG/I              n/a            2.155         81.375      79.220     BUFGCTRL_X0Y0    Audio_Codec/audiocodec_master_clock/inst/clkout1_buf/I
Min Period  n/a     MMCME2_ADV/CLKOUT0  n/a            1.249         81.375      80.126     MMCME2_ADV_X1Y0  Audio_Codec/audiocodec_master_clock/inst/mmcm_adv_inst/CLKOUT0
Max Period  n/a     MMCME2_ADV/CLKOUT0  n/a            213.360       81.375      131.985    MMCME2_ADV_X1Y0  Audio_Codec/audiocodec_master_clock/inst/mmcm_adv_inst/CLKOUT0



---------------------------------------------------------------------------------------------------
From Clock:  clk_out2_clk_wiz_0
  To Clock:  clk_out2_clk_wiz_0

Setup :            0  Failing Endpoints,  Worst Slack       15.328ns,  Total Violation        0.000ns
Hold  :            0  Failing Endpoints,  Worst Slack        0.109ns,  Total Violation        0.000ns
PW    :            0  Failing Endpoints,  Worst Slack        9.500ns,  Total Violation        0.000ns
---------------------------------------------------------------------------------------------------


Max Delay Paths
--------------------------------------------------------------------------------------
Slack (MET) :             15.328ns  (required time - arrival time)
  Source:                 Audio_Codec/initialize_audio/twi_controller/sclCnt_reg[1]/C
                            (rising edge-triggered cell FDSE clocked by clk_out2_clk_wiz_0  {rise@0.000ns fall@10.000ns period=20.000ns})
  Destination:            Audio_Codec/initialize_audio/twi_controller/FSM_gray_state_reg[1]/CE
                            (rising edge-triggered cell FDRE clocked by clk_out2_clk_wiz_0  {rise@0.000ns fall@10.000ns period=20.000ns})
  Path Group:             clk_out2_clk_wiz_0
  Path Type:              Setup (Max at Slow Process Corner)
  Requirement:            20.000ns  (clk_out2_clk_wiz_0 rise@20.000ns - clk_out2_clk_wiz_0 rise@0.000ns)
  Data Path Delay:        4.395ns  (logic 1.250ns (28.444%)  route 3.145ns (71.556%))
  Logic Levels:           4  (LUT2=1 LUT3=1 LUT6=2)
  Clock Path Skew:        -0.025ns (DCD - SCD + CPR)
    Destination Clock Delay (DCD):    1.701ns = ( 21.701 - 20.000 ) 
    Source Clock Delay      (SCD):    1.815ns
    Clock Pessimism Removal (CPR):    0.089ns
  Clock Uncertainty:      0.084ns  ((TSJ^2 + DJ^2)^1/2) / 2 + PE
    Total System Jitter     (TSJ):    0.071ns
    Discrete Jitter          (DJ):    0.152ns
    Phase Error              (PE):    0.000ns

    Location             Delay type                Incr(ns)  Path(ns)    Netlist Resource(s)
  -------------------------------------------------------------------    -------------------
                         (clock clk_out2_clk_wiz_0 rise edge)
                                                      0.000     0.000 r  
    BUFGCTRL_X0Y2        BUFG                         0.000     0.000 r  clk_IBUF_BUFG_inst/O
                         net (fo=105, routed)         2.106     2.106    Audio_Codec/audiocodec_master_clock/inst/clk_in1
    MMCME2_ADV_X1Y0      MMCME2_ADV (Prop_mmcme2_adv_CLKIN1_CLKOUT1)
                                                     -4.900    -2.793 r  Audio_Codec/audiocodec_master_clock/inst/mmcm_adv_inst/CLKOUT1
                         net (fo=1, routed)           2.697    -0.096    Audio_Codec/audiocodec_master_clock/inst/clk_out2_clk_wiz_0
    BUFGCTRL_X0Y1        BUFG (Prop_bufg_I_O)         0.096    -0.000 r  Audio_Codec/audiocodec_master_clock/inst/clkout2_buf/O
                         net (fo=115, routed)         1.815     1.815    Audio_Codec/initialize_audio/twi_controller/CLK
    SLICE_X162Y122       FDSE                                         r  Audio_Codec/initialize_audio/twi_controller/sclCnt_reg[1]/C
  -------------------------------------------------------------------    -------------------
    SLICE_X162Y122       FDSE (Prop_fdse_C_Q)         0.518     2.333 f  Audio_Codec/initialize_audio/twi_controller/sclCnt_reg[1]/Q
                         net (fo=6, routed)           0.828     3.161    Audio_Codec/initialize_audio/twi_controller/sclCnt_reg[1]
    SLICE_X162Y122       LUT6 (Prop_lut6_I3_O)        0.124     3.285 f  Audio_Codec/initialize_audio/twi_controller/sclCnt[6]_i_4/O
                         net (fo=2, routed)           0.423     3.709    Audio_Codec/initialize_audio/twi_controller/sclCnt[6]_i_4_n_0
    SLICE_X162Y121       LUT2 (Prop_lut2_I1_O)        0.124     3.833 r  Audio_Codec/initialize_audio/twi_controller/subState[1]_i_2/O
                         net (fo=11, routed)          0.713     4.546    Audio_Codec/initialize_audio/twi_controller/subState[1]_i_2_n_0
    SLICE_X162Y119       LUT3 (Prop_lut3_I0_O)        0.153     4.699 r  Audio_Codec/initialize_audio/twi_controller/FSM_gray_state[3]_i_6/O
                         net (fo=2, routed)           0.830     5.528    Audio_Codec/initialize_audio/twi_controller/FSM_gray_state[3]_i_6_n_0
    SLICE_X160Y120       LUT6 (Prop_lut6_I3_O)        0.331     5.859 r  Audio_Codec/initialize_audio/twi_controller/FSM_gray_state[3]_i_1/O
                         net (fo=4, routed)           0.351     6.210    Audio_Codec/initialize_audio/twi_controller/FSM_gray_state[3]_i_1_n_0
    SLICE_X162Y121       FDRE                                         r  Audio_Codec/initialize_audio/twi_controller/FSM_gray_state_reg[1]/CE
  -------------------------------------------------------------------    -------------------

                         (clock clk_out2_clk_wiz_0 rise edge)
                                                     20.000    20.000 r  
    BUFGCTRL_X0Y2        BUFG                         0.000    20.000 r  clk_IBUF_BUFG_inst/O
                         net (fo=105, routed)         1.972    21.972    Audio_Codec/audiocodec_master_clock/inst/clk_in1
    MMCME2_ADV_X1Y0      MMCME2_ADV (Prop_mmcme2_adv_CLKIN1_CLKOUT1)
                                                     -4.637    17.335 r  Audio_Codec/audiocodec_master_clock/inst/mmcm_adv_inst/CLKOUT1
                         net (fo=1, routed)           2.574    19.909    Audio_Codec/audiocodec_master_clock/inst/clk_out2_clk_wiz_0
    BUFGCTRL_X0Y1        BUFG (Prop_bufg_I_O)         0.091    20.000 r  Audio_Codec/audiocodec_master_clock/inst/clkout2_buf/O
                         net (fo=115, routed)         1.701    21.701    Audio_Codec/initialize_audio/twi_controller/CLK
    SLICE_X162Y121       FDRE                                         r  Audio_Codec/initialize_audio/twi_controller/FSM_gray_state_reg[1]/C
                         clock pessimism              0.089    21.790    
                         clock uncertainty           -0.084    21.707    
    SLICE_X162Y121       FDRE (Setup_fdre_C_CE)      -0.169    21.538    Audio_Codec/initialize_audio/twi_controller/FSM_gray_state_reg[1]
  -------------------------------------------------------------------
                         required time                         21.538    
                         arrival time                          -6.210    
  -------------------------------------------------------------------
                         slack                                 15.328    

Slack (MET) :             15.328ns  (required time - arrival time)
  Source:                 Audio_Codec/initialize_audio/twi_controller/sclCnt_reg[1]/C
                            (rising edge-triggered cell FDSE clocked by clk_out2_clk_wiz_0  {rise@0.000ns fall@10.000ns period=20.000ns})
  Destination:            Audio_Codec/initialize_audio/twi_controller/FSM_gray_state_reg[3]/CE
                            (rising edge-triggered cell FDRE clocked by clk_out2_clk_wiz_0  {rise@0.000ns fall@10.000ns period=20.000ns})
  Path Group:             clk_out2_clk_wiz_0
  Path Type:              Setup (Max at Slow Process Corner)
  Requirement:            20.000ns  (clk_out2_clk_wiz_0 rise@20.000ns - clk_out2_clk_wiz_0 rise@0.000ns)
  Data Path Delay:        4.395ns  (logic 1.250ns (28.444%)  route 3.145ns (71.556%))
  Logic Levels:           4  (LUT2=1 LUT3=1 LUT6=2)
  Clock Path Skew:        -0.025ns (DCD - SCD + CPR)
    Destination Clock Delay (DCD):    1.701ns = ( 21.701 - 20.000 ) 
    Source Clock Delay      (SCD):    1.815ns
    Clock Pessimism Removal (CPR):    0.089ns
  Clock Uncertainty:      0.084ns  ((TSJ^2 + DJ^2)^1/2) / 2 + PE
    Total System Jitter     (TSJ):    0.071ns
    Discrete Jitter          (DJ):    0.152ns
    Phase Error              (PE):    0.000ns

    Location             Delay type                Incr(ns)  Path(ns)    Netlist Resource(s)
  -------------------------------------------------------------------    -------------------
                         (clock clk_out2_clk_wiz_0 rise edge)
                                                      0.000     0.000 r  
    BUFGCTRL_X0Y2        BUFG                         0.000     0.000 r  clk_IBUF_BUFG_inst/O
                         net (fo=105, routed)         2.106     2.106    Audio_Codec/audiocodec_master_clock/inst/clk_in1
    MMCME2_ADV_X1Y0      MMCME2_ADV (Prop_mmcme2_adv_CLKIN1_CLKOUT1)
                                                     -4.900    -2.793 r  Audio_Codec/audiocodec_master_clock/inst/mmcm_adv_inst/CLKOUT1
                         net (fo=1, routed)           2.697    -0.096    Audio_Codec/audiocodec_master_clock/inst/clk_out2_clk_wiz_0
    BUFGCTRL_X0Y1        BUFG (Prop_bufg_I_O)         0.096    -0.000 r  Audio_Codec/audiocodec_master_clock/inst/clkout2_buf/O
                         net (fo=115, routed)         1.815     1.815    Audio_Codec/initialize_audio/twi_controller/CLK
    SLICE_X162Y122       FDSE                                         r  Audio_Codec/initialize_audio/twi_controller/sclCnt_reg[1]/C
  -------------------------------------------------------------------    -------------------
    SLICE_X162Y122       FDSE (Prop_fdse_C_Q)         0.518     2.333 f  Audio_Codec/initialize_audio/twi_controller/sclCnt_reg[1]/Q
                         net (fo=6, routed)           0.828     3.161    Audio_Codec/initialize_audio/twi_controller/sclCnt_reg[1]
    SLICE_X162Y122       LUT6 (Prop_lut6_I3_O)        0.124     3.285 f  Audio_Codec/initialize_audio/twi_controller/sclCnt[6]_i_4/O
                         net (fo=2, routed)           0.423     3.709    Audio_Codec/initialize_audio/twi_controller/sclCnt[6]_i_4_n_0
    SLICE_X162Y121       LUT2 (Prop_lut2_I1_O)        0.124     3.833 r  Audio_Codec/initialize_audio/twi_controller/subState[1]_i_2/O
                         net (fo=11, routed)          0.713     4.546    Audio_Codec/initialize_audio/twi_controller/subState[1]_i_2_n_0
    SLICE_X162Y119       LUT3 (Prop_lut3_I0_O)        0.153     4.699 r  Audio_Codec/initialize_audio/twi_controller/FSM_gray_state[3]_i_6/O
                         net (fo=2, routed)           0.830     5.528    Audio_Codec/initialize_audio/twi_controller/FSM_gray_state[3]_i_6_n_0
    SLICE_X160Y120       LUT6 (Prop_lut6_I3_O)        0.331     5.859 r  Audio_Codec/initialize_audio/twi_controller/FSM_gray_state[3]_i_1/O
                         net (fo=4, routed)           0.351     6.210    Audio_Codec/initialize_audio/twi_controller/FSM_gray_state[3]_i_1_n_0
    SLICE_X162Y121       FDRE                                         r  Audio_Codec/initialize_audio/twi_controller/FSM_gray_state_reg[3]/CE
  -------------------------------------------------------------------    -------------------

                         (clock clk_out2_clk_wiz_0 rise edge)
                                                     20.000    20.000 r  
    BUFGCTRL_X0Y2        BUFG                         0.000    20.000 r  clk_IBUF_BUFG_inst/O
                         net (fo=105, routed)         1.972    21.972    Audio_Codec/audiocodec_master_clock/inst/clk_in1
    MMCME2_ADV_X1Y0      MMCME2_ADV (Prop_mmcme2_adv_CLKIN1_CLKOUT1)
                                                     -4.637    17.335 r  Audio_Codec/audiocodec_master_clock/inst/mmcm_adv_inst/CLKOUT1
                         net (fo=1, routed)           2.574    19.909    Audio_Codec/audiocodec_master_clock/inst/clk_out2_clk_wiz_0
    BUFGCTRL_X0Y1        BUFG (Prop_bufg_I_O)         0.091    20.000 r  Audio_Codec/audiocodec_master_clock/inst/clkout2_buf/O
                         net (fo=115, routed)         1.701    21.701    Audio_Codec/initialize_audio/twi_controller/CLK
    SLICE_X162Y121       FDRE                                         r  Audio_Codec/initialize_audio/twi_controller/FSM_gray_state_reg[3]/C
                         clock pessimism              0.089    21.790    
                         clock uncertainty           -0.084    21.707    
    SLICE_X162Y121       FDRE (Setup_fdre_C_CE)      -0.169    21.538    Audio_Codec/initialize_audio/twi_controller/FSM_gray_state_reg[3]
  -------------------------------------------------------------------
                         required time                         21.538    
                         arrival time                          -6.210    
  -------------------------------------------------------------------
                         slack                                 15.328    

Slack (MET) :             15.441ns  (required time - arrival time)
  Source:                 Audio_Codec/initialize_audio/twi_controller/sclCnt_reg[1]/C
                            (rising edge-triggered cell FDSE clocked by clk_out2_clk_wiz_0  {rise@0.000ns fall@10.000ns period=20.000ns})
  Destination:            Audio_Codec/initialize_audio/twi_controller/FSM_gray_state_reg[0]/CE
                            (rising edge-triggered cell FDRE clocked by clk_out2_clk_wiz_0  {rise@0.000ns fall@10.000ns period=20.000ns})
  Path Group:             clk_out2_clk_wiz_0
  Path Type:              Setup (Max at Slow Process Corner)
  Requirement:            20.000ns  (clk_out2_clk_wiz_0 rise@20.000ns - clk_out2_clk_wiz_0 rise@0.000ns)
  Data Path Delay:        4.247ns  (logic 1.250ns (29.435%)  route 2.997ns (70.565%))
  Logic Levels:           4  (LUT2=1 LUT3=1 LUT6=2)
  Clock Path Skew:        -0.024ns (DCD - SCD + CPR)
    Destination Clock Delay (DCD):    1.702ns = ( 21.702 - 20.000 ) 
    Source Clock Delay      (SCD):    1.815ns
    Clock Pessimism Removal (CPR):    0.089ns
  Clock Uncertainty:      0.084ns  ((TSJ^2 + DJ^2)^1/2) / 2 + PE
    Total System Jitter     (TSJ):    0.071ns
    Discrete Jitter          (DJ):    0.152ns
    Phase Error              (PE):    0.000ns

    Location             Delay type                Incr(ns)  Path(ns)    Netlist Resource(s)
  -------------------------------------------------------------------    -------------------
                         (clock clk_out2_clk_wiz_0 rise edge)
                                                      0.000     0.000 r  
    BUFGCTRL_X0Y2        BUFG                         0.000     0.000 r  clk_IBUF_BUFG_inst/O
                         net (fo=105, routed)         2.106     2.106    Audio_Codec/audiocodec_master_clock/inst/clk_in1
    MMCME2_ADV_X1Y0      MMCME2_ADV (Prop_mmcme2_adv_CLKIN1_CLKOUT1)
                                                     -4.900    -2.793 r  Audio_Codec/audiocodec_master_clock/inst/mmcm_adv_inst/CLKOUT1
                         net (fo=1, routed)           2.697    -0.096    Audio_Codec/audiocodec_master_clock/inst/clk_out2_clk_wiz_0
    BUFGCTRL_X0Y1        BUFG (Prop_bufg_I_O)         0.096    -0.000 r  Audio_Codec/audiocodec_master_clock/inst/clkout2_buf/O
                         net (fo=115, routed)         1.815     1.815    Audio_Codec/initialize_audio/twi_controller/CLK
    SLICE_X162Y122       FDSE                                         r  Audio_Codec/initialize_audio/twi_controller/sclCnt_reg[1]/C
  -------------------------------------------------------------------    -------------------
    SLICE_X162Y122       FDSE (Prop_fdse_C_Q)         0.518     2.333 f  Audio_Codec/initialize_audio/twi_controller/sclCnt_reg[1]/Q
                         net (fo=6, routed)           0.828     3.161    Audio_Codec/initialize_audio/twi_controller/sclCnt_reg[1]
    SLICE_X162Y122       LUT6 (Prop_lut6_I3_O)        0.124     3.285 f  Audio_Codec/initialize_audio/twi_controller/sclCnt[6]_i_4/O
                         net (fo=2, routed)           0.423     3.709    Audio_Codec/initialize_audio/twi_controller/sclCnt[6]_i_4_n_0
    SLICE_X162Y121       LUT2 (Prop_lut2_I1_O)        0.124     3.833 r  Audio_Codec/initialize_audio/twi_controller/subState[1]_i_2/O
                         net (fo=11, routed)          0.713     4.546    Audio_Codec/initialize_audio/twi_controller/subState[1]_i_2_n_0
    SLICE_X162Y119       LUT3 (Prop_lut3_I0_O)        0.153     4.699 r  Audio_Codec/initialize_audio/twi_controller/FSM_gray_state[3]_i_6/O
                         net (fo=2, routed)           0.830     5.528    Audio_Codec/initialize_audio/twi_controller/FSM_gray_state[3]_i_6_n_0
    SLICE_X160Y120       LUT6 (Prop_lut6_I3_O)        0.331     5.859 r  Audio_Codec/initialize_audio/twi_controller/FSM_gray_state[3]_i_1/O
                         net (fo=4, routed)           0.203     6.062    Audio_Codec/initialize_audio/twi_controller/FSM_gray_state[3]_i_1_n_0
    SLICE_X160Y120       FDRE                                         r  Audio_Codec/initialize_audio/twi_controller/FSM_gray_state_reg[0]/CE
  -------------------------------------------------------------------    -------------------

                         (clock clk_out2_clk_wiz_0 rise edge)
                                                     20.000    20.000 r  
    BUFGCTRL_X0Y2        BUFG                         0.000    20.000 r  clk_IBUF_BUFG_inst/O
                         net (fo=105, routed)         1.972    21.972    Audio_Codec/audiocodec_master_clock/inst/clk_in1
    MMCME2_ADV_X1Y0      MMCME2_ADV (Prop_mmcme2_adv_CLKIN1_CLKOUT1)
                                                     -4.637    17.335 r  Audio_Codec/audiocodec_master_clock/inst/mmcm_adv_inst/CLKOUT1
                         net (fo=1, routed)           2.574    19.909    Audio_Codec/audiocodec_master_clock/inst/clk_out2_clk_wiz_0
    BUFGCTRL_X0Y1        BUFG (Prop_bufg_I_O)         0.091    20.000 r  Audio_Codec/audiocodec_master_clock/inst/clkout2_buf/O
                         net (fo=115, routed)         1.702    21.702    Audio_Codec/initialize_audio/twi_controller/CLK
    SLICE_X160Y120       FDRE                                         r  Audio_Codec/initialize_audio/twi_controller/FSM_gray_state_reg[0]/C
                         clock pessimism              0.089    21.791    
                         clock uncertainty           -0.084    21.708    
    SLICE_X160Y120       FDRE (Setup_fdre_C_CE)      -0.205    21.503    Audio_Codec/initialize_audio/twi_controller/FSM_gray_state_reg[0]
  -------------------------------------------------------------------
                         required time                         21.503    
                         arrival time                          -6.062    
  -------------------------------------------------------------------
                         slack                                 15.441    

Slack (MET) :             15.441ns  (required time - arrival time)
  Source:                 Audio_Codec/initialize_audio/twi_controller/sclCnt_reg[1]/C
                            (rising edge-triggered cell FDSE clocked by clk_out2_clk_wiz_0  {rise@0.000ns fall@10.000ns period=20.000ns})
  Destination:            Audio_Codec/initialize_audio/twi_controller/FSM_gray_state_reg[2]/CE
                            (rising edge-triggered cell FDRE clocked by clk_out2_clk_wiz_0  {rise@0.000ns fall@10.000ns period=20.000ns})
  Path Group:             clk_out2_clk_wiz_0
  Path Type:              Setup (Max at Slow Process Corner)
  Requirement:            20.000ns  (clk_out2_clk_wiz_0 rise@20.000ns - clk_out2_clk_wiz_0 rise@0.000ns)
  Data Path Delay:        4.247ns  (logic 1.250ns (29.435%)  route 2.997ns (70.565%))
  Logic Levels:           4  (LUT2=1 LUT3=1 LUT6=2)
  Clock Path Skew:        -0.024ns (DCD - SCD + CPR)
    Destination Clock Delay (DCD):    1.702ns = ( 21.702 - 20.000 ) 
    Source Clock Delay      (SCD):    1.815ns
    Clock Pessimism Removal (CPR):    0.089ns
  Clock Uncertainty:      0.084ns  ((TSJ^2 + DJ^2)^1/2) / 2 + PE
    Total System Jitter     (TSJ):    0.071ns
    Discrete Jitter          (DJ):    0.152ns
    Phase Error              (PE):    0.000ns

    Location             Delay type                Incr(ns)  Path(ns)    Netlist Resource(s)
  -------------------------------------------------------------------    -------------------
                         (clock clk_out2_clk_wiz_0 rise edge)
                                                      0.000     0.000 r  
    BUFGCTRL_X0Y2        BUFG                         0.000     0.000 r  clk_IBUF_BUFG_inst/O
                         net (fo=105, routed)         2.106     2.106    Audio_Codec/audiocodec_master_clock/inst/clk_in1
    MMCME2_ADV_X1Y0      MMCME2_ADV (Prop_mmcme2_adv_CLKIN1_CLKOUT1)
                                                     -4.900    -2.793 r  Audio_Codec/audiocodec_master_clock/inst/mmcm_adv_inst/CLKOUT1
                         net (fo=1, routed)           2.697    -0.096    Audio_Codec/audiocodec_master_clock/inst/clk_out2_clk_wiz_0
    BUFGCTRL_X0Y1        BUFG (Prop_bufg_I_O)         0.096    -0.000 r  Audio_Codec/audiocodec_master_clock/inst/clkout2_buf/O
                         net (fo=115, routed)         1.815     1.815    Audio_Codec/initialize_audio/twi_controller/CLK
    SLICE_X162Y122       FDSE                                         r  Audio_Codec/initialize_audio/twi_controller/sclCnt_reg[1]/C
  -------------------------------------------------------------------    -------------------
    SLICE_X162Y122       FDSE (Prop_fdse_C_Q)         0.518     2.333 f  Audio_Codec/initialize_audio/twi_controller/sclCnt_reg[1]/Q
                         net (fo=6, routed)           0.828     3.161    Audio_Codec/initialize_audio/twi_controller/sclCnt_reg[1]
    SLICE_X162Y122       LUT6 (Prop_lut6_I3_O)        0.124     3.285 f  Audio_Codec/initialize_audio/twi_controller/sclCnt[6]_i_4/O
                         net (fo=2, routed)           0.423     3.709    Audio_Codec/initialize_audio/twi_controller/sclCnt[6]_i_4_n_0
    SLICE_X162Y121       LUT2 (Prop_lut2_I1_O)        0.124     3.833 r  Audio_Codec/initialize_audio/twi_controller/subState[1]_i_2/O
                         net (fo=11, routed)          0.713     4.546    Audio_Codec/initialize_audio/twi_controller/subState[1]_i_2_n_0
    SLICE_X162Y119       LUT3 (Prop_lut3_I0_O)        0.153     4.699 r  Audio_Codec/initialize_audio/twi_controller/FSM_gray_state[3]_i_6/O
                         net (fo=2, routed)           0.830     5.528    Audio_Codec/initialize_audio/twi_controller/FSM_gray_state[3]_i_6_n_0
    SLICE_X160Y120       LUT6 (Prop_lut6_I3_O)        0.331     5.859 r  Audio_Codec/initialize_audio/twi_controller/FSM_gray_state[3]_i_1/O
                         net (fo=4, routed)           0.203     6.062    Audio_Codec/initialize_audio/twi_controller/FSM_gray_state[3]_i_1_n_0
    SLICE_X160Y120       FDRE                                         r  Audio_Codec/initialize_audio/twi_controller/FSM_gray_state_reg[2]/CE
  -------------------------------------------------------------------    -------------------

                         (clock clk_out2_clk_wiz_0 rise edge)
                                                     20.000    20.000 r  
    BUFGCTRL_X0Y2        BUFG                         0.000    20.000 r  clk_IBUF_BUFG_inst/O
                         net (fo=105, routed)         1.972    21.972    Audio_Codec/audiocodec_master_clock/inst/clk_in1
    MMCME2_ADV_X1Y0      MMCME2_ADV (Prop_mmcme2_adv_CLKIN1_CLKOUT1)
                                                     -4.637    17.335 r  Audio_Codec/audiocodec_master_clock/inst/mmcm_adv_inst/CLKOUT1
                         net (fo=1, routed)           2.574    19.909    Audio_Codec/audiocodec_master_clock/inst/clk_out2_clk_wiz_0
    BUFGCTRL_X0Y1        BUFG (Prop_bufg_I_O)         0.091    20.000 r  Audio_Codec/audiocodec_master_clock/inst/clkout2_buf/O
                         net (fo=115, routed)         1.702    21.702    Audio_Codec/initialize_audio/twi_controller/CLK
    SLICE_X160Y120       FDRE                                         r  Audio_Codec/initialize_audio/twi_controller/FSM_gray_state_reg[2]/C
                         clock pessimism              0.089    21.791    
                         clock uncertainty           -0.084    21.708    
    SLICE_X160Y120       FDRE (Setup_fdre_C_CE)      -0.205    21.503    Audio_Codec/initialize_audio/twi_controller/FSM_gray_state_reg[2]
  -------------------------------------------------------------------
                         required time                         21.503    
                         arrival time                          -6.062    
  -------------------------------------------------------------------
                         slack                                 15.441    

Slack (MET) :             15.667ns  (required time - arrival time)
  Source:                 Audio_Codec/initialize_audio/twi_controller/sclCnt_reg[1]/C
                            (rising edge-triggered cell FDSE clocked by clk_out2_clk_wiz_0  {rise@0.000ns fall@10.000ns period=20.000ns})
  Destination:            Audio_Codec/initialize_audio/twi_controller/dataByte_reg[0]/CE
                            (rising edge-triggered cell FDRE clocked by clk_out2_clk_wiz_0  {rise@0.000ns fall@10.000ns period=20.000ns})
  Path Group:             clk_out2_clk_wiz_0
  Path Type:              Setup (Max at Slow Process Corner)
  Requirement:            20.000ns  (clk_out2_clk_wiz_0 rise@20.000ns - clk_out2_clk_wiz_0 rise@0.000ns)
  Data Path Delay:        4.021ns  (logic 1.014ns (25.217%)  route 3.007ns (74.783%))
  Logic Levels:           4  (LUT2=2 LUT6=2)
  Clock Path Skew:        -0.023ns (DCD - SCD + CPR)
    Destination Clock Delay (DCD):    1.703ns = ( 21.703 - 20.000 ) 
    Source Clock Delay      (SCD):    1.815ns
    Clock Pessimism Removal (CPR):    0.089ns
  Clock Uncertainty:      0.084ns  ((TSJ^2 + DJ^2)^1/2) / 2 + PE
    Total System Jitter     (TSJ):    0.071ns
    Discrete Jitter          (DJ):    0.152ns
    Phase Error              (PE):    0.000ns

    Location             Delay type                Incr(ns)  Path(ns)    Netlist Resource(s)
  -------------------------------------------------------------------    -------------------
                         (clock clk_out2_clk_wiz_0 rise edge)
                                                      0.000     0.000 r  
    BUFGCTRL_X0Y2        BUFG                         0.000     0.000 r  clk_IBUF_BUFG_inst/O
                         net (fo=105, routed)         2.106     2.106    Audio_Codec/audiocodec_master_clock/inst/clk_in1
    MMCME2_ADV_X1Y0      MMCME2_ADV (Prop_mmcme2_adv_CLKIN1_CLKOUT1)
                                                     -4.900    -2.793 r  Audio_Codec/audiocodec_master_clock/inst/mmcm_adv_inst/CLKOUT1
                         net (fo=1, routed)           2.697    -0.096    Audio_Codec/audiocodec_master_clock/inst/clk_out2_clk_wiz_0
    BUFGCTRL_X0Y1        BUFG (Prop_bufg_I_O)         0.096    -0.000 r  Audio_Codec/audiocodec_master_clock/inst/clkout2_buf/O
                         net (fo=115, routed)         1.815     1.815    Audio_Codec/initialize_audio/twi_controller/CLK
    SLICE_X162Y122       FDSE                                         r  Audio_Codec/initialize_audio/twi_controller/sclCnt_reg[1]/C
  -------------------------------------------------------------------    -------------------
    SLICE_X162Y122       FDSE (Prop_fdse_C_Q)         0.518     2.333 f  Audio_Codec/initialize_audio/twi_controller/sclCnt_reg[1]/Q
                         net (fo=6, routed)           0.828     3.161    Audio_Codec/initialize_audio/twi_controller/sclCnt_reg[1]
    SLICE_X162Y122       LUT6 (Prop_lut6_I3_O)        0.124     3.285 f  Audio_Codec/initialize_audio/twi_controller/sclCnt[6]_i_4/O
                         net (fo=2, routed)           0.423     3.709    Audio_Codec/initialize_audio/twi_controller/sclCnt[6]_i_4_n_0
    SLICE_X162Y121       LUT2 (Prop_lut2_I1_O)        0.124     3.833 r  Audio_Codec/initialize_audio/twi_controller/subState[1]_i_2/O
                         net (fo=11, routed)          0.643     4.476    Audio_Codec/initialize_audio/twi_controller/subState[1]_i_2_n_0
    SLICE_X161Y120       LUT6 (Prop_lut6_I0_O)        0.124     4.600 r  Audio_Codec/initialize_audio/twi_controller/dataByte[7]_i_3/O
                         net (fo=5, routed)           0.616     5.216    Audio_Codec/initialize_audio/twi_controller/dataByte1
    SLICE_X159Y119       LUT2 (Prop_lut2_I0_O)        0.124     5.340 r  Audio_Codec/initialize_audio/twi_controller/dataByte[7]_i_1/O
                         net (fo=8, routed)           0.497     5.836    Audio_Codec/initialize_audio/twi_controller/dataByte[7]_i_1_n_0
    SLICE_X163Y118       FDRE                                         r  Audio_Codec/initialize_audio/twi_controller/dataByte_reg[0]/CE
  -------------------------------------------------------------------    -------------------

                         (clock clk_out2_clk_wiz_0 rise edge)
                                                     20.000    20.000 r  
    BUFGCTRL_X0Y2        BUFG                         0.000    20.000 r  clk_IBUF_BUFG_inst/O
                         net (fo=105, routed)         1.972    21.972    Audio_Codec/audiocodec_master_clock/inst/clk_in1
    MMCME2_ADV_X1Y0      MMCME2_ADV (Prop_mmcme2_adv_CLKIN1_CLKOUT1)
                                                     -4.637    17.335 r  Audio_Codec/audiocodec_master_clock/inst/mmcm_adv_inst/CLKOUT1
                         net (fo=1, routed)           2.574    19.909    Audio_Codec/audiocodec_master_clock/inst/clk_out2_clk_wiz_0
    BUFGCTRL_X0Y1        BUFG (Prop_bufg_I_O)         0.091    20.000 r  Audio_Codec/audiocodec_master_clock/inst/clkout2_buf/O
                         net (fo=115, routed)         1.703    21.703    Audio_Codec/initialize_audio/twi_controller/CLK
    SLICE_X163Y118       FDRE                                         r  Audio_Codec/initialize_audio/twi_controller/dataByte_reg[0]/C
                         clock pessimism              0.089    21.792    
                         clock uncertainty           -0.084    21.709    
    SLICE_X163Y118       FDRE (Setup_fdre_C_CE)      -0.205    21.504    Audio_Codec/initialize_audio/twi_controller/dataByte_reg[0]
  -------------------------------------------------------------------
                         required time                         21.504    
                         arrival time                          -5.836    
  -------------------------------------------------------------------
                         slack                                 15.667    

Slack (MET) :             15.667ns  (required time - arrival time)
  Source:                 Audio_Codec/initialize_audio/twi_controller/sclCnt_reg[1]/C
                            (rising edge-triggered cell FDSE clocked by clk_out2_clk_wiz_0  {rise@0.000ns fall@10.000ns period=20.000ns})
  Destination:            Audio_Codec/initialize_audio/twi_controller/dataByte_reg[1]/CE
                            (rising edge-triggered cell FDRE clocked by clk_out2_clk_wiz_0  {rise@0.000ns fall@10.000ns period=20.000ns})
  Path Group:             clk_out2_clk_wiz_0
  Path Type:              Setup (Max at Slow Process Corner)
  Requirement:            20.000ns  (clk_out2_clk_wiz_0 rise@20.000ns - clk_out2_clk_wiz_0 rise@0.000ns)
  Data Path Delay:        4.021ns  (logic 1.014ns (25.217%)  route 3.007ns (74.783%))
  Logic Levels:           4  (LUT2=2 LUT6=2)
  Clock Path Skew:        -0.023ns (DCD - SCD + CPR)
    Destination Clock Delay (DCD):    1.703ns = ( 21.703 - 20.000 ) 
    Source Clock Delay      (SCD):    1.815ns
    Clock Pessimism Removal (CPR):    0.089ns
  Clock Uncertainty:      0.084ns  ((TSJ^2 + DJ^2)^1/2) / 2 + PE
    Total System Jitter     (TSJ):    0.071ns
    Discrete Jitter          (DJ):    0.152ns
    Phase Error              (PE):    0.000ns

    Location             Delay type                Incr(ns)  Path(ns)    Netlist Resource(s)
  -------------------------------------------------------------------    -------------------
                         (clock clk_out2_clk_wiz_0 rise edge)
                                                      0.000     0.000 r  
    BUFGCTRL_X0Y2        BUFG                         0.000     0.000 r  clk_IBUF_BUFG_inst/O
                         net (fo=105, routed)         2.106     2.106    Audio_Codec/audiocodec_master_clock/inst/clk_in1
    MMCME2_ADV_X1Y0      MMCME2_ADV (Prop_mmcme2_adv_CLKIN1_CLKOUT1)
                                                     -4.900    -2.793 r  Audio_Codec/audiocodec_master_clock/inst/mmcm_adv_inst/CLKOUT1
                         net (fo=1, routed)           2.697    -0.096    Audio_Codec/audiocodec_master_clock/inst/clk_out2_clk_wiz_0
    BUFGCTRL_X0Y1        BUFG (Prop_bufg_I_O)         0.096    -0.000 r  Audio_Codec/audiocodec_master_clock/inst/clkout2_buf/O
                         net (fo=115, routed)         1.815     1.815    Audio_Codec/initialize_audio/twi_controller/CLK
    SLICE_X162Y122       FDSE                                         r  Audio_Codec/initialize_audio/twi_controller/sclCnt_reg[1]/C
  -------------------------------------------------------------------    -------------------
    SLICE_X162Y122       FDSE (Prop_fdse_C_Q)         0.518     2.333 f  Audio_Codec/initialize_audio/twi_controller/sclCnt_reg[1]/Q
                         net (fo=6, routed)           0.828     3.161    Audio_Codec/initialize_audio/twi_controller/sclCnt_reg[1]
    SLICE_X162Y122       LUT6 (Prop_lut6_I3_O)        0.124     3.285 f  Audio_Codec/initialize_audio/twi_controller/sclCnt[6]_i_4/O
                         net (fo=2, routed)           0.423     3.709    Audio_Codec/initialize_audio/twi_controller/sclCnt[6]_i_4_n_0
    SLICE_X162Y121       LUT2 (Prop_lut2_I1_O)        0.124     3.833 r  Audio_Codec/initialize_audio/twi_controller/subState[1]_i_2/O
                         net (fo=11, routed)          0.643     4.476    Audio_Codec/initialize_audio/twi_controller/subState[1]_i_2_n_0
    SLICE_X161Y120       LUT6 (Prop_lut6_I0_O)        0.124     4.600 r  Audio_Codec/initialize_audio/twi_controller/dataByte[7]_i_3/O
                         net (fo=5, routed)           0.616     5.216    Audio_Codec/initialize_audio/twi_controller/dataByte1
    SLICE_X159Y119       LUT2 (Prop_lut2_I0_O)        0.124     5.340 r  Audio_Codec/initialize_audio/twi_controller/dataByte[7]_i_1/O
                         net (fo=8, routed)           0.497     5.836    Audio_Codec/initialize_audio/twi_controller/dataByte[7]_i_1_n_0
    SLICE_X163Y118       FDRE                                         r  Audio_Codec/initialize_audio/twi_controller/dataByte_reg[1]/CE
  -------------------------------------------------------------------    -------------------

                         (clock clk_out2_clk_wiz_0 rise edge)
                                                     20.000    20.000 r  
    BUFGCTRL_X0Y2        BUFG                         0.000    20.000 r  clk_IBUF_BUFG_inst/O
                         net (fo=105, routed)         1.972    21.972    Audio_Codec/audiocodec_master_clock/inst/clk_in1
    MMCME2_ADV_X1Y0      MMCME2_ADV (Prop_mmcme2_adv_CLKIN1_CLKOUT1)
                                                     -4.637    17.335 r  Audio_Codec/audiocodec_master_clock/inst/mmcm_adv_inst/CLKOUT1
                         net (fo=1, routed)           2.574    19.909    Audio_Codec/audiocodec_master_clock/inst/clk_out2_clk_wiz_0
    BUFGCTRL_X0Y1        BUFG (Prop_bufg_I_O)         0.091    20.000 r  Audio_Codec/audiocodec_master_clock/inst/clkout2_buf/O
                         net (fo=115, routed)         1.703    21.703    Audio_Codec/initialize_audio/twi_controller/CLK
    SLICE_X163Y118       FDRE                                         r  Audio_Codec/initialize_audio/twi_controller/dataByte_reg[1]/C
                         clock pessimism              0.089    21.792    
                         clock uncertainty           -0.084    21.709    
    SLICE_X163Y118       FDRE (Setup_fdre_C_CE)      -0.205    21.504    Audio_Codec/initialize_audio/twi_controller/dataByte_reg[1]
  -------------------------------------------------------------------
                         required time                         21.504    
                         arrival time                          -5.836    
  -------------------------------------------------------------------
                         slack                                 15.667    

Slack (MET) :             15.667ns  (required time - arrival time)
  Source:                 Audio_Codec/initialize_audio/twi_controller/sclCnt_reg[1]/C
                            (rising edge-triggered cell FDSE clocked by clk_out2_clk_wiz_0  {rise@0.000ns fall@10.000ns period=20.000ns})
  Destination:            Audio_Codec/initialize_audio/twi_controller/dataByte_reg[2]/CE
                            (rising edge-triggered cell FDRE clocked by clk_out2_clk_wiz_0  {rise@0.000ns fall@10.000ns period=20.000ns})
  Path Group:             clk_out2_clk_wiz_0
  Path Type:              Setup (Max at Slow Process Corner)
  Requirement:            20.000ns  (clk_out2_clk_wiz_0 rise@20.000ns - clk_out2_clk_wiz_0 rise@0.000ns)
  Data Path Delay:        4.021ns  (logic 1.014ns (25.217%)  route 3.007ns (74.783%))
  Logic Levels:           4  (LUT2=2 LUT6=2)
  Clock Path Skew:        -0.023ns (DCD - SCD + CPR)
    Destination Clock Delay (DCD):    1.703ns = ( 21.703 - 20.000 ) 
    Source Clock Delay      (SCD):    1.815ns
    Clock Pessimism Removal (CPR):    0.089ns
  Clock Uncertainty:      0.084ns  ((TSJ^2 + DJ^2)^1/2) / 2 + PE
    Total System Jitter     (TSJ):    0.071ns
    Discrete Jitter          (DJ):    0.152ns
    Phase Error              (PE):    0.000ns

    Location             Delay type                Incr(ns)  Path(ns)    Netlist Resource(s)
  -------------------------------------------------------------------    -------------------
                         (clock clk_out2_clk_wiz_0 rise edge)
                                                      0.000     0.000 r  
    BUFGCTRL_X0Y2        BUFG                         0.000     0.000 r  clk_IBUF_BUFG_inst/O
                         net (fo=105, routed)         2.106     2.106    Audio_Codec/audiocodec_master_clock/inst/clk_in1
    MMCME2_ADV_X1Y0      MMCME2_ADV (Prop_mmcme2_adv_CLKIN1_CLKOUT1)
                                                     -4.900    -2.793 r  Audio_Codec/audiocodec_master_clock/inst/mmcm_adv_inst/CLKOUT1
                         net (fo=1, routed)           2.697    -0.096    Audio_Codec/audiocodec_master_clock/inst/clk_out2_clk_wiz_0
    BUFGCTRL_X0Y1        BUFG (Prop_bufg_I_O)         0.096    -0.000 r  Audio_Codec/audiocodec_master_clock/inst/clkout2_buf/O
                         net (fo=115, routed)         1.815     1.815    Audio_Codec/initialize_audio/twi_controller/CLK
    SLICE_X162Y122       FDSE                                         r  Audio_Codec/initialize_audio/twi_controller/sclCnt_reg[1]/C
  -------------------------------------------------------------------    -------------------
    SLICE_X162Y122       FDSE (Prop_fdse_C_Q)         0.518     2.333 f  Audio_Codec/initialize_audio/twi_controller/sclCnt_reg[1]/Q
                         net (fo=6, routed)           0.828     3.161    Audio_Codec/initialize_audio/twi_controller/sclCnt_reg[1]
    SLICE_X162Y122       LUT6 (Prop_lut6_I3_O)        0.124     3.285 f  Audio_Codec/initialize_audio/twi_controller/sclCnt[6]_i_4/O
                         net (fo=2, routed)           0.423     3.709    Audio_Codec/initialize_audio/twi_controller/sclCnt[6]_i_4_n_0
    SLICE_X162Y121       LUT2 (Prop_lut2_I1_O)        0.124     3.833 r  Audio_Codec/initialize_audio/twi_controller/subState[1]_i_2/O
                         net (fo=11, routed)          0.643     4.476    Audio_Codec/initialize_audio/twi_controller/subState[1]_i_2_n_0
    SLICE_X161Y120       LUT6 (Prop_lut6_I0_O)        0.124     4.600 r  Audio_Codec/initialize_audio/twi_controller/dataByte[7]_i_3/O
                         net (fo=5, routed)           0.616     5.216    Audio_Codec/initialize_audio/twi_controller/dataByte1
    SLICE_X159Y119       LUT2 (Prop_lut2_I0_O)        0.124     5.340 r  Audio_Codec/initialize_audio/twi_controller/dataByte[7]_i_1/O
                         net (fo=8, routed)           0.497     5.836    Audio_Codec/initialize_audio/twi_controller/dataByte[7]_i_1_n_0
    SLICE_X163Y118       FDRE                                         r  Audio_Codec/initialize_audio/twi_controller/dataByte_reg[2]/CE
  -------------------------------------------------------------------    -------------------

                         (clock clk_out2_clk_wiz_0 rise edge)
                                                     20.000    20.000 r  
    BUFGCTRL_X0Y2        BUFG                         0.000    20.000 r  clk_IBUF_BUFG_inst/O
                         net (fo=105, routed)         1.972    21.972    Audio_Codec/audiocodec_master_clock/inst/clk_in1
    MMCME2_ADV_X1Y0      MMCME2_ADV (Prop_mmcme2_adv_CLKIN1_CLKOUT1)
                                                     -4.637    17.335 r  Audio_Codec/audiocodec_master_clock/inst/mmcm_adv_inst/CLKOUT1
                         net (fo=1, routed)           2.574    19.909    Audio_Codec/audiocodec_master_clock/inst/clk_out2_clk_wiz_0
    BUFGCTRL_X0Y1        BUFG (Prop_bufg_I_O)         0.091    20.000 r  Audio_Codec/audiocodec_master_clock/inst/clkout2_buf/O
                         net (fo=115, routed)         1.703    21.703    Audio_Codec/initialize_audio/twi_controller/CLK
    SLICE_X163Y118       FDRE                                         r  Audio_Codec/initialize_audio/twi_controller/dataByte_reg[2]/C
                         clock pessimism              0.089    21.792    
                         clock uncertainty           -0.084    21.709    
    SLICE_X163Y118       FDRE (Setup_fdre_C_CE)      -0.205    21.504    Audio_Codec/initialize_audio/twi_controller/dataByte_reg[2]
  -------------------------------------------------------------------
                         required time                         21.504    
                         arrival time                          -5.836    
  -------------------------------------------------------------------
                         slack                                 15.667    

Slack (MET) :             15.667ns  (required time - arrival time)
  Source:                 Audio_Codec/initialize_audio/twi_controller/sclCnt_reg[1]/C
                            (rising edge-triggered cell FDSE clocked by clk_out2_clk_wiz_0  {rise@0.000ns fall@10.000ns period=20.000ns})
  Destination:            Audio_Codec/initialize_audio/twi_controller/dataByte_reg[3]/CE
                            (rising edge-triggered cell FDRE clocked by clk_out2_clk_wiz_0  {rise@0.000ns fall@10.000ns period=20.000ns})
  Path Group:             clk_out2_clk_wiz_0
  Path Type:              Setup (Max at Slow Process Corner)
  Requirement:            20.000ns  (clk_out2_clk_wiz_0 rise@20.000ns - clk_out2_clk_wiz_0 rise@0.000ns)
  Data Path Delay:        4.021ns  (logic 1.014ns (25.217%)  route 3.007ns (74.783%))
  Logic Levels:           4  (LUT2=2 LUT6=2)
  Clock Path Skew:        -0.023ns (DCD - SCD + CPR)
    Destination Clock Delay (DCD):    1.703ns = ( 21.703 - 20.000 ) 
    Source Clock Delay      (SCD):    1.815ns
    Clock Pessimism Removal (CPR):    0.089ns
  Clock Uncertainty:      0.084ns  ((TSJ^2 + DJ^2)^1/2) / 2 + PE
    Total System Jitter     (TSJ):    0.071ns
    Discrete Jitter          (DJ):    0.152ns
    Phase Error              (PE):    0.000ns

    Location             Delay type                Incr(ns)  Path(ns)    Netlist Resource(s)
  -------------------------------------------------------------------    -------------------
                         (clock clk_out2_clk_wiz_0 rise edge)
                                                      0.000     0.000 r  
    BUFGCTRL_X0Y2        BUFG                         0.000     0.000 r  clk_IBUF_BUFG_inst/O
                         net (fo=105, routed)         2.106     2.106    Audio_Codec/audiocodec_master_clock/inst/clk_in1
    MMCME2_ADV_X1Y0      MMCME2_ADV (Prop_mmcme2_adv_CLKIN1_CLKOUT1)
                                                     -4.900    -2.793 r  Audio_Codec/audiocodec_master_clock/inst/mmcm_adv_inst/CLKOUT1
                         net (fo=1, routed)           2.697    -0.096    Audio_Codec/audiocodec_master_clock/inst/clk_out2_clk_wiz_0
    BUFGCTRL_X0Y1        BUFG (Prop_bufg_I_O)         0.096    -0.000 r  Audio_Codec/audiocodec_master_clock/inst/clkout2_buf/O
                         net (fo=115, routed)         1.815     1.815    Audio_Codec/initialize_audio/twi_controller/CLK
    SLICE_X162Y122       FDSE                                         r  Audio_Codec/initialize_audio/twi_controller/sclCnt_reg[1]/C
  -------------------------------------------------------------------    -------------------
    SLICE_X162Y122       FDSE (Prop_fdse_C_Q)         0.518     2.333 f  Audio_Codec/initialize_audio/twi_controller/sclCnt_reg[1]/Q
                         net (fo=6, routed)           0.828     3.161    Audio_Codec/initialize_audio/twi_controller/sclCnt_reg[1]
    SLICE_X162Y122       LUT6 (Prop_lut6_I3_O)        0.124     3.285 f  Audio_Codec/initialize_audio/twi_controller/sclCnt[6]_i_4/O
                         net (fo=2, routed)           0.423     3.709    Audio_Codec/initialize_audio/twi_controller/sclCnt[6]_i_4_n_0
    SLICE_X162Y121       LUT2 (Prop_lut2_I1_O)        0.124     3.833 r  Audio_Codec/initialize_audio/twi_controller/subState[1]_i_2/O
                         net (fo=11, routed)          0.643     4.476    Audio_Codec/initialize_audio/twi_controller/subState[1]_i_2_n_0
    SLICE_X161Y120       LUT6 (Prop_lut6_I0_O)        0.124     4.600 r  Audio_Codec/initialize_audio/twi_controller/dataByte[7]_i_3/O
                         net (fo=5, routed)           0.616     5.216    Audio_Codec/initialize_audio/twi_controller/dataByte1
    SLICE_X159Y119       LUT2 (Prop_lut2_I0_O)        0.124     5.340 r  Audio_Codec/initialize_audio/twi_controller/dataByte[7]_i_1/O
                         net (fo=8, routed)           0.497     5.836    Audio_Codec/initialize_audio/twi_controller/dataByte[7]_i_1_n_0
    SLICE_X163Y118       FDRE                                         r  Audio_Codec/initialize_audio/twi_controller/dataByte_reg[3]/CE
  -------------------------------------------------------------------    -------------------

                         (clock clk_out2_clk_wiz_0 rise edge)
                                                     20.000    20.000 r  
    BUFGCTRL_X0Y2        BUFG                         0.000    20.000 r  clk_IBUF_BUFG_inst/O
                         net (fo=105, routed)         1.972    21.972    Audio_Codec/audiocodec_master_clock/inst/clk_in1
    MMCME2_ADV_X1Y0      MMCME2_ADV (Prop_mmcme2_adv_CLKIN1_CLKOUT1)
                                                     -4.637    17.335 r  Audio_Codec/audiocodec_master_clock/inst/mmcm_adv_inst/CLKOUT1
                         net (fo=1, routed)           2.574    19.909    Audio_Codec/audiocodec_master_clock/inst/clk_out2_clk_wiz_0
    BUFGCTRL_X0Y1        BUFG (Prop_bufg_I_O)         0.091    20.000 r  Audio_Codec/audiocodec_master_clock/inst/clkout2_buf/O
                         net (fo=115, routed)         1.703    21.703    Audio_Codec/initialize_audio/twi_controller/CLK
    SLICE_X163Y118       FDRE                                         r  Audio_Codec/initialize_audio/twi_controller/dataByte_reg[3]/C
                         clock pessimism              0.089    21.792    
                         clock uncertainty           -0.084    21.709    
    SLICE_X163Y118       FDRE (Setup_fdre_C_CE)      -0.205    21.504    Audio_Codec/initialize_audio/twi_controller/dataByte_reg[3]
  -------------------------------------------------------------------
                         required time                         21.504    
                         arrival time                          -5.836    
  -------------------------------------------------------------------
                         slack                                 15.667    

Slack (MET) :             15.712ns  (required time - arrival time)
  Source:                 Audio_Codec/initialize_audio/twi_controller/sclCnt_reg[1]/C
                            (rising edge-triggered cell FDSE clocked by clk_out2_clk_wiz_0  {rise@0.000ns fall@10.000ns period=20.000ns})
  Destination:            Audio_Codec/initialize_audio/twi_controller/dataByte_reg[4]/CE
                            (rising edge-triggered cell FDRE clocked by clk_out2_clk_wiz_0  {rise@0.000ns fall@10.000ns period=20.000ns})
  Path Group:             clk_out2_clk_wiz_0
  Path Type:              Setup (Max at Slow Process Corner)
  Requirement:            20.000ns  (clk_out2_clk_wiz_0 rise@20.000ns - clk_out2_clk_wiz_0 rise@0.000ns)
  Data Path Delay:        4.012ns  (logic 1.014ns (25.274%)  route 2.998ns (74.726%))
  Logic Levels:           4  (LUT2=2 LUT6=2)
  Clock Path Skew:        -0.023ns (DCD - SCD + CPR)
    Destination Clock Delay (DCD):    1.703ns = ( 21.703 - 20.000 ) 
    Source Clock Delay      (SCD):    1.815ns
    Clock Pessimism Removal (CPR):    0.089ns
  Clock Uncertainty:      0.084ns  ((TSJ^2 + DJ^2)^1/2) / 2 + PE
    Total System Jitter     (TSJ):    0.071ns
    Discrete Jitter          (DJ):    0.152ns
    Phase Error              (PE):    0.000ns

    Location             Delay type                Incr(ns)  Path(ns)    Netlist Resource(s)
  -------------------------------------------------------------------    -------------------
                         (clock clk_out2_clk_wiz_0 rise edge)
                                                      0.000     0.000 r  
    BUFGCTRL_X0Y2        BUFG                         0.000     0.000 r  clk_IBUF_BUFG_inst/O
                         net (fo=105, routed)         2.106     2.106    Audio_Codec/audiocodec_master_clock/inst/clk_in1
    MMCME2_ADV_X1Y0      MMCME2_ADV (Prop_mmcme2_adv_CLKIN1_CLKOUT1)
                                                     -4.900    -2.793 r  Audio_Codec/audiocodec_master_clock/inst/mmcm_adv_inst/CLKOUT1
                         net (fo=1, routed)           2.697    -0.096    Audio_Codec/audiocodec_master_clock/inst/clk_out2_clk_wiz_0
    BUFGCTRL_X0Y1        BUFG (Prop_bufg_I_O)         0.096    -0.000 r  Audio_Codec/audiocodec_master_clock/inst/clkout2_buf/O
                         net (fo=115, routed)         1.815     1.815    Audio_Codec/initialize_audio/twi_controller/CLK
    SLICE_X162Y122       FDSE                                         r  Audio_Codec/initialize_audio/twi_controller/sclCnt_reg[1]/C
  -------------------------------------------------------------------    -------------------
    SLICE_X162Y122       FDSE (Prop_fdse_C_Q)         0.518     2.333 f  Audio_Codec/initialize_audio/twi_controller/sclCnt_reg[1]/Q
                         net (fo=6, routed)           0.828     3.161    Audio_Codec/initialize_audio/twi_controller/sclCnt_reg[1]
    SLICE_X162Y122       LUT6 (Prop_lut6_I3_O)        0.124     3.285 f  Audio_Codec/initialize_audio/twi_controller/sclCnt[6]_i_4/O
                         net (fo=2, routed)           0.423     3.709    Audio_Codec/initialize_audio/twi_controller/sclCnt[6]_i_4_n_0
    SLICE_X162Y121       LUT2 (Prop_lut2_I1_O)        0.124     3.833 r  Audio_Codec/initialize_audio/twi_controller/subState[1]_i_2/O
                         net (fo=11, routed)          0.643     4.476    Audio_Codec/initialize_audio/twi_controller/subState[1]_i_2_n_0
    SLICE_X161Y120       LUT6 (Prop_lut6_I0_O)        0.124     4.600 r  Audio_Codec/initialize_audio/twi_controller/dataByte[7]_i_3/O
                         net (fo=5, routed)           0.616     5.216    Audio_Codec/initialize_audio/twi_controller/dataByte1
    SLICE_X159Y119       LUT2 (Prop_lut2_I0_O)        0.124     5.340 r  Audio_Codec/initialize_audio/twi_controller/dataByte[7]_i_1/O
                         net (fo=8, routed)           0.488     5.827    Audio_Codec/initialize_audio/twi_controller/dataByte[7]_i_1_n_0
    SLICE_X162Y118       FDRE                                         r  Audio_Codec/initialize_audio/twi_controller/dataByte_reg[4]/CE
  -------------------------------------------------------------------    -------------------

                         (clock clk_out2_clk_wiz_0 rise edge)
                                                     20.000    20.000 r  
    BUFGCTRL_X0Y2        BUFG                         0.000    20.000 r  clk_IBUF_BUFG_inst/O
                         net (fo=105, routed)         1.972    21.972    Audio_Codec/audiocodec_master_clock/inst/clk_in1
    MMCME2_ADV_X1Y0      MMCME2_ADV (Prop_mmcme2_adv_CLKIN1_CLKOUT1)
                                                     -4.637    17.335 r  Audio_Codec/audiocodec_master_clock/inst/mmcm_adv_inst/CLKOUT1
                         net (fo=1, routed)           2.574    19.909    Audio_Codec/audiocodec_master_clock/inst/clk_out2_clk_wiz_0
    BUFGCTRL_X0Y1        BUFG (Prop_bufg_I_O)         0.091    20.000 r  Audio_Codec/audiocodec_master_clock/inst/clkout2_buf/O
                         net (fo=115, routed)         1.703    21.703    Audio_Codec/initialize_audio/twi_controller/CLK
    SLICE_X162Y118       FDRE                                         r  Audio_Codec/initialize_audio/twi_controller/dataByte_reg[4]/C
                         clock pessimism              0.089    21.792    
                         clock uncertainty           -0.084    21.709    
    SLICE_X162Y118       FDRE (Setup_fdre_C_CE)      -0.169    21.540    Audio_Codec/initialize_audio/twi_controller/dataByte_reg[4]
  -------------------------------------------------------------------
                         required time                         21.540    
                         arrival time                          -5.827    
  -------------------------------------------------------------------
                         slack                                 15.712    

Slack (MET) :             15.712ns  (required time - arrival time)
  Source:                 Audio_Codec/initialize_audio/twi_controller/sclCnt_reg[1]/C
                            (rising edge-triggered cell FDSE clocked by clk_out2_clk_wiz_0  {rise@0.000ns fall@10.000ns period=20.000ns})
  Destination:            Audio_Codec/initialize_audio/twi_controller/dataByte_reg[5]/CE
                            (rising edge-triggered cell FDRE clocked by clk_out2_clk_wiz_0  {rise@0.000ns fall@10.000ns period=20.000ns})
  Path Group:             clk_out2_clk_wiz_0
  Path Type:              Setup (Max at Slow Process Corner)
  Requirement:            20.000ns  (clk_out2_clk_wiz_0 rise@20.000ns - clk_out2_clk_wiz_0 rise@0.000ns)
  Data Path Delay:        4.012ns  (logic 1.014ns (25.274%)  route 2.998ns (74.726%))
  Logic Levels:           4  (LUT2=2 LUT6=2)
  Clock Path Skew:        -0.023ns (DCD - SCD + CPR)
    Destination Clock Delay (DCD):    1.703ns = ( 21.703 - 20.000 ) 
    Source Clock Delay      (SCD):    1.815ns
    Clock Pessimism Removal (CPR):    0.089ns
  Clock Uncertainty:      0.084ns  ((TSJ^2 + DJ^2)^1/2) / 2 + PE
    Total System Jitter     (TSJ):    0.071ns
    Discrete Jitter          (DJ):    0.152ns
    Phase Error              (PE):    0.000ns

    Location             Delay type                Incr(ns)  Path(ns)    Netlist Resource(s)
  -------------------------------------------------------------------    -------------------
                         (clock clk_out2_clk_wiz_0 rise edge)
                                                      0.000     0.000 r  
    BUFGCTRL_X0Y2        BUFG                         0.000     0.000 r  clk_IBUF_BUFG_inst/O
                         net (fo=105, routed)         2.106     2.106    Audio_Codec/audiocodec_master_clock/inst/clk_in1
    MMCME2_ADV_X1Y0      MMCME2_ADV (Prop_mmcme2_adv_CLKIN1_CLKOUT1)
                                                     -4.900    -2.793 r  Audio_Codec/audiocodec_master_clock/inst/mmcm_adv_inst/CLKOUT1
                         net (fo=1, routed)           2.697    -0.096    Audio_Codec/audiocodec_master_clock/inst/clk_out2_clk_wiz_0
    BUFGCTRL_X0Y1        BUFG (Prop_bufg_I_O)         0.096    -0.000 r  Audio_Codec/audiocodec_master_clock/inst/clkout2_buf/O
                         net (fo=115, routed)         1.815     1.815    Audio_Codec/initialize_audio/twi_controller/CLK
    SLICE_X162Y122       FDSE                                         r  Audio_Codec/initialize_audio/twi_controller/sclCnt_reg[1]/C
  -------------------------------------------------------------------    -------------------
    SLICE_X162Y122       FDSE (Prop_fdse_C_Q)         0.518     2.333 f  Audio_Codec/initialize_audio/twi_controller/sclCnt_reg[1]/Q
                         net (fo=6, routed)           0.828     3.161    Audio_Codec/initialize_audio/twi_controller/sclCnt_reg[1]
    SLICE_X162Y122       LUT6 (Prop_lut6_I3_O)        0.124     3.285 f  Audio_Codec/initialize_audio/twi_controller/sclCnt[6]_i_4/O
                         net (fo=2, routed)           0.423     3.709    Audio_Codec/initialize_audio/twi_controller/sclCnt[6]_i_4_n_0
    SLICE_X162Y121       LUT2 (Prop_lut2_I1_O)        0.124     3.833 r  Audio_Codec/initialize_audio/twi_controller/subState[1]_i_2/O
                         net (fo=11, routed)          0.643     4.476    Audio_Codec/initialize_audio/twi_controller/subState[1]_i_2_n_0
    SLICE_X161Y120       LUT6 (Prop_lut6_I0_O)        0.124     4.600 r  Audio_Codec/initialize_audio/twi_controller/dataByte[7]_i_3/O
                         net (fo=5, routed)           0.616     5.216    Audio_Codec/initialize_audio/twi_controller/dataByte1
    SLICE_X159Y119       LUT2 (Prop_lut2_I0_O)        0.124     5.340 r  Audio_Codec/initialize_audio/twi_controller/dataByte[7]_i_1/O
                         net (fo=8, routed)           0.488     5.827    Audio_Codec/initialize_audio/twi_controller/dataByte[7]_i_1_n_0
    SLICE_X162Y118       FDRE                                         r  Audio_Codec/initialize_audio/twi_controller/dataByte_reg[5]/CE
  -------------------------------------------------------------------    -------------------

                         (clock clk_out2_clk_wiz_0 rise edge)
                                                     20.000    20.000 r  
    BUFGCTRL_X0Y2        BUFG                         0.000    20.000 r  clk_IBUF_BUFG_inst/O
                         net (fo=105, routed)         1.972    21.972    Audio_Codec/audiocodec_master_clock/inst/clk_in1
    MMCME2_ADV_X1Y0      MMCME2_ADV (Prop_mmcme2_adv_CLKIN1_CLKOUT1)
                                                     -4.637    17.335 r  Audio_Codec/audiocodec_master_clock/inst/mmcm_adv_inst/CLKOUT1
                         net (fo=1, routed)           2.574    19.909    Audio_Codec/audiocodec_master_clock/inst/clk_out2_clk_wiz_0
    BUFGCTRL_X0Y1        BUFG (Prop_bufg_I_O)         0.091    20.000 r  Audio_Codec/audiocodec_master_clock/inst/clkout2_buf/O
                         net (fo=115, routed)         1.703    21.703    Audio_Codec/initialize_audio/twi_controller/CLK
    SLICE_X162Y118       FDRE                                         r  Audio_Codec/initialize_audio/twi_controller/dataByte_reg[5]/C
                         clock pessimism              0.089    21.792    
                         clock uncertainty           -0.084    21.709    
    SLICE_X162Y118       FDRE (Setup_fdre_C_CE)      -0.169    21.540    Audio_Codec/initialize_audio/twi_controller/dataByte_reg[5]
  -------------------------------------------------------------------
                         required time                         21.540    
                         arrival time                          -5.827    
  -------------------------------------------------------------------
                         slack                                 15.712    





Min Delay Paths
--------------------------------------------------------------------------------------
Slack (MET) :             0.109ns  (arrival time - required time)
  Source:                 Audio_Codec/initialize_audio/initWord_reg[10]/C
                            (rising edge-triggered cell FDRE clocked by clk_out2_clk_wiz_0  {rise@0.000ns fall@10.000ns period=20.000ns})
  Destination:            Audio_Codec/initialize_audio/data_i_reg[2]/D
                            (rising edge-triggered cell FDRE clocked by clk_out2_clk_wiz_0  {rise@0.000ns fall@10.000ns period=20.000ns})
  Path Group:             clk_out2_clk_wiz_0
  Path Type:              Hold (Min at Fast Process Corner)
  Requirement:            0.000ns  (clk_out2_clk_wiz_0 rise@0.000ns - clk_out2_clk_wiz_0 rise@0.000ns)
  Data Path Delay:        0.242ns  (logic 0.186ns (76.827%)  route 0.056ns (23.173%))
  Logic Levels:           1  (LUT6=1)
  Clock Path Skew:        0.013ns (DCD - SCD - CPR)
    Destination Clock Delay (DCD):    0.913ns
    Source Clock Delay      (SCD):    0.642ns
    Clock Pessimism Removal (CPR):    0.258ns

    Location             Delay type                Incr(ns)  Path(ns)    Netlist Resource(s)
  -------------------------------------------------------------------    -------------------
                         (clock clk_out2_clk_wiz_0 rise edge)
                                                      0.000     0.000 r  
    BUFGCTRL_X0Y2        BUFG                         0.000     0.000 r  clk_IBUF_BUFG_inst/O
                         net (fo=105, routed)         0.745     0.745    Audio_Codec/audiocodec_master_clock/inst/clk_in1
    MMCME2_ADV_X1Y0      MMCME2_ADV (Prop_mmcme2_adv_CLKIN1_CLKOUT1)
                                                     -1.683    -0.938 r  Audio_Codec/audiocodec_master_clock/inst/mmcm_adv_inst/CLKOUT1
                         net (fo=1, routed)           0.912    -0.026    Audio_Codec/audiocodec_master_clock/inst/clk_out2_clk_wiz_0
    BUFGCTRL_X0Y1        BUFG (Prop_bufg_I_O)         0.026    -0.000 r  Audio_Codec/audiocodec_master_clock/inst/clkout2_buf/O
                         net (fo=115, routed)         0.642     0.642    Audio_Codec/initialize_audio/CLK
    SLICE_X163Y117       FDRE                                         r  Audio_Codec/initialize_audio/initWord_reg[10]/C
  -------------------------------------------------------------------    -------------------
    SLICE_X163Y117       FDRE (Prop_fdre_C_Q)         0.141     0.783 r  Audio_Codec/initialize_audio/initWord_reg[10]/Q
                         net (fo=1, routed)           0.056     0.839    Audio_Codec/initialize_audio/data2[2]
    SLICE_X162Y117       LUT6 (Prop_lut6_I3_O)        0.045     0.884 r  Audio_Codec/initialize_audio/data_i[2]_i_1/O
                         net (fo=1, routed)           0.000     0.884    Audio_Codec/initialize_audio/data_i[2]_i_1_n_0
    SLICE_X162Y117       FDRE                                         r  Audio_Codec/initialize_audio/data_i_reg[2]/D
  -------------------------------------------------------------------    -------------------

                         (clock clk_out2_clk_wiz_0 rise edge)
                                                      0.000     0.000 r  
    BUFGCTRL_X0Y2        BUFG                         0.000     0.000 r  clk_IBUF_BUFG_inst/O
                         net (fo=105, routed)         1.022     1.022    Audio_Codec/audiocodec_master_clock/inst/clk_in1
    MMCME2_ADV_X1Y0      MMCME2_ADV (Prop_mmcme2_adv_CLKIN1_CLKOUT1)
                                                     -2.040    -1.018 r  Audio_Codec/audiocodec_master_clock/inst/mmcm_adv_inst/CLKOUT1
                         net (fo=1, routed)           0.989    -0.029    Audio_Codec/audiocodec_master_clock/inst/clk_out2_clk_wiz_0
    BUFGCTRL_X0Y1        BUFG (Prop_bufg_I_O)         0.029    -0.000 r  Audio_Codec/audiocodec_master_clock/inst/clkout2_buf/O
                         net (fo=115, routed)         0.913     0.913    Audio_Codec/initialize_audio/CLK
    SLICE_X162Y117       FDRE                                         r  Audio_Codec/initialize_audio/data_i_reg[2]/C
                         clock pessimism             -0.258     0.655    
    SLICE_X162Y117       FDRE (Hold_fdre_C_D)         0.120     0.775    Audio_Codec/initialize_audio/data_i_reg[2]
  -------------------------------------------------------------------
                         required time                         -0.775    
                         arrival time                           0.884    
  -------------------------------------------------------------------
                         slack                                  0.109    

Slack (MET) :             0.132ns  (arrival time - required time)
  Source:                 Audio_Codec/initialize_audio/initWord_reg[15]/C
                            (rising edge-triggered cell FDRE clocked by clk_out2_clk_wiz_0  {rise@0.000ns fall@10.000ns period=20.000ns})
  Destination:            Audio_Codec/initialize_audio/data_i_reg[7]/D
                            (rising edge-triggered cell FDRE clocked by clk_out2_clk_wiz_0  {rise@0.000ns fall@10.000ns period=20.000ns})
  Path Group:             clk_out2_clk_wiz_0
  Path Type:              Hold (Min at Fast Process Corner)
  Requirement:            0.000ns  (clk_out2_clk_wiz_0 rise@0.000ns - clk_out2_clk_wiz_0 rise@0.000ns)
  Data Path Delay:        0.237ns  (logic 0.186ns (78.504%)  route 0.051ns (21.496%))
  Logic Levels:           1  (LUT6=1)
  Clock Path Skew:        0.013ns (DCD - SCD - CPR)
    Destination Clock Delay (DCD):    0.913ns
    Source Clock Delay      (SCD):    0.642ns
    Clock Pessimism Removal (CPR):    0.258ns

    Location             Delay type                Incr(ns)  Path(ns)    Netlist Resource(s)
  -------------------------------------------------------------------    -------------------
                         (clock clk_out2_clk_wiz_0 rise edge)
                                                      0.000     0.000 r  
    BUFGCTRL_X0Y2        BUFG                         0.000     0.000 r  clk_IBUF_BUFG_inst/O
                         net (fo=105, routed)         0.745     0.745    Audio_Codec/audiocodec_master_clock/inst/clk_in1
    MMCME2_ADV_X1Y0      MMCME2_ADV (Prop_mmcme2_adv_CLKIN1_CLKOUT1)
                                                     -1.683    -0.938 r  Audio_Codec/audiocodec_master_clock/inst/mmcm_adv_inst/CLKOUT1
                         net (fo=1, routed)           0.912    -0.026    Audio_Codec/audiocodec_master_clock/inst/clk_out2_clk_wiz_0
    BUFGCTRL_X0Y1        BUFG (Prop_bufg_I_O)         0.026    -0.000 r  Audio_Codec/audiocodec_master_clock/inst/clkout2_buf/O
                         net (fo=115, routed)         0.642     0.642    Audio_Codec/initialize_audio/CLK
    SLICE_X160Y117       FDRE                                         r  Audio_Codec/initialize_audio/initWord_reg[15]/C
  -------------------------------------------------------------------    -------------------
    SLICE_X160Y117       FDRE (Prop_fdre_C_Q)         0.141     0.783 r  Audio_Codec/initialize_audio/initWord_reg[15]/Q
                         net (fo=1, routed)           0.051     0.834    Audio_Codec/initialize_audio/data2[7]
    SLICE_X161Y117       LUT6 (Prop_lut6_I0_O)        0.045     0.879 r  Audio_Codec/initialize_audio/data_i[7]_i_1/O
                         net (fo=1, routed)           0.000     0.879    Audio_Codec/initialize_audio/data_i[7]_i_1_n_0
    SLICE_X161Y117       FDRE                                         r  Audio_Codec/initialize_audio/data_i_reg[7]/D
  -------------------------------------------------------------------    -------------------

                         (clock clk_out2_clk_wiz_0 rise edge)
                                                      0.000     0.000 r  
    BUFGCTRL_X0Y2        BUFG                         0.000     0.000 r  clk_IBUF_BUFG_inst/O
                         net (fo=105, routed)         1.022     1.022    Audio_Codec/audiocodec_master_clock/inst/clk_in1
    MMCME2_ADV_X1Y0      MMCME2_ADV (Prop_mmcme2_adv_CLKIN1_CLKOUT1)
                                                     -2.040    -1.018 r  Audio_Codec/audiocodec_master_clock/inst/mmcm_adv_inst/CLKOUT1
                         net (fo=1, routed)           0.989    -0.029    Audio_Codec/audiocodec_master_clock/inst/clk_out2_clk_wiz_0
    BUFGCTRL_X0Y1        BUFG (Prop_bufg_I_O)         0.029    -0.000 r  Audio_Codec/audiocodec_master_clock/inst/clkout2_buf/O
                         net (fo=115, routed)         0.913     0.913    Audio_Codec/initialize_audio/CLK
    SLICE_X161Y117       FDRE                                         r  Audio_Codec/initialize_audio/data_i_reg[7]/C
                         clock pessimism             -0.258     0.655    
    SLICE_X161Y117       FDRE (Hold_fdre_C_D)         0.092     0.747    Audio_Codec/initialize_audio/data_i_reg[7]
  -------------------------------------------------------------------
                         required time                         -0.747    
                         arrival time                           0.879    
  -------------------------------------------------------------------
                         slack                                  0.132    

Slack (MET) :             0.148ns  (arrival time - required time)
  Source:                 Audio_Codec/initialize_audio/data_i_reg[7]/C
                            (rising edge-triggered cell FDRE clocked by clk_out2_clk_wiz_0  {rise@0.000ns fall@10.000ns period=20.000ns})
  Destination:            Audio_Codec/initialize_audio/twi_controller/dataByte_reg[7]/D
                            (rising edge-triggered cell FDRE clocked by clk_out2_clk_wiz_0  {rise@0.000ns fall@10.000ns period=20.000ns})
  Path Group:             clk_out2_clk_wiz_0
  Path Type:              Hold (Min at Fast Process Corner)
  Requirement:            0.000ns  (clk_out2_clk_wiz_0 rise@0.000ns - clk_out2_clk_wiz_0 rise@0.000ns)
  Data Path Delay:        0.282ns  (logic 0.186ns (65.861%)  route 0.096ns (34.139%))
  Logic Levels:           1  (LUT4=1)
  Clock Path Skew:        0.013ns (DCD - SCD - CPR)
    Destination Clock Delay (DCD):    0.912ns
    Source Clock Delay      (SCD):    0.642ns
    Clock Pessimism Removal (CPR):    0.257ns

    Location             Delay type                Incr(ns)  Path(ns)    Netlist Resource(s)
  -------------------------------------------------------------------    -------------------
                         (clock clk_out2_clk_wiz_0 rise edge)
                                                      0.000     0.000 r  
    BUFGCTRL_X0Y2        BUFG                         0.000     0.000 r  clk_IBUF_BUFG_inst/O
                         net (fo=105, routed)         0.745     0.745    Audio_Codec/audiocodec_master_clock/inst/clk_in1
    MMCME2_ADV_X1Y0      MMCME2_ADV (Prop_mmcme2_adv_CLKIN1_CLKOUT1)
                                                     -1.683    -0.938 r  Audio_Codec/audiocodec_master_clock/inst/mmcm_adv_inst/CLKOUT1
                         net (fo=1, routed)           0.912    -0.026    Audio_Codec/audiocodec_master_clock/inst/clk_out2_clk_wiz_0
    BUFGCTRL_X0Y1        BUFG (Prop_bufg_I_O)         0.026    -0.000 r  Audio_Codec/audiocodec_master_clock/inst/clkout2_buf/O
                         net (fo=115, routed)         0.642     0.642    Audio_Codec/initialize_audio/CLK
    SLICE_X161Y117       FDRE                                         r  Audio_Codec/initialize_audio/data_i_reg[7]/C
  -------------------------------------------------------------------    -------------------
    SLICE_X161Y117       FDRE (Prop_fdre_C_Q)         0.141     0.783 r  Audio_Codec/initialize_audio/data_i_reg[7]/Q
                         net (fo=1, routed)           0.096     0.879    Audio_Codec/initialize_audio/twi_controller/Q[7]
    SLICE_X162Y118       LUT4 (Prop_lut4_I2_O)        0.045     0.924 r  Audio_Codec/initialize_audio/twi_controller/dataByte[7]_i_2/O
                         net (fo=1, routed)           0.000     0.924    Audio_Codec/initialize_audio/twi_controller/dataByte[7]_i_2_n_0
    SLICE_X162Y118       FDRE                                         r  Audio_Codec/initialize_audio/twi_controller/dataByte_reg[7]/D
  -------------------------------------------------------------------    -------------------

                         (clock clk_out2_clk_wiz_0 rise edge)
                                                      0.000     0.000 r  
    BUFGCTRL_X0Y2        BUFG                         0.000     0.000 r  clk_IBUF_BUFG_inst/O
                         net (fo=105, routed)         1.022     1.022    Audio_Codec/audiocodec_master_clock/inst/clk_in1
    MMCME2_ADV_X1Y0      MMCME2_ADV (Prop_mmcme2_adv_CLKIN1_CLKOUT1)
                                                     -2.040    -1.018 r  Audio_Codec/audiocodec_master_clock/inst/mmcm_adv_inst/CLKOUT1
                         net (fo=1, routed)           0.989    -0.029    Audio_Codec/audiocodec_master_clock/inst/clk_out2_clk_wiz_0
    BUFGCTRL_X0Y1        BUFG (Prop_bufg_I_O)         0.029    -0.000 r  Audio_Codec/audiocodec_master_clock/inst/clkout2_buf/O
                         net (fo=115, routed)         0.912     0.912    Audio_Codec/initialize_audio/twi_controller/CLK
    SLICE_X162Y118       FDRE                                         r  Audio_Codec/initialize_audio/twi_controller/dataByte_reg[7]/C
                         clock pessimism             -0.257     0.655    
    SLICE_X162Y118       FDRE (Hold_fdre_C_D)         0.121     0.776    Audio_Codec/initialize_audio/twi_controller/dataByte_reg[7]
  -------------------------------------------------------------------
                         required time                         -0.776    
                         arrival time                           0.924    
  -------------------------------------------------------------------
                         slack                                  0.148    

Slack (MET) :             0.177ns  (arrival time - required time)
  Source:                 Audio_Codec/initialize_audio/twi_controller/sclCnt_reg[0]/C
                            (rising edge-triggered cell FDSE clocked by clk_out2_clk_wiz_0  {rise@0.000ns fall@10.000ns period=20.000ns})
  Destination:            Audio_Codec/initialize_audio/twi_controller/sclCnt_reg[2]/D
                            (rising edge-triggered cell FDSE clocked by clk_out2_clk_wiz_0  {rise@0.000ns fall@10.000ns period=20.000ns})
  Path Group:             clk_out2_clk_wiz_0
  Path Type:              Hold (Min at Fast Process Corner)
  Requirement:            0.000ns  (clk_out2_clk_wiz_0 rise@0.000ns - clk_out2_clk_wiz_0 rise@0.000ns)
  Data Path Delay:        0.321ns  (logic 0.189ns (58.967%)  route 0.132ns (41.033%))
  Logic Levels:           1  (LUT3=1)
  Clock Path Skew:        0.013ns (DCD - SCD - CPR)
    Destination Clock Delay (DCD):    0.908ns
    Source Clock Delay      (SCD):    0.638ns
    Clock Pessimism Removal (CPR):    0.257ns

    Location             Delay type                Incr(ns)  Path(ns)    Netlist Resource(s)
  -------------------------------------------------------------------    -------------------
                         (clock clk_out2_clk_wiz_0 rise edge)
                                                      0.000     0.000 r  
    BUFGCTRL_X0Y2        BUFG                         0.000     0.000 r  clk_IBUF_BUFG_inst/O
                         net (fo=105, routed)         0.745     0.745    Audio_Codec/audiocodec_master_clock/inst/clk_in1
    MMCME2_ADV_X1Y0      MMCME2_ADV (Prop_mmcme2_adv_CLKIN1_CLKOUT1)
                                                     -1.683    -0.938 r  Audio_Codec/audiocodec_master_clock/inst/mmcm_adv_inst/CLKOUT1
                         net (fo=1, routed)           0.912    -0.026    Audio_Codec/audiocodec_master_clock/inst/clk_out2_clk_wiz_0
    BUFGCTRL_X0Y1        BUFG (Prop_bufg_I_O)         0.026    -0.000 r  Audio_Codec/audiocodec_master_clock/inst/clkout2_buf/O
                         net (fo=115, routed)         0.638     0.638    Audio_Codec/initialize_audio/twi_controller/CLK
    SLICE_X163Y122       FDSE                                         r  Audio_Codec/initialize_audio/twi_controller/sclCnt_reg[0]/C
  -------------------------------------------------------------------    -------------------
    SLICE_X163Y122       FDSE (Prop_fdse_C_Q)         0.141     0.779 r  Audio_Codec/initialize_audio/twi_controller/sclCnt_reg[0]/Q
                         net (fo=7, routed)           0.132     0.910    Audio_Codec/initialize_audio/twi_controller/sclCnt_reg[0]
    SLICE_X162Y122       LUT3 (Prop_lut3_I1_O)        0.048     0.958 r  Audio_Codec/initialize_audio/twi_controller/sclCnt[2]_i_1/O
                         net (fo=1, routed)           0.000     0.958    Audio_Codec/initialize_audio/twi_controller/sclCnt0[2]
    SLICE_X162Y122       FDSE                                         r  Audio_Codec/initialize_audio/twi_controller/sclCnt_reg[2]/D
  -------------------------------------------------------------------    -------------------

                         (clock clk_out2_clk_wiz_0 rise edge)
                                                      0.000     0.000 r  
    BUFGCTRL_X0Y2        BUFG                         0.000     0.000 r  clk_IBUF_BUFG_inst/O
                         net (fo=105, routed)         1.022     1.022    Audio_Codec/audiocodec_master_clock/inst/clk_in1
    MMCME2_ADV_X1Y0      MMCME2_ADV (Prop_mmcme2_adv_CLKIN1_CLKOUT1)
                                                     -2.040    -1.018 r  Audio_Codec/audiocodec_master_clock/inst/mmcm_adv_inst/CLKOUT1
                         net (fo=1, routed)           0.989    -0.029    Audio_Codec/audiocodec_master_clock/inst/clk_out2_clk_wiz_0
    BUFGCTRL_X0Y1        BUFG (Prop_bufg_I_O)         0.029    -0.000 r  Audio_Codec/audiocodec_master_clock/inst/clkout2_buf/O
                         net (fo=115, routed)         0.908     0.908    Audio_Codec/initialize_audio/twi_controller/CLK
    SLICE_X162Y122       FDSE                                         r  Audio_Codec/initialize_audio/twi_controller/sclCnt_reg[2]/C
                         clock pessimism             -0.257     0.651    
    SLICE_X162Y122       FDSE (Hold_fdse_C_D)         0.131     0.782    Audio_Codec/initialize_audio/twi_controller/sclCnt_reg[2]
  -------------------------------------------------------------------
                         required time                         -0.782    
                         arrival time                           0.958    
  -------------------------------------------------------------------
                         slack                                  0.177    

Slack (MET) :             0.179ns  (arrival time - required time)
  Source:                 Audio_Codec/initialize_audio/twi_controller/busFreeCnt_reg[0]/C
                            (rising edge-triggered cell FDSE clocked by clk_out2_clk_wiz_0  {rise@0.000ns fall@10.000ns period=20.000ns})
  Destination:            Audio_Codec/initialize_audio/twi_controller/busFreeCnt_reg[1]/D
                            (rising edge-triggered cell FDRE clocked by clk_out2_clk_wiz_0  {rise@0.000ns fall@10.000ns period=20.000ns})
  Path Group:             clk_out2_clk_wiz_0
  Path Type:              Hold (Min at Fast Process Corner)
  Requirement:            0.000ns  (clk_out2_clk_wiz_0 rise@0.000ns - clk_out2_clk_wiz_0 rise@0.000ns)
  Data Path Delay:        0.283ns  (logic 0.186ns (65.823%)  route 0.097ns (34.177%))
  Logic Levels:           1  (LUT2=1)
  Clock Path Skew:        0.013ns (DCD - SCD - CPR)
    Destination Clock Delay (DCD):    0.908ns
    Source Clock Delay      (SCD):    0.638ns
    Clock Pessimism Removal (CPR):    0.257ns

    Location             Delay type                Incr(ns)  Path(ns)    Netlist Resource(s)
  -------------------------------------------------------------------    -------------------
                         (clock clk_out2_clk_wiz_0 rise edge)
                                                      0.000     0.000 r  
    BUFGCTRL_X0Y2        BUFG                         0.000     0.000 r  clk_IBUF_BUFG_inst/O
                         net (fo=105, routed)         0.745     0.745    Audio_Codec/audiocodec_master_clock/inst/clk_in1
    MMCME2_ADV_X1Y0      MMCME2_ADV (Prop_mmcme2_adv_CLKIN1_CLKOUT1)
                                                     -1.683    -0.938 r  Audio_Codec/audiocodec_master_clock/inst/mmcm_adv_inst/CLKOUT1
                         net (fo=1, routed)           0.912    -0.026    Audio_Codec/audiocodec_master_clock/inst/clk_out2_clk_wiz_0
    BUFGCTRL_X0Y1        BUFG (Prop_bufg_I_O)         0.026    -0.000 r  Audio_Codec/audiocodec_master_clock/inst/clkout2_buf/O
                         net (fo=115, routed)         0.638     0.638    Audio_Codec/initialize_audio/twi_controller/CLK
    SLICE_X160Y122       FDSE                                         r  Audio_Codec/initialize_audio/twi_controller/busFreeCnt_reg[0]/C
  -------------------------------------------------------------------    -------------------
    SLICE_X160Y122       FDSE (Prop_fdse_C_Q)         0.141     0.779 r  Audio_Codec/initialize_audio/twi_controller/busFreeCnt_reg[0]/Q
                         net (fo=7, routed)           0.097     0.875    Audio_Codec/initialize_audio/twi_controller/busFreeCnt_reg[0]
    SLICE_X161Y122       LUT2 (Prop_lut2_I1_O)        0.045     0.920 r  Audio_Codec/initialize_audio/twi_controller/busFreeCnt[1]_i_1/O
                         net (fo=1, routed)           0.000     0.920    Audio_Codec/initialize_audio/twi_controller/busFreeCnt0[1]
    SLICE_X161Y122       FDRE                                         r  Audio_Codec/initialize_audio/twi_controller/busFreeCnt_reg[1]/D
  -------------------------------------------------------------------    -------------------

                         (clock clk_out2_clk_wiz_0 rise edge)
                                                      0.000     0.000 r  
    BUFGCTRL_X0Y2        BUFG                         0.000     0.000 r  clk_IBUF_BUFG_inst/O
                         net (fo=105, routed)         1.022     1.022    Audio_Codec/audiocodec_master_clock/inst/clk_in1
    MMCME2_ADV_X1Y0      MMCME2_ADV (Prop_mmcme2_adv_CLKIN1_CLKOUT1)
                                                     -2.040    -1.018 r  Audio_Codec/audiocodec_master_clock/inst/mmcm_adv_inst/CLKOUT1
                         net (fo=1, routed)           0.989    -0.029    Audio_Codec/audiocodec_master_clock/inst/clk_out2_clk_wiz_0
    BUFGCTRL_X0Y1        BUFG (Prop_bufg_I_O)         0.029    -0.000 r  Audio_Codec/audiocodec_master_clock/inst/clkout2_buf/O
                         net (fo=115, routed)         0.908     0.908    Audio_Codec/initialize_audio/twi_controller/CLK
    SLICE_X161Y122       FDRE                                         r  Audio_Codec/initialize_audio/twi_controller/busFreeCnt_reg[1]/C
                         clock pessimism             -0.257     0.651    
    SLICE_X161Y122       FDRE (Hold_fdre_C_D)         0.091     0.742    Audio_Codec/initialize_audio/twi_controller/busFreeCnt_reg[1]
  -------------------------------------------------------------------
                         required time                         -0.742    
                         arrival time                           0.920    
  -------------------------------------------------------------------
                         slack                                  0.179    

Slack (MET) :             0.181ns  (arrival time - required time)
  Source:                 Audio_Codec/initialize_audio/twi_controller/sclCnt_reg[0]/C
                            (rising edge-triggered cell FDSE clocked by clk_out2_clk_wiz_0  {rise@0.000ns fall@10.000ns period=20.000ns})
  Destination:            Audio_Codec/initialize_audio/twi_controller/sclCnt_reg[4]/D
                            (rising edge-triggered cell FDSE clocked by clk_out2_clk_wiz_0  {rise@0.000ns fall@10.000ns period=20.000ns})
  Path Group:             clk_out2_clk_wiz_0
  Path Type:              Hold (Min at Fast Process Corner)
  Requirement:            0.000ns  (clk_out2_clk_wiz_0 rise@0.000ns - clk_out2_clk_wiz_0 rise@0.000ns)
  Data Path Delay:        0.325ns  (logic 0.189ns (58.240%)  route 0.136ns (41.760%))
  Logic Levels:           1  (LUT5=1)
  Clock Path Skew:        0.013ns (DCD - SCD - CPR)
    Destination Clock Delay (DCD):    0.908ns
    Source Clock Delay      (SCD):    0.638ns
    Clock Pessimism Removal (CPR):    0.257ns

    Location             Delay type                Incr(ns)  Path(ns)    Netlist Resource(s)
  -------------------------------------------------------------------    -------------------
                         (clock clk_out2_clk_wiz_0 rise edge)
                                                      0.000     0.000 r  
    BUFGCTRL_X0Y2        BUFG                         0.000     0.000 r  clk_IBUF_BUFG_inst/O
                         net (fo=105, routed)         0.745     0.745    Audio_Codec/audiocodec_master_clock/inst/clk_in1
    MMCME2_ADV_X1Y0      MMCME2_ADV (Prop_mmcme2_adv_CLKIN1_CLKOUT1)
                                                     -1.683    -0.938 r  Audio_Codec/audiocodec_master_clock/inst/mmcm_adv_inst/CLKOUT1
                         net (fo=1, routed)           0.912    -0.026    Audio_Codec/audiocodec_master_clock/inst/clk_out2_clk_wiz_0
    BUFGCTRL_X0Y1        BUFG (Prop_bufg_I_O)         0.026    -0.000 r  Audio_Codec/audiocodec_master_clock/inst/clkout2_buf/O
                         net (fo=115, routed)         0.638     0.638    Audio_Codec/initialize_audio/twi_controller/CLK
    SLICE_X163Y122       FDSE                                         r  Audio_Codec/initialize_audio/twi_controller/sclCnt_reg[0]/C
  -------------------------------------------------------------------    -------------------
    SLICE_X163Y122       FDSE (Prop_fdse_C_Q)         0.141     0.779 r  Audio_Codec/initialize_audio/twi_controller/sclCnt_reg[0]/Q
                         net (fo=7, routed)           0.136     0.914    Audio_Codec/initialize_audio/twi_controller/sclCnt_reg[0]
    SLICE_X162Y122       LUT5 (Prop_lut5_I2_O)        0.048     0.962 r  Audio_Codec/initialize_audio/twi_controller/sclCnt[4]_i_1/O
                         net (fo=1, routed)           0.000     0.962    Audio_Codec/initialize_audio/twi_controller/sclCnt0[4]
    SLICE_X162Y122       FDSE                                         r  Audio_Codec/initialize_audio/twi_controller/sclCnt_reg[4]/D
  -------------------------------------------------------------------    -------------------

                         (clock clk_out2_clk_wiz_0 rise edge)
                                                      0.000     0.000 r  
    BUFGCTRL_X0Y2        BUFG                         0.000     0.000 r  clk_IBUF_BUFG_inst/O
                         net (fo=105, routed)         1.022     1.022    Audio_Codec/audiocodec_master_clock/inst/clk_in1
    MMCME2_ADV_X1Y0      MMCME2_ADV (Prop_mmcme2_adv_CLKIN1_CLKOUT1)
                                                     -2.040    -1.018 r  Audio_Codec/audiocodec_master_clock/inst/mmcm_adv_inst/CLKOUT1
                         net (fo=1, routed)           0.989    -0.029    Audio_Codec/audiocodec_master_clock/inst/clk_out2_clk_wiz_0
    BUFGCTRL_X0Y1        BUFG (Prop_bufg_I_O)         0.029    -0.000 r  Audio_Codec/audiocodec_master_clock/inst/clkout2_buf/O
                         net (fo=115, routed)         0.908     0.908    Audio_Codec/initialize_audio/twi_controller/CLK
    SLICE_X162Y122       FDSE                                         r  Audio_Codec/initialize_audio/twi_controller/sclCnt_reg[4]/C
                         clock pessimism             -0.257     0.651    
    SLICE_X162Y122       FDSE (Hold_fdse_C_D)         0.131     0.782    Audio_Codec/initialize_audio/twi_controller/sclCnt_reg[4]
  -------------------------------------------------------------------
                         required time                         -0.782    
                         arrival time                           0.962    
  -------------------------------------------------------------------
                         slack                                  0.181    

Slack (MET) :             0.185ns  (arrival time - required time)
  Source:                 Audio_Codec/initialize_audio/twi_controller/sclCnt_reg[0]/C
                            (rising edge-triggered cell FDSE clocked by clk_out2_clk_wiz_0  {rise@0.000ns fall@10.000ns period=20.000ns})
  Destination:            Audio_Codec/initialize_audio/twi_controller/sclCnt_reg[1]/D
                            (rising edge-triggered cell FDSE clocked by clk_out2_clk_wiz_0  {rise@0.000ns fall@10.000ns period=20.000ns})
  Path Group:             clk_out2_clk_wiz_0
  Path Type:              Hold (Min at Fast Process Corner)
  Requirement:            0.000ns  (clk_out2_clk_wiz_0 rise@0.000ns - clk_out2_clk_wiz_0 rise@0.000ns)
  Data Path Delay:        0.318ns  (logic 0.186ns (58.579%)  route 0.132ns (41.421%))
  Logic Levels:           1  (LUT2=1)
  Clock Path Skew:        0.013ns (DCD - SCD - CPR)
    Destination Clock Delay (DCD):    0.908ns
    Source Clock Delay      (SCD):    0.638ns
    Clock Pessimism Removal (CPR):    0.257ns

    Location             Delay type                Incr(ns)  Path(ns)    Netlist Resource(s)
  -------------------------------------------------------------------    -------------------
                         (clock clk_out2_clk_wiz_0 rise edge)
                                                      0.000     0.000 r  
    BUFGCTRL_X0Y2        BUFG                         0.000     0.000 r  clk_IBUF_BUFG_inst/O
                         net (fo=105, routed)         0.745     0.745    Audio_Codec/audiocodec_master_clock/inst/clk_in1
    MMCME2_ADV_X1Y0      MMCME2_ADV (Prop_mmcme2_adv_CLKIN1_CLKOUT1)
                                                     -1.683    -0.938 r  Audio_Codec/audiocodec_master_clock/inst/mmcm_adv_inst/CLKOUT1
                         net (fo=1, routed)           0.912    -0.026    Audio_Codec/audiocodec_master_clock/inst/clk_out2_clk_wiz_0
    BUFGCTRL_X0Y1        BUFG (Prop_bufg_I_O)         0.026    -0.000 r  Audio_Codec/audiocodec_master_clock/inst/clkout2_buf/O
                         net (fo=115, routed)         0.638     0.638    Audio_Codec/initialize_audio/twi_controller/CLK
    SLICE_X163Y122       FDSE                                         r  Audio_Codec/initialize_audio/twi_controller/sclCnt_reg[0]/C
  -------------------------------------------------------------------    -------------------
    SLICE_X163Y122       FDSE (Prop_fdse_C_Q)         0.141     0.779 r  Audio_Codec/initialize_audio/twi_controller/sclCnt_reg[0]/Q
                         net (fo=7, routed)           0.132     0.910    Audio_Codec/initialize_audio/twi_controller/sclCnt_reg[0]
    SLICE_X162Y122       LUT2 (Prop_lut2_I1_O)        0.045     0.955 r  Audio_Codec/initialize_audio/twi_controller/sclCnt[1]_i_1/O
                         net (fo=1, routed)           0.000     0.955    Audio_Codec/initialize_audio/twi_controller/sclCnt0[1]
    SLICE_X162Y122       FDSE                                         r  Audio_Codec/initialize_audio/twi_controller/sclCnt_reg[1]/D
  -------------------------------------------------------------------    -------------------

                         (clock clk_out2_clk_wiz_0 rise edge)
                                                      0.000     0.000 r  
    BUFGCTRL_X0Y2        BUFG                         0.000     0.000 r  clk_IBUF_BUFG_inst/O
                         net (fo=105, routed)         1.022     1.022    Audio_Codec/audiocodec_master_clock/inst/clk_in1
    MMCME2_ADV_X1Y0      MMCME2_ADV (Prop_mmcme2_adv_CLKIN1_CLKOUT1)
                                                     -2.040    -1.018 r  Audio_Codec/audiocodec_master_clock/inst/mmcm_adv_inst/CLKOUT1
                         net (fo=1, routed)           0.989    -0.029    Audio_Codec/audiocodec_master_clock/inst/clk_out2_clk_wiz_0
    BUFGCTRL_X0Y1        BUFG (Prop_bufg_I_O)         0.029    -0.000 r  Audio_Codec/audiocodec_master_clock/inst/clkout2_buf/O
                         net (fo=115, routed)         0.908     0.908    Audio_Codec/initialize_audio/twi_controller/CLK
    SLICE_X162Y122       FDSE                                         r  Audio_Codec/initialize_audio/twi_controller/sclCnt_reg[1]/C
                         clock pessimism             -0.257     0.651    
    SLICE_X162Y122       FDSE (Hold_fdse_C_D)         0.120     0.771    Audio_Codec/initialize_audio/twi_controller/sclCnt_reg[1]
  -------------------------------------------------------------------
                         required time                         -0.771    
                         arrival time                           0.955    
  -------------------------------------------------------------------
                         slack                                  0.185    

Slack (MET) :             0.188ns  (arrival time - required time)
  Source:                 Audio_Codec/initialize_audio/twi_controller/sclCnt_reg[0]/C
                            (rising edge-triggered cell FDSE clocked by clk_out2_clk_wiz_0  {rise@0.000ns fall@10.000ns period=20.000ns})
  Destination:            Audio_Codec/initialize_audio/twi_controller/sclCnt_reg[3]/D
                            (rising edge-triggered cell FDSE clocked by clk_out2_clk_wiz_0  {rise@0.000ns fall@10.000ns period=20.000ns})
  Path Group:             clk_out2_clk_wiz_0
  Path Type:              Hold (Min at Fast Process Corner)
  Requirement:            0.000ns  (clk_out2_clk_wiz_0 rise@0.000ns - clk_out2_clk_wiz_0 rise@0.000ns)
  Data Path Delay:        0.322ns  (logic 0.186ns (57.850%)  route 0.136ns (42.150%))
  Logic Levels:           1  (LUT4=1)
  Clock Path Skew:        0.013ns (DCD - SCD - CPR)
    Destination Clock Delay (DCD):    0.908ns
    Source Clock Delay      (SCD):    0.638ns
    Clock Pessimism Removal (CPR):    0.257ns

    Location             Delay type                Incr(ns)  Path(ns)    Netlist Resource(s)
  -------------------------------------------------------------------    -------------------
                         (clock clk_out2_clk_wiz_0 rise edge)
                                                      0.000     0.000 r  
    BUFGCTRL_X0Y2        BUFG                         0.000     0.000 r  clk_IBUF_BUFG_inst/O
                         net (fo=105, routed)         0.745     0.745    Audio_Codec/audiocodec_master_clock/inst/clk_in1
    MMCME2_ADV_X1Y0      MMCME2_ADV (Prop_mmcme2_adv_CLKIN1_CLKOUT1)
                                                     -1.683    -0.938 r  Audio_Codec/audiocodec_master_clock/inst/mmcm_adv_inst/CLKOUT1
                         net (fo=1, routed)           0.912    -0.026    Audio_Codec/audiocodec_master_clock/inst/clk_out2_clk_wiz_0
    BUFGCTRL_X0Y1        BUFG (Prop_bufg_I_O)         0.026    -0.000 r  Audio_Codec/audiocodec_master_clock/inst/clkout2_buf/O
                         net (fo=115, routed)         0.638     0.638    Audio_Codec/initialize_audio/twi_controller/CLK
    SLICE_X163Y122       FDSE                                         r  Audio_Codec/initialize_audio/twi_controller/sclCnt_reg[0]/C
  -------------------------------------------------------------------    -------------------
    SLICE_X163Y122       FDSE (Prop_fdse_C_Q)         0.141     0.779 r  Audio_Codec/initialize_audio/twi_controller/sclCnt_reg[0]/Q
                         net (fo=7, routed)           0.136     0.914    Audio_Codec/initialize_audio/twi_controller/sclCnt_reg[0]
    SLICE_X162Y122       LUT4 (Prop_lut4_I1_O)        0.045     0.959 r  Audio_Codec/initialize_audio/twi_controller/sclCnt[3]_i_1/O
                         net (fo=1, routed)           0.000     0.959    Audio_Codec/initialize_audio/twi_controller/sclCnt0[3]
    SLICE_X162Y122       FDSE                                         r  Audio_Codec/initialize_audio/twi_controller/sclCnt_reg[3]/D
  -------------------------------------------------------------------    -------------------

                         (clock clk_out2_clk_wiz_0 rise edge)
                                                      0.000     0.000 r  
    BUFGCTRL_X0Y2        BUFG                         0.000     0.000 r  clk_IBUF_BUFG_inst/O
                         net (fo=105, routed)         1.022     1.022    Audio_Codec/audiocodec_master_clock/inst/clk_in1
    MMCME2_ADV_X1Y0      MMCME2_ADV (Prop_mmcme2_adv_CLKIN1_CLKOUT1)
                                                     -2.040    -1.018 r  Audio_Codec/audiocodec_master_clock/inst/mmcm_adv_inst/CLKOUT1
                         net (fo=1, routed)           0.989    -0.029    Audio_Codec/audiocodec_master_clock/inst/clk_out2_clk_wiz_0
    BUFGCTRL_X0Y1        BUFG (Prop_bufg_I_O)         0.029    -0.000 r  Audio_Codec/audiocodec_master_clock/inst/clkout2_buf/O
                         net (fo=115, routed)         0.908     0.908    Audio_Codec/initialize_audio/twi_controller/CLK
    SLICE_X162Y122       FDSE                                         r  Audio_Codec/initialize_audio/twi_controller/sclCnt_reg[3]/C
                         clock pessimism             -0.257     0.651    
    SLICE_X162Y122       FDSE (Hold_fdse_C_D)         0.121     0.772    Audio_Codec/initialize_audio/twi_controller/sclCnt_reg[3]
  -------------------------------------------------------------------
                         required time                         -0.772    
                         arrival time                           0.959    
  -------------------------------------------------------------------
                         slack                                  0.188    

Slack (MET) :             0.197ns  (arrival time - required time)
  Source:                 Audio_Codec/initialize_audio/twi_controller/dataByte_reg[3]/C
                            (rising edge-triggered cell FDRE clocked by clk_out2_clk_wiz_0  {rise@0.000ns fall@10.000ns period=20.000ns})
  Destination:            Audio_Codec/initialize_audio/twi_controller/dataByte_reg[4]/D
                            (rising edge-triggered cell FDRE clocked by clk_out2_clk_wiz_0  {rise@0.000ns fall@10.000ns period=20.000ns})
  Path Group:             clk_out2_clk_wiz_0
  Path Type:              Hold (Min at Fast Process Corner)
  Requirement:            0.000ns  (clk_out2_clk_wiz_0 rise@0.000ns - clk_out2_clk_wiz_0 rise@0.000ns)
  Data Path Delay:        0.330ns  (logic 0.186ns (56.334%)  route 0.144ns (43.666%))
  Logic Levels:           1  (LUT4=1)
  Clock Path Skew:        0.013ns (DCD - SCD - CPR)
    Destination Clock Delay (DCD):    0.912ns
    Source Clock Delay      (SCD):    0.641ns
    Clock Pessimism Removal (CPR):    0.258ns

    Location             Delay type                Incr(ns)  Path(ns)    Netlist Resource(s)
  -------------------------------------------------------------------    -------------------
                         (clock clk_out2_clk_wiz_0 rise edge)
                                                      0.000     0.000 r  
    BUFGCTRL_X0Y2        BUFG                         0.000     0.000 r  clk_IBUF_BUFG_inst/O
                         net (fo=105, routed)         0.745     0.745    Audio_Codec/audiocodec_master_clock/inst/clk_in1
    MMCME2_ADV_X1Y0      MMCME2_ADV (Prop_mmcme2_adv_CLKIN1_CLKOUT1)
                                                     -1.683    -0.938 r  Audio_Codec/audiocodec_master_clock/inst/mmcm_adv_inst/CLKOUT1
                         net (fo=1, routed)           0.912    -0.026    Audio_Codec/audiocodec_master_clock/inst/clk_out2_clk_wiz_0
    BUFGCTRL_X0Y1        BUFG (Prop_bufg_I_O)         0.026    -0.000 r  Audio_Codec/audiocodec_master_clock/inst/clkout2_buf/O
                         net (fo=115, routed)         0.641     0.641    Audio_Codec/initialize_audio/twi_controller/CLK
    SLICE_X163Y118       FDRE                                         r  Audio_Codec/initialize_audio/twi_controller/dataByte_reg[3]/C
  -------------------------------------------------------------------    -------------------
    SLICE_X163Y118       FDRE (Prop_fdre_C_Q)         0.141     0.782 r  Audio_Codec/initialize_audio/twi_controller/dataByte_reg[3]/Q
                         net (fo=1, routed)           0.144     0.926    Audio_Codec/initialize_audio/twi_controller/dataByte[3]
    SLICE_X162Y118       LUT4 (Prop_lut4_I3_O)        0.045     0.971 r  Audio_Codec/initialize_audio/twi_controller/dataByte[4]_i_1/O
                         net (fo=1, routed)           0.000     0.971    Audio_Codec/initialize_audio/twi_controller/dataByte[4]_i_1_n_0
    SLICE_X162Y118       FDRE                                         r  Audio_Codec/initialize_audio/twi_controller/dataByte_reg[4]/D
  -------------------------------------------------------------------    -------------------

                         (clock clk_out2_clk_wiz_0 rise edge)
                                                      0.000     0.000 r  
    BUFGCTRL_X0Y2        BUFG                         0.000     0.000 r  clk_IBUF_BUFG_inst/O
                         net (fo=105, routed)         1.022     1.022    Audio_Codec/audiocodec_master_clock/inst/clk_in1
    MMCME2_ADV_X1Y0      MMCME2_ADV (Prop_mmcme2_adv_CLKIN1_CLKOUT1)
                                                     -2.040    -1.018 r  Audio_Codec/audiocodec_master_clock/inst/mmcm_adv_inst/CLKOUT1
                         net (fo=1, routed)           0.989    -0.029    Audio_Codec/audiocodec_master_clock/inst/clk_out2_clk_wiz_0
    BUFGCTRL_X0Y1        BUFG (Prop_bufg_I_O)         0.029    -0.000 r  Audio_Codec/audiocodec_master_clock/inst/clkout2_buf/O
                         net (fo=115, routed)         0.912     0.912    Audio_Codec/initialize_audio/twi_controller/CLK
    SLICE_X162Y118       FDRE                                         r  Audio_Codec/initialize_audio/twi_controller/dataByte_reg[4]/C
                         clock pessimism             -0.258     0.654    
    SLICE_X162Y118       FDRE (Hold_fdre_C_D)         0.120     0.774    Audio_Codec/initialize_audio/twi_controller/dataByte_reg[4]
  -------------------------------------------------------------------
                         required time                         -0.774    
                         arrival time                           0.971    
  -------------------------------------------------------------------
                         slack                                  0.197    

Slack (MET) :             0.197ns  (arrival time - required time)
  Source:                 Audio_Codec/initialize_audio/initWord_reg[21]/C
                            (rising edge-triggered cell FDRE clocked by clk_out2_clk_wiz_0  {rise@0.000ns fall@10.000ns period=20.000ns})
  Destination:            Audio_Codec/initialize_audio/data_i_reg[5]/D
                            (rising edge-triggered cell FDRE clocked by clk_out2_clk_wiz_0  {rise@0.000ns fall@10.000ns period=20.000ns})
  Path Group:             clk_out2_clk_wiz_0
  Path Type:              Hold (Min at Fast Process Corner)
  Requirement:            0.000ns  (clk_out2_clk_wiz_0 rise@0.000ns - clk_out2_clk_wiz_0 rise@0.000ns)
  Data Path Delay:        0.331ns  (logic 0.209ns (63.083%)  route 0.122ns (36.917%))
  Logic Levels:           1  (LUT6=1)
  Clock Path Skew:        0.013ns (DCD - SCD - CPR)
    Destination Clock Delay (DCD):    0.913ns
    Source Clock Delay      (SCD):    0.643ns
    Clock Pessimism Removal (CPR):    0.257ns

    Location             Delay type                Incr(ns)  Path(ns)    Netlist Resource(s)
  -------------------------------------------------------------------    -------------------
                         (clock clk_out2_clk_wiz_0 rise edge)
                                                      0.000     0.000 r  
    BUFGCTRL_X0Y2        BUFG                         0.000     0.000 r  clk_IBUF_BUFG_inst/O
                         net (fo=105, routed)         0.745     0.745    Audio_Codec/audiocodec_master_clock/inst/clk_in1
    MMCME2_ADV_X1Y0      MMCME2_ADV (Prop_mmcme2_adv_CLKIN1_CLKOUT1)
                                                     -1.683    -0.938 r  Audio_Codec/audiocodec_master_clock/inst/mmcm_adv_inst/CLKOUT1
                         net (fo=1, routed)           0.912    -0.026    Audio_Codec/audiocodec_master_clock/inst/clk_out2_clk_wiz_0
    BUFGCTRL_X0Y1        BUFG (Prop_bufg_I_O)         0.026    -0.000 r  Audio_Codec/audiocodec_master_clock/inst/clkout2_buf/O
                         net (fo=115, routed)         0.643     0.643    Audio_Codec/initialize_audio/CLK
    SLICE_X162Y116       FDRE                                         r  Audio_Codec/initialize_audio/initWord_reg[21]/C
  -------------------------------------------------------------------    -------------------
    SLICE_X162Y116       FDRE (Prop_fdre_C_Q)         0.164     0.807 r  Audio_Codec/initialize_audio/initWord_reg[21]/Q
                         net (fo=2, routed)           0.122     0.929    Audio_Codec/initialize_audio/data1[5]
    SLICE_X162Y117       LUT6 (Prop_lut6_I1_O)        0.045     0.974 r  Audio_Codec/initialize_audio/data_i[5]_i_1/O
                         net (fo=1, routed)           0.000     0.974    Audio_Codec/initialize_audio/data_i[5]_i_1_n_0
    SLICE_X162Y117       FDRE                                         r  Audio_Codec/initialize_audio/data_i_reg[5]/D
  -------------------------------------------------------------------    -------------------

                         (clock clk_out2_clk_wiz_0 rise edge)
                                                      0.000     0.000 r  
    BUFGCTRL_X0Y2        BUFG                         0.000     0.000 r  clk_IBUF_BUFG_inst/O
                         net (fo=105, routed)         1.022     1.022    Audio_Codec/audiocodec_master_clock/inst/clk_in1
    MMCME2_ADV_X1Y0      MMCME2_ADV (Prop_mmcme2_adv_CLKIN1_CLKOUT1)
                                                     -2.040    -1.018 r  Audio_Codec/audiocodec_master_clock/inst/mmcm_adv_inst/CLKOUT1
                         net (fo=1, routed)           0.989    -0.029    Audio_Codec/audiocodec_master_clock/inst/clk_out2_clk_wiz_0
    BUFGCTRL_X0Y1        BUFG (Prop_bufg_I_O)         0.029    -0.000 r  Audio_Codec/audiocodec_master_clock/inst/clkout2_buf/O
                         net (fo=115, routed)         0.913     0.913    Audio_Codec/initialize_audio/CLK
    SLICE_X162Y117       FDRE                                         r  Audio_Codec/initialize_audio/data_i_reg[5]/C
                         clock pessimism             -0.257     0.656    
    SLICE_X162Y117       FDRE (Hold_fdre_C_D)         0.121     0.777    Audio_Codec/initialize_audio/data_i_reg[5]
  -------------------------------------------------------------------
                         required time                         -0.777    
                         arrival time                           0.974    
  -------------------------------------------------------------------
                         slack                                  0.197    





Pulse Width Checks
--------------------------------------------------------------------------------------
Clock Name:         clk_out2_clk_wiz_0
Waveform(ns):       { 0.000 10.000 }
Period(ns):         20.000
Sources:            { Audio_Codec/audiocodec_master_clock/inst/mmcm_adv_inst/CLKOUT1 }

Check Type        Corner  Lib Pin             Reference Pin  Required(ns)  Actual(ns)  Slack(ns)  Location         Pin
Min Period        n/a     BUFG/I              n/a            2.155         20.000      17.845     BUFGCTRL_X0Y1    Audio_Codec/audiocodec_master_clock/inst/clkout2_buf/I
Min Period        n/a     MMCME2_ADV/CLKOUT1  n/a            1.249         20.000      18.751     MMCME2_ADV_X1Y0  Audio_Codec/audiocodec_master_clock/inst/mmcm_adv_inst/CLKOUT1
Min Period        n/a     FDRE/C              n/a            1.000         20.000      19.000     SLICE_X160Y118   Audio_Codec/initialize_audio/data_i_reg[0]/C
Min Period        n/a     FDRE/C              n/a            1.000         20.000      19.000     SLICE_X159Y117   Audio_Codec/initialize_audio/data_i_reg[1]/C
Min Period        n/a     FDRE/C              n/a            1.000         20.000      19.000     SLICE_X162Y117   Audio_Codec/initialize_audio/data_i_reg[2]/C
Min Period        n/a     FDRE/C              n/a            1.000         20.000      19.000     SLICE_X162Y117   Audio_Codec/initialize_audio/data_i_reg[3]/C
Min Period        n/a     FDRE/C              n/a            1.000         20.000      19.000     SLICE_X161Y117   Audio_Codec/initialize_audio/data_i_reg[4]/C
Min Period        n/a     FDRE/C              n/a            1.000         20.000      19.000     SLICE_X162Y117   Audio_Codec/initialize_audio/data_i_reg[5]/C
Min Period        n/a     FDRE/C              n/a            1.000         20.000      19.000     SLICE_X162Y117   Audio_Codec/initialize_audio/data_i_reg[6]/C
Min Period        n/a     FDRE/C              n/a            1.000         20.000      19.000     SLICE_X161Y117   Audio_Codec/initialize_audio/data_i_reg[7]/C
Max Period        n/a     MMCME2_ADV/CLKOUT1  n/a            213.360       20.000      193.360    MMCME2_ADV_X1Y0  Audio_Codec/audiocodec_master_clock/inst/mmcm_adv_inst/CLKOUT1
Low Pulse Width   Slow    FDRE/C              n/a            0.500         10.000      9.500      SLICE_X160Y118   Audio_Codec/initialize_audio/data_i_reg[0]/C
Low Pulse Width   Fast    FDRE/C              n/a            0.500         10.000      9.500      SLICE_X160Y118   Audio_Codec/initialize_audio/data_i_reg[0]/C
Low Pulse Width   Slow    FDRE/C              n/a            0.500         10.000      9.500      SLICE_X159Y117   Audio_Codec/initialize_audio/data_i_reg[1]/C
Low Pulse Width   Fast    FDRE/C              n/a            0.500         10.000      9.500      SLICE_X159Y117   Audio_Codec/initialize_audio/data_i_reg[1]/C
Low Pulse Width   Slow    FDRE/C              n/a            0.500         10.000      9.500      SLICE_X162Y117   Audio_Codec/initialize_audio/data_i_reg[2]/C
Low Pulse Width   Fast    FDRE/C              n/a            0.500         10.000      9.500      SLICE_X162Y117   Audio_Codec/initialize_audio/data_i_reg[2]/C
Low Pulse Width   Slow    FDRE/C              n/a            0.500         10.000      9.500      SLICE_X162Y117   Audio_Codec/initialize_audio/data_i_reg[3]/C
Low Pulse Width   Fast    FDRE/C              n/a            0.500         10.000      9.500      SLICE_X162Y117   Audio_Codec/initialize_audio/data_i_reg[3]/C
Low Pulse Width   Slow    FDRE/C              n/a            0.500         10.000      9.500      SLICE_X161Y117   Audio_Codec/initialize_audio/data_i_reg[4]/C
Low Pulse Width   Fast    FDRE/C              n/a            0.500         10.000      9.500      SLICE_X161Y117   Audio_Codec/initialize_audio/data_i_reg[4]/C
High Pulse Width  Slow    FDRE/C              n/a            0.500         10.000      9.500      SLICE_X160Y118   Audio_Codec/initialize_audio/data_i_reg[0]/C
High Pulse Width  Fast    FDRE/C              n/a            0.500         10.000      9.500      SLICE_X160Y118   Audio_Codec/initialize_audio/data_i_reg[0]/C
High Pulse Width  Slow    FDRE/C              n/a            0.500         10.000      9.500      SLICE_X159Y117   Audio_Codec/initialize_audio/data_i_reg[1]/C
High Pulse Width  Fast    FDRE/C              n/a            0.500         10.000      9.500      SLICE_X159Y117   Audio_Codec/initialize_audio/data_i_reg[1]/C
High Pulse Width  Slow    FDRE/C              n/a            0.500         10.000      9.500      SLICE_X162Y117   Audio_Codec/initialize_audio/data_i_reg[2]/C
High Pulse Width  Fast    FDRE/C              n/a            0.500         10.000      9.500      SLICE_X162Y117   Audio_Codec/initialize_audio/data_i_reg[2]/C
High Pulse Width  Slow    FDRE/C              n/a            0.500         10.000      9.500      SLICE_X162Y117   Audio_Codec/initialize_audio/data_i_reg[3]/C
High Pulse Width  Fast    FDRE/C              n/a            0.500         10.000      9.500      SLICE_X162Y117   Audio_Codec/initialize_audio/data_i_reg[3]/C
High Pulse Width  Slow    FDRE/C              n/a            0.500         10.000      9.500      SLICE_X161Y117   Audio_Codec/initialize_audio/data_i_reg[4]/C
High Pulse Width  Fast    FDRE/C              n/a            0.500         10.000      9.500      SLICE_X161Y117   Audio_Codec/initialize_audio/data_i_reg[4]/C



---------------------------------------------------------------------------------------------------
From Clock:  clkfbout_clk_wiz_0
  To Clock:  clkfbout_clk_wiz_0

Setup :           NA  Failing Endpoints,  Worst Slack           NA  ,  Total Violation           NA
Hold  :           NA  Failing Endpoints,  Worst Slack           NA  ,  Total Violation           NA
PW    :            0  Failing Endpoints,  Worst Slack        7.845ns,  Total Violation        0.000ns
---------------------------------------------------------------------------------------------------


Pulse Width Checks
--------------------------------------------------------------------------------------
Clock Name:         clkfbout_clk_wiz_0
Waveform(ns):       { 0.000 5.000 }
Period(ns):         10.000
Sources:            { Audio_Codec/audiocodec_master_clock/inst/mmcm_adv_inst/CLKFBOUT }

Check Type  Corner  Lib Pin              Reference Pin  Required(ns)  Actual(ns)  Slack(ns)  Location         Pin
Min Period  n/a     BUFG/I               n/a            2.155         10.000      7.845      BUFGCTRL_X0Y3    Audio_Codec/audiocodec_master_clock/inst/clkf_buf/I
Min Period  n/a     MMCME2_ADV/CLKFBOUT  n/a            1.249         10.000      8.751      MMCME2_ADV_X1Y0  Audio_Codec/audiocodec_master_clock/inst/mmcm_adv_inst/CLKFBOUT
Min Period  n/a     MMCME2_ADV/CLKFBIN   n/a            1.249         10.000      8.751      MMCME2_ADV_X1Y0  Audio_Codec/audiocodec_master_clock/inst/mmcm_adv_inst/CLKFBIN
Max Period  n/a     MMCME2_ADV/CLKFBIN   n/a            100.000       10.000      90.000     MMCME2_ADV_X1Y0  Audio_Codec/audiocodec_master_clock/inst/mmcm_adv_inst/CLKFBIN
Max Period  n/a     MMCME2_ADV/CLKFBOUT  n/a            213.360       10.000      203.360    MMCME2_ADV_X1Y0  Audio_Codec/audiocodec_master_clock/inst/mmcm_adv_inst/CLKFBOUT



--------------------------------------------------------------------------------------
Path Group:  (none)
From Clock:  
  To Clock:  

Max Delay           228 Endpoints
Min Delay           228 Endpoints
--------------------------------------------------------------------------------------


Max Delay Paths
--------------------------------------------------------------------------------------
Slack:                    inf
  Source:                 btn[1]
                            (input port)
  Destination:            DP/IndexOffsetReg_inst/index_offset_reg_reg[13]/D
  Path Group:             (none)
  Path Type:              Max at Slow Process Corner
  Data Path Delay:        12.393ns  (logic 2.521ns (20.342%)  route 9.872ns (79.658%))
  Logic Levels:           6  (CARRY4=4 IBUF=1 LUT5=1)

    Location             Delay type                Incr(ns)  Path(ns)    Netlist Resource(s)
  -------------------------------------------------------------------    -------------------
    C22                                               0.000     0.000 f  btn[1] (IN)
                         net (fo=0)                   0.000     0.000    btn[1]
    C22                  IBUF (Prop_ibuf_I_O)         1.090     1.090 f  btn_IBUF[1]_inst/O
                         net (fo=22, routed)          9.231    10.321    DP/IndexOffsetReg_inst/btn_IBUF[1]
    SLICE_X151Y108       LUT5 (Prop_lut5_I3_O)        0.152    10.473 r  DP/IndexOffsetReg_inst/index_offset_reg[0]_i_2/O
                         net (fo=1, routed)           0.641    11.114    DP/IndexOffsetReg_inst/in[1]
    SLICE_X152Y108       CARRY4 (Prop_carry4_DI[1]_CO[3])
                                                      0.722    11.836 r  DP/IndexOffsetReg_inst/index_offset_reg_reg[0]_i_1/CO[3]
                         net (fo=1, routed)           0.000    11.836    DP/IndexOffsetReg_inst/index_offset_reg_reg[0]_i_1_n_0
    SLICE_X152Y109       CARRY4 (Prop_carry4_CI_CO[3])
                                                      0.117    11.953 r  DP/IndexOffsetReg_inst/index_offset_reg_reg[4]_i_1/CO[3]
                         net (fo=1, routed)           0.000    11.953    DP/IndexOffsetReg_inst/index_offset_reg_reg[4]_i_1_n_0
    SLICE_X152Y110       CARRY4 (Prop_carry4_CI_CO[3])
                                                      0.117    12.070 r  DP/IndexOffsetReg_inst/index_offset_reg_reg[8]_i_1/CO[3]
                         net (fo=1, routed)           0.000    12.070    DP/IndexOffsetReg_inst/index_offset_reg_reg[8]_i_1_n_0
    SLICE_X152Y111       CARRY4 (Prop_carry4_CI_O[1])
                                                      0.323    12.393 r  DP/IndexOffsetReg_inst/index_offset_reg_reg[12]_i_1/O[1]
                         net (fo=1, routed)           0.000    12.393    DP/IndexOffsetReg_inst/index_offset_reg_reg[12]_i_1_n_6
    SLICE_X152Y111       FDRE                                         r  DP/IndexOffsetReg_inst/index_offset_reg_reg[13]/D
  -------------------------------------------------------------------    -------------------

Slack:                    inf
  Source:                 btn[1]
                            (input port)
  Destination:            DP/IndexOffsetReg_inst/index_offset_reg_reg[15]/D
  Path Group:             (none)
  Path Type:              Max at Slow Process Corner
  Data Path Delay:        12.385ns  (logic 2.513ns (20.291%)  route 9.872ns (79.709%))
  Logic Levels:           6  (CARRY4=4 IBUF=1 LUT5=1)

    Location             Delay type                Incr(ns)  Path(ns)    Netlist Resource(s)
  -------------------------------------------------------------------    -------------------
    C22                                               0.000     0.000 f  btn[1] (IN)
                         net (fo=0)                   0.000     0.000    btn[1]
    C22                  IBUF (Prop_ibuf_I_O)         1.090     1.090 f  btn_IBUF[1]_inst/O
                         net (fo=22, routed)          9.231    10.321    DP/IndexOffsetReg_inst/btn_IBUF[1]
    SLICE_X151Y108       LUT5 (Prop_lut5_I3_O)        0.152    10.473 r  DP/IndexOffsetReg_inst/index_offset_reg[0]_i_2/O
                         net (fo=1, routed)           0.641    11.114    DP/IndexOffsetReg_inst/in[1]
    SLICE_X152Y108       CARRY4 (Prop_carry4_DI[1]_CO[3])
                                                      0.722    11.836 r  DP/IndexOffsetReg_inst/index_offset_reg_reg[0]_i_1/CO[3]
                         net (fo=1, routed)           0.000    11.836    DP/IndexOffsetReg_inst/index_offset_reg_reg[0]_i_1_n_0
    SLICE_X152Y109       CARRY4 (Prop_carry4_CI_CO[3])
                                                      0.117    11.953 r  DP/IndexOffsetReg_inst/index_offset_reg_reg[4]_i_1/CO[3]
                         net (fo=1, routed)           0.000    11.953    DP/IndexOffsetReg_inst/index_offset_reg_reg[4]_i_1_n_0
    SLICE_X152Y110       CARRY4 (Prop_carry4_CI_CO[3])
                                                      0.117    12.070 r  DP/IndexOffsetReg_inst/index_offset_reg_reg[8]_i_1/CO[3]
                         net (fo=1, routed)           0.000    12.070    DP/IndexOffsetReg_inst/index_offset_reg_reg[8]_i_1_n_0
    SLICE_X152Y111       CARRY4 (Prop_carry4_CI_O[3])
                                                      0.315    12.385 r  DP/IndexOffsetReg_inst/index_offset_reg_reg[12]_i_1/O[3]
                         net (fo=1, routed)           0.000    12.385    DP/IndexOffsetReg_inst/index_offset_reg_reg[12]_i_1_n_4
    SLICE_X152Y111       FDRE                                         r  DP/IndexOffsetReg_inst/index_offset_reg_reg[15]/D
  -------------------------------------------------------------------    -------------------

Slack:                    inf
  Source:                 btn[1]
                            (input port)
  Destination:            DP/IndexOffsetReg_inst/index_offset_reg_reg[14]/D
  Path Group:             (none)
  Path Type:              Max at Slow Process Corner
  Data Path Delay:        12.309ns  (logic 2.437ns (19.799%)  route 9.872ns (80.201%))
  Logic Levels:           6  (CARRY4=4 IBUF=1 LUT5=1)

    Location             Delay type                Incr(ns)  Path(ns)    Netlist Resource(s)
  -------------------------------------------------------------------    -------------------
    C22                                               0.000     0.000 f  btn[1] (IN)
                         net (fo=0)                   0.000     0.000    btn[1]
    C22                  IBUF (Prop_ibuf_I_O)         1.090     1.090 f  btn_IBUF[1]_inst/O
                         net (fo=22, routed)          9.231    10.321    DP/IndexOffsetReg_inst/btn_IBUF[1]
    SLICE_X151Y108       LUT5 (Prop_lut5_I3_O)        0.152    10.473 r  DP/IndexOffsetReg_inst/index_offset_reg[0]_i_2/O
                         net (fo=1, routed)           0.641    11.114    DP/IndexOffsetReg_inst/in[1]
    SLICE_X152Y108       CARRY4 (Prop_carry4_DI[1]_CO[3])
                                                      0.722    11.836 r  DP/IndexOffsetReg_inst/index_offset_reg_reg[0]_i_1/CO[3]
                         net (fo=1, routed)           0.000    11.836    DP/IndexOffsetReg_inst/index_offset_reg_reg[0]_i_1_n_0
    SLICE_X152Y109       CARRY4 (Prop_carry4_CI_CO[3])
                                                      0.117    11.953 r  DP/IndexOffsetReg_inst/index_offset_reg_reg[4]_i_1/CO[3]
                         net (fo=1, routed)           0.000    11.953    DP/IndexOffsetReg_inst/index_offset_reg_reg[4]_i_1_n_0
    SLICE_X152Y110       CARRY4 (Prop_carry4_CI_CO[3])
                                                      0.117    12.070 r  DP/IndexOffsetReg_inst/index_offset_reg_reg[8]_i_1/CO[3]
                         net (fo=1, routed)           0.000    12.070    DP/IndexOffsetReg_inst/index_offset_reg_reg[8]_i_1_n_0
    SLICE_X152Y111       CARRY4 (Prop_carry4_CI_O[2])
                                                      0.239    12.309 r  DP/IndexOffsetReg_inst/index_offset_reg_reg[12]_i_1/O[2]
                         net (fo=1, routed)           0.000    12.309    DP/IndexOffsetReg_inst/index_offset_reg_reg[12]_i_1_n_5
    SLICE_X152Y111       FDRE                                         r  DP/IndexOffsetReg_inst/index_offset_reg_reg[14]/D
  -------------------------------------------------------------------    -------------------

Slack:                    inf
  Source:                 btn[1]
                            (input port)
  Destination:            DP/IndexOffsetReg_inst/index_offset_reg_reg[12]/D
  Path Group:             (none)
  Path Type:              Max at Slow Process Corner
  Data Path Delay:        12.289ns  (logic 2.417ns (19.668%)  route 9.872ns (80.332%))
  Logic Levels:           6  (CARRY4=4 IBUF=1 LUT5=1)

    Location             Delay type                Incr(ns)  Path(ns)    Netlist Resource(s)
  -------------------------------------------------------------------    -------------------
    C22                                               0.000     0.000 f  btn[1] (IN)
                         net (fo=0)                   0.000     0.000    btn[1]
    C22                  IBUF (Prop_ibuf_I_O)         1.090     1.090 f  btn_IBUF[1]_inst/O
                         net (fo=22, routed)          9.231    10.321    DP/IndexOffsetReg_inst/btn_IBUF[1]
    SLICE_X151Y108       LUT5 (Prop_lut5_I3_O)        0.152    10.473 r  DP/IndexOffsetReg_inst/index_offset_reg[0]_i_2/O
                         net (fo=1, routed)           0.641    11.114    DP/IndexOffsetReg_inst/in[1]
    SLICE_X152Y108       CARRY4 (Prop_carry4_DI[1]_CO[3])
                                                      0.722    11.836 r  DP/IndexOffsetReg_inst/index_offset_reg_reg[0]_i_1/CO[3]
                         net (fo=1, routed)           0.000    11.836    DP/IndexOffsetReg_inst/index_offset_reg_reg[0]_i_1_n_0
    SLICE_X152Y109       CARRY4 (Prop_carry4_CI_CO[3])
                                                      0.117    11.953 r  DP/IndexOffsetReg_inst/index_offset_reg_reg[4]_i_1/CO[3]
                         net (fo=1, routed)           0.000    11.953    DP/IndexOffsetReg_inst/index_offset_reg_reg[4]_i_1_n_0
    SLICE_X152Y110       CARRY4 (Prop_carry4_CI_CO[3])
                                                      0.117    12.070 r  DP/IndexOffsetReg_inst/index_offset_reg_reg[8]_i_1/CO[3]
                         net (fo=1, routed)           0.000    12.070    DP/IndexOffsetReg_inst/index_offset_reg_reg[8]_i_1_n_0
    SLICE_X152Y111       CARRY4 (Prop_carry4_CI_O[0])
                                                      0.219    12.289 r  DP/IndexOffsetReg_inst/index_offset_reg_reg[12]_i_1/O[0]
                         net (fo=1, routed)           0.000    12.289    DP/IndexOffsetReg_inst/index_offset_reg_reg[12]_i_1_n_7
    SLICE_X152Y111       FDRE                                         r  DP/IndexOffsetReg_inst/index_offset_reg_reg[12]/D
  -------------------------------------------------------------------    -------------------

Slack:                    inf
  Source:                 btn[1]
                            (input port)
  Destination:            DP/IndexOffsetReg_inst/index_offset_reg_reg[9]/D
  Path Group:             (none)
  Path Type:              Max at Slow Process Corner
  Data Path Delay:        12.276ns  (logic 2.404ns (19.583%)  route 9.872ns (80.417%))
  Logic Levels:           5  (CARRY4=3 IBUF=1 LUT5=1)

    Location             Delay type                Incr(ns)  Path(ns)    Netlist Resource(s)
  -------------------------------------------------------------------    -------------------
    C22                                               0.000     0.000 f  btn[1] (IN)
                         net (fo=0)                   0.000     0.000    btn[1]
    C22                  IBUF (Prop_ibuf_I_O)         1.090     1.090 f  btn_IBUF[1]_inst/O
                         net (fo=22, routed)          9.231    10.321    DP/IndexOffsetReg_inst/btn_IBUF[1]
    SLICE_X151Y108       LUT5 (Prop_lut5_I3_O)        0.152    10.473 r  DP/IndexOffsetReg_inst/index_offset_reg[0]_i_2/O
                         net (fo=1, routed)           0.641    11.114    DP/IndexOffsetReg_inst/in[1]
    SLICE_X152Y108       CARRY4 (Prop_carry4_DI[1]_CO[3])
                                                      0.722    11.836 r  DP/IndexOffsetReg_inst/index_offset_reg_reg[0]_i_1/CO[3]
                         net (fo=1, routed)           0.000    11.836    DP/IndexOffsetReg_inst/index_offset_reg_reg[0]_i_1_n_0
    SLICE_X152Y109       CARRY4 (Prop_carry4_CI_CO[3])
                                                      0.117    11.953 r  DP/IndexOffsetReg_inst/index_offset_reg_reg[4]_i_1/CO[3]
                         net (fo=1, routed)           0.000    11.953    DP/IndexOffsetReg_inst/index_offset_reg_reg[4]_i_1_n_0
    SLICE_X152Y110       CARRY4 (Prop_carry4_CI_O[1])
                                                      0.323    12.276 r  DP/IndexOffsetReg_inst/index_offset_reg_reg[8]_i_1/O[1]
                         net (fo=1, routed)           0.000    12.276    DP/IndexOffsetReg_inst/index_offset_reg_reg[8]_i_1_n_6
    SLICE_X152Y110       FDRE                                         r  DP/IndexOffsetReg_inst/index_offset_reg_reg[9]/D
  -------------------------------------------------------------------    -------------------

Slack:                    inf
  Source:                 btn[1]
                            (input port)
  Destination:            DP/IndexOffsetReg_inst/index_offset_reg_reg[11]/D
  Path Group:             (none)
  Path Type:              Max at Slow Process Corner
  Data Path Delay:        12.268ns  (logic 2.396ns (19.531%)  route 9.872ns (80.469%))
  Logic Levels:           5  (CARRY4=3 IBUF=1 LUT5=1)

    Location             Delay type                Incr(ns)  Path(ns)    Netlist Resource(s)
  -------------------------------------------------------------------    -------------------
    C22                                               0.000     0.000 f  btn[1] (IN)
                         net (fo=0)                   0.000     0.000    btn[1]
    C22                  IBUF (Prop_ibuf_I_O)         1.090     1.090 f  btn_IBUF[1]_inst/O
                         net (fo=22, routed)          9.231    10.321    DP/IndexOffsetReg_inst/btn_IBUF[1]
    SLICE_X151Y108       LUT5 (Prop_lut5_I3_O)        0.152    10.473 r  DP/IndexOffsetReg_inst/index_offset_reg[0]_i_2/O
                         net (fo=1, routed)           0.641    11.114    DP/IndexOffsetReg_inst/in[1]
    SLICE_X152Y108       CARRY4 (Prop_carry4_DI[1]_CO[3])
                                                      0.722    11.836 r  DP/IndexOffsetReg_inst/index_offset_reg_reg[0]_i_1/CO[3]
                         net (fo=1, routed)           0.000    11.836    DP/IndexOffsetReg_inst/index_offset_reg_reg[0]_i_1_n_0
    SLICE_X152Y109       CARRY4 (Prop_carry4_CI_CO[3])
                                                      0.117    11.953 r  DP/IndexOffsetReg_inst/index_offset_reg_reg[4]_i_1/CO[3]
                         net (fo=1, routed)           0.000    11.953    DP/IndexOffsetReg_inst/index_offset_reg_reg[4]_i_1_n_0
    SLICE_X152Y110       CARRY4 (Prop_carry4_CI_O[3])
                                                      0.315    12.268 r  DP/IndexOffsetReg_inst/index_offset_reg_reg[8]_i_1/O[3]
                         net (fo=1, routed)           0.000    12.268    DP/IndexOffsetReg_inst/index_offset_reg_reg[8]_i_1_n_4
    SLICE_X152Y110       FDRE                                         r  DP/IndexOffsetReg_inst/index_offset_reg_reg[11]/D
  -------------------------------------------------------------------    -------------------

Slack:                    inf
  Source:                 btn[1]
                            (input port)
  Destination:            DP/IndexOffsetReg_inst/index_offset_reg_reg[10]/D
  Path Group:             (none)
  Path Type:              Max at Slow Process Corner
  Data Path Delay:        12.192ns  (logic 2.320ns (19.029%)  route 9.872ns (80.971%))
  Logic Levels:           5  (CARRY4=3 IBUF=1 LUT5=1)

    Location             Delay type                Incr(ns)  Path(ns)    Netlist Resource(s)
  -------------------------------------------------------------------    -------------------
    C22                                               0.000     0.000 f  btn[1] (IN)
                         net (fo=0)                   0.000     0.000    btn[1]
    C22                  IBUF (Prop_ibuf_I_O)         1.090     1.090 f  btn_IBUF[1]_inst/O
                         net (fo=22, routed)          9.231    10.321    DP/IndexOffsetReg_inst/btn_IBUF[1]
    SLICE_X151Y108       LUT5 (Prop_lut5_I3_O)        0.152    10.473 r  DP/IndexOffsetReg_inst/index_offset_reg[0]_i_2/O
                         net (fo=1, routed)           0.641    11.114    DP/IndexOffsetReg_inst/in[1]
    SLICE_X152Y108       CARRY4 (Prop_carry4_DI[1]_CO[3])
                                                      0.722    11.836 r  DP/IndexOffsetReg_inst/index_offset_reg_reg[0]_i_1/CO[3]
                         net (fo=1, routed)           0.000    11.836    DP/IndexOffsetReg_inst/index_offset_reg_reg[0]_i_1_n_0
    SLICE_X152Y109       CARRY4 (Prop_carry4_CI_CO[3])
                                                      0.117    11.953 r  DP/IndexOffsetReg_inst/index_offset_reg_reg[4]_i_1/CO[3]
                         net (fo=1, routed)           0.000    11.953    DP/IndexOffsetReg_inst/index_offset_reg_reg[4]_i_1_n_0
    SLICE_X152Y110       CARRY4 (Prop_carry4_CI_O[2])
                                                      0.239    12.192 r  DP/IndexOffsetReg_inst/index_offset_reg_reg[8]_i_1/O[2]
                         net (fo=1, routed)           0.000    12.192    DP/IndexOffsetReg_inst/index_offset_reg_reg[8]_i_1_n_5
    SLICE_X152Y110       FDRE                                         r  DP/IndexOffsetReg_inst/index_offset_reg_reg[10]/D
  -------------------------------------------------------------------    -------------------

Slack:                    inf
  Source:                 btn[1]
                            (input port)
  Destination:            DP/IndexOffsetReg_inst/index_offset_reg_reg[8]/D
  Path Group:             (none)
  Path Type:              Max at Slow Process Corner
  Data Path Delay:        12.172ns  (logic 2.300ns (18.896%)  route 9.872ns (81.104%))
  Logic Levels:           5  (CARRY4=3 IBUF=1 LUT5=1)

    Location             Delay type                Incr(ns)  Path(ns)    Netlist Resource(s)
  -------------------------------------------------------------------    -------------------
    C22                                               0.000     0.000 f  btn[1] (IN)
                         net (fo=0)                   0.000     0.000    btn[1]
    C22                  IBUF (Prop_ibuf_I_O)         1.090     1.090 f  btn_IBUF[1]_inst/O
                         net (fo=22, routed)          9.231    10.321    DP/IndexOffsetReg_inst/btn_IBUF[1]
    SLICE_X151Y108       LUT5 (Prop_lut5_I3_O)        0.152    10.473 r  DP/IndexOffsetReg_inst/index_offset_reg[0]_i_2/O
                         net (fo=1, routed)           0.641    11.114    DP/IndexOffsetReg_inst/in[1]
    SLICE_X152Y108       CARRY4 (Prop_carry4_DI[1]_CO[3])
                                                      0.722    11.836 r  DP/IndexOffsetReg_inst/index_offset_reg_reg[0]_i_1/CO[3]
                         net (fo=1, routed)           0.000    11.836    DP/IndexOffsetReg_inst/index_offset_reg_reg[0]_i_1_n_0
    SLICE_X152Y109       CARRY4 (Prop_carry4_CI_CO[3])
                                                      0.117    11.953 r  DP/IndexOffsetReg_inst/index_offset_reg_reg[4]_i_1/CO[3]
                         net (fo=1, routed)           0.000    11.953    DP/IndexOffsetReg_inst/index_offset_reg_reg[4]_i_1_n_0
    SLICE_X152Y110       CARRY4 (Prop_carry4_CI_O[0])
                                                      0.219    12.172 r  DP/IndexOffsetReg_inst/index_offset_reg_reg[8]_i_1/O[0]
                         net (fo=1, routed)           0.000    12.172    DP/IndexOffsetReg_inst/index_offset_reg_reg[8]_i_1_n_7
    SLICE_X152Y110       FDRE                                         r  DP/IndexOffsetReg_inst/index_offset_reg_reg[8]/D
  -------------------------------------------------------------------    -------------------

Slack:                    inf
  Source:                 btn[1]
                            (input port)
  Destination:            DP/IndexOffsetReg_inst/index_offset_reg_reg[5]/D
  Path Group:             (none)
  Path Type:              Max at Slow Process Corner
  Data Path Delay:        12.159ns  (logic 2.287ns (18.810%)  route 9.872ns (81.190%))
  Logic Levels:           4  (CARRY4=2 IBUF=1 LUT5=1)

    Location             Delay type                Incr(ns)  Path(ns)    Netlist Resource(s)
  -------------------------------------------------------------------    -------------------
    C22                                               0.000     0.000 f  btn[1] (IN)
                         net (fo=0)                   0.000     0.000    btn[1]
    C22                  IBUF (Prop_ibuf_I_O)         1.090     1.090 f  btn_IBUF[1]_inst/O
                         net (fo=22, routed)          9.231    10.321    DP/IndexOffsetReg_inst/btn_IBUF[1]
    SLICE_X151Y108       LUT5 (Prop_lut5_I3_O)        0.152    10.473 r  DP/IndexOffsetReg_inst/index_offset_reg[0]_i_2/O
                         net (fo=1, routed)           0.641    11.114    DP/IndexOffsetReg_inst/in[1]
    SLICE_X152Y108       CARRY4 (Prop_carry4_DI[1]_CO[3])
                                                      0.722    11.836 r  DP/IndexOffsetReg_inst/index_offset_reg_reg[0]_i_1/CO[3]
                         net (fo=1, routed)           0.000    11.836    DP/IndexOffsetReg_inst/index_offset_reg_reg[0]_i_1_n_0
    SLICE_X152Y109       CARRY4 (Prop_carry4_CI_O[1])
                                                      0.323    12.159 r  DP/IndexOffsetReg_inst/index_offset_reg_reg[4]_i_1/O[1]
                         net (fo=1, routed)           0.000    12.159    DP/IndexOffsetReg_inst/index_offset_reg_reg[4]_i_1_n_6
    SLICE_X152Y109       FDRE                                         r  DP/IndexOffsetReg_inst/index_offset_reg_reg[5]/D
  -------------------------------------------------------------------    -------------------

Slack:                    inf
  Source:                 btn[1]
                            (input port)
  Destination:            DP/IndexOffsetReg_inst/index_offset_reg_reg[7]/D
  Path Group:             (none)
  Path Type:              Max at Slow Process Corner
  Data Path Delay:        12.151ns  (logic 2.279ns (18.756%)  route 9.872ns (81.244%))
  Logic Levels:           4  (CARRY4=2 IBUF=1 LUT5=1)

    Location             Delay type                Incr(ns)  Path(ns)    Netlist Resource(s)
  -------------------------------------------------------------------    -------------------
    C22                                               0.000     0.000 f  btn[1] (IN)
                         net (fo=0)                   0.000     0.000    btn[1]
    C22                  IBUF (Prop_ibuf_I_O)         1.090     1.090 f  btn_IBUF[1]_inst/O
                         net (fo=22, routed)          9.231    10.321    DP/IndexOffsetReg_inst/btn_IBUF[1]
    SLICE_X151Y108       LUT5 (Prop_lut5_I3_O)        0.152    10.473 r  DP/IndexOffsetReg_inst/index_offset_reg[0]_i_2/O
                         net (fo=1, routed)           0.641    11.114    DP/IndexOffsetReg_inst/in[1]
    SLICE_X152Y108       CARRY4 (Prop_carry4_DI[1]_CO[3])
                                                      0.722    11.836 r  DP/IndexOffsetReg_inst/index_offset_reg_reg[0]_i_1/CO[3]
                         net (fo=1, routed)           0.000    11.836    DP/IndexOffsetReg_inst/index_offset_reg_reg[0]_i_1_n_0
    SLICE_X152Y109       CARRY4 (Prop_carry4_CI_O[3])
                                                      0.315    12.151 r  DP/IndexOffsetReg_inst/index_offset_reg_reg[4]_i_1/O[3]
                         net (fo=1, routed)           0.000    12.151    DP/IndexOffsetReg_inst/index_offset_reg_reg[4]_i_1_n_4
    SLICE_X152Y109       FDRE                                         r  DP/IndexOffsetReg_inst/index_offset_reg_reg[7]/D
  -------------------------------------------------------------------    -------------------





Min Delay Paths
--------------------------------------------------------------------------------------
Slack:                    inf
  Source:                 DP/ResultReg_inst/data_out_reg[8]/C
                            (rising edge-triggered cell FDRE)
  Destination:            Audio_Codec/audio_inout/Data_Out_int_reg[21]/D
  Path Group:             (none)
  Path Type:              Min at Fast Process Corner
  Data Path Delay:        0.240ns  (logic 0.186ns (77.466%)  route 0.054ns (22.534%))
  Logic Levels:           2  (FDRE=1 LUT5=1)

    Location             Delay type                Incr(ns)  Path(ns)    Netlist Resource(s)
  -------------------------------------------------------------------    -------------------
    SLICE_X153Y112       FDRE                         0.000     0.000 r  DP/ResultReg_inst/data_out_reg[8]/C
    SLICE_X153Y112       FDRE (Prop_fdre_C_Q)         0.141     0.141 r  DP/ResultReg_inst/data_out_reg[8]/Q
                         net (fo=1, routed)           0.054     0.195    DP/BaseAndNextReg_inst/data_out[5]
    SLICE_X152Y112       LUT5 (Prop_lut5_I2_O)        0.045     0.240 r  DP/BaseAndNextReg_inst/Data_Out_int[21]_i_1/O
                         net (fo=1, routed)           0.000     0.240    Audio_Codec/audio_inout/D[6]
    SLICE_X152Y112       FDRE                                         r  Audio_Codec/audio_inout/Data_Out_int_reg[21]/D
  -------------------------------------------------------------------    -------------------

Slack:                    inf
  Source:                 DP/ResultReg_inst/data_out_reg[12]/C
                            (rising edge-triggered cell FDRE)
  Destination:            Audio_Codec/audio_inout/Data_Out_int_reg[25]/D
  Path Group:             (none)
  Path Type:              Min at Fast Process Corner
  Data Path Delay:        0.240ns  (logic 0.186ns (77.466%)  route 0.054ns (22.534%))
  Logic Levels:           2  (FDRE=1 LUT5=1)

    Location             Delay type                Incr(ns)  Path(ns)    Netlist Resource(s)
  -------------------------------------------------------------------    -------------------
    SLICE_X153Y113       FDRE                         0.000     0.000 r  DP/ResultReg_inst/data_out_reg[12]/C
    SLICE_X153Y113       FDRE (Prop_fdre_C_Q)         0.141     0.141 r  DP/ResultReg_inst/data_out_reg[12]/Q
                         net (fo=1, routed)           0.054     0.195    DP/BaseAndNextReg_inst/data_out[9]
    SLICE_X152Y113       LUT5 (Prop_lut5_I2_O)        0.045     0.240 r  DP/BaseAndNextReg_inst/Data_Out_int[25]_i_1/O
                         net (fo=1, routed)           0.000     0.240    Audio_Codec/audio_inout/D[10]
    SLICE_X152Y113       FDRE                                         r  Audio_Codec/audio_inout/Data_Out_int_reg[25]/D
  -------------------------------------------------------------------    -------------------

Slack:                    inf
  Source:                 DP/ResultReg_inst/data_out_reg[17]/C
                            (rising edge-triggered cell FDRE)
  Destination:            Audio_Codec/audio_inout/Data_Out_int_reg[30]/D
  Path Group:             (none)
  Path Type:              Min at Fast Process Corner
  Data Path Delay:        0.266ns  (logic 0.186ns (69.897%)  route 0.080ns (30.103%))
  Logic Levels:           2  (FDRE=1 LUT5=1)

    Location             Delay type                Incr(ns)  Path(ns)    Netlist Resource(s)
  -------------------------------------------------------------------    -------------------
    SLICE_X153Y114       FDRE                         0.000     0.000 r  DP/ResultReg_inst/data_out_reg[17]/C
    SLICE_X153Y114       FDRE (Prop_fdre_C_Q)         0.141     0.141 r  DP/ResultReg_inst/data_out_reg[17]/Q
                         net (fo=1, routed)           0.080     0.221    DP/BaseAndNextReg_inst/data_out[14]
    SLICE_X152Y114       LUT5 (Prop_lut5_I2_O)        0.045     0.266 r  DP/BaseAndNextReg_inst/Data_Out_int[30]_i_1/O
                         net (fo=1, routed)           0.000     0.266    Audio_Codec/audio_inout/D[15]
    SLICE_X152Y114       FDRE                                         r  Audio_Codec/audio_inout/Data_Out_int_reg[30]/D
  -------------------------------------------------------------------    -------------------

Slack:                    inf
  Source:                 DP/ResultReg_inst/data_out_reg[9]/C
                            (rising edge-triggered cell FDRE)
  Destination:            Audio_Codec/audio_inout/Data_Out_int_reg[22]/D
  Path Group:             (none)
  Path Type:              Min at Fast Process Corner
  Data Path Delay:        0.275ns  (logic 0.186ns (67.611%)  route 0.089ns (32.389%))
  Logic Levels:           2  (FDRE=1 LUT5=1)

    Location             Delay type                Incr(ns)  Path(ns)    Netlist Resource(s)
  -------------------------------------------------------------------    -------------------
    SLICE_X153Y112       FDRE                         0.000     0.000 r  DP/ResultReg_inst/data_out_reg[9]/C
    SLICE_X153Y112       FDRE (Prop_fdre_C_Q)         0.141     0.141 r  DP/ResultReg_inst/data_out_reg[9]/Q
                         net (fo=1, routed)           0.089     0.230    DP/BaseAndNextReg_inst/data_out[6]
    SLICE_X152Y112       LUT5 (Prop_lut5_I2_O)        0.045     0.275 r  DP/BaseAndNextReg_inst/Data_Out_int[22]_i_1/O
                         net (fo=1, routed)           0.000     0.275    Audio_Codec/audio_inout/D[7]
    SLICE_X152Y112       FDRE                                         r  Audio_Codec/audio_inout/Data_Out_int_reg[22]/D
  -------------------------------------------------------------------    -------------------

Slack:                    inf
  Source:                 DP/ResultReg_inst/data_out_reg[13]/C
                            (rising edge-triggered cell FDRE)
  Destination:            Audio_Codec/audio_inout/Data_Out_int_reg[26]/D
  Path Group:             (none)
  Path Type:              Min at Fast Process Corner
  Data Path Delay:        0.275ns  (logic 0.186ns (67.611%)  route 0.089ns (32.389%))
  Logic Levels:           2  (FDRE=1 LUT5=1)

    Location             Delay type                Incr(ns)  Path(ns)    Netlist Resource(s)
  -------------------------------------------------------------------    -------------------
    SLICE_X153Y113       FDRE                         0.000     0.000 r  DP/ResultReg_inst/data_out_reg[13]/C
    SLICE_X153Y113       FDRE (Prop_fdre_C_Q)         0.141     0.141 r  DP/ResultReg_inst/data_out_reg[13]/Q
                         net (fo=1, routed)           0.089     0.230    DP/BaseAndNextReg_inst/data_out[10]
    SLICE_X152Y113       LUT5 (Prop_lut5_I2_O)        0.045     0.275 r  DP/BaseAndNextReg_inst/Data_Out_int[26]_i_1/O
                         net (fo=1, routed)           0.000     0.275    Audio_Codec/audio_inout/D[11]
    SLICE_X152Y113       FDRE                                         r  Audio_Codec/audio_inout/Data_Out_int_reg[26]/D
  -------------------------------------------------------------------    -------------------

Slack:                    inf
  Source:                 DP/ResultReg_inst/data_out_reg[3]/C
                            (rising edge-triggered cell FDRE)
  Destination:            Audio_Codec/audio_inout/Data_Out_int_reg[16]/D
  Path Group:             (none)
  Path Type:              Min at Fast Process Corner
  Data Path Delay:        0.297ns  (logic 0.186ns (62.622%)  route 0.111ns (37.378%))
  Logic Levels:           2  (FDRE=1 LUT5=1)

    Location             Delay type                Incr(ns)  Path(ns)    Netlist Resource(s)
  -------------------------------------------------------------------    -------------------
    SLICE_X153Y111       FDRE                         0.000     0.000 r  DP/ResultReg_inst/data_out_reg[3]/C
    SLICE_X153Y111       FDRE (Prop_fdre_C_Q)         0.141     0.141 r  DP/ResultReg_inst/data_out_reg[3]/Q
                         net (fo=1, routed)           0.111     0.252    DP/BaseAndNextReg_inst/data_out[0]
    SLICE_X155Y111       LUT5 (Prop_lut5_I2_O)        0.045     0.297 r  DP/BaseAndNextReg_inst/Data_Out_int[16]_i_1/O
                         net (fo=1, routed)           0.000     0.297    Audio_Codec/audio_inout/D[1]
    SLICE_X155Y111       FDRE                                         r  Audio_Codec/audio_inout/Data_Out_int_reg[16]/D
  -------------------------------------------------------------------    -------------------

Slack:                    inf
  Source:                 Audio_Codec/ac_lrclk_sig_prev_reg/C
                            (rising edge-triggered cell FDRE)
  Destination:            Audio_Codec/ac_lrclk_count_reg[0]/D
  Path Group:             (none)
  Path Type:              Min at Fast Process Corner
  Data Path Delay:        0.305ns  (logic 0.186ns (60.969%)  route 0.119ns (39.031%))
  Logic Levels:           2  (FDRE=1 LUT4=1)

    Location             Delay type                Incr(ns)  Path(ns)    Netlist Resource(s)
  -------------------------------------------------------------------    -------------------
    SLICE_X157Y113       FDRE                         0.000     0.000 r  Audio_Codec/ac_lrclk_sig_prev_reg/C
    SLICE_X157Y113       FDRE (Prop_fdre_C_Q)         0.141     0.141 r  Audio_Codec/ac_lrclk_sig_prev_reg/Q
                         net (fo=5, routed)           0.119     0.260    Audio_Codec/ac_lrclk_sig_prev_reg_n_0
    SLICE_X156Y113       LUT4 (Prop_lut4_I2_O)        0.045     0.305 r  Audio_Codec/ac_lrclk_count[0]_i_1/O
                         net (fo=1, routed)           0.000     0.305    Audio_Codec/ac_lrclk_count[0]_i_1_n_0
    SLICE_X156Y113       FDRE                                         r  Audio_Codec/ac_lrclk_count_reg[0]/D
  -------------------------------------------------------------------    -------------------

Slack:                    inf
  Source:                 Audio_Codec/ac_lrclk_sig_prev_reg/C
                            (rising edge-triggered cell FDRE)
  Destination:            Audio_Codec/ac_lrclk_count_reg[2]/D
  Path Group:             (none)
  Path Type:              Min at Fast Process Corner
  Data Path Delay:        0.306ns  (logic 0.186ns (60.769%)  route 0.120ns (39.231%))
  Logic Levels:           2  (FDRE=1 LUT6=1)

    Location             Delay type                Incr(ns)  Path(ns)    Netlist Resource(s)
  -------------------------------------------------------------------    -------------------
    SLICE_X157Y113       FDRE                         0.000     0.000 r  Audio_Codec/ac_lrclk_sig_prev_reg/C
    SLICE_X157Y113       FDRE (Prop_fdre_C_Q)         0.141     0.141 r  Audio_Codec/ac_lrclk_sig_prev_reg/Q
                         net (fo=5, routed)           0.120     0.261    Audio_Codec/ac_lrclk_sig_prev_reg_n_0
    SLICE_X156Y113       LUT6 (Prop_lut6_I3_O)        0.045     0.306 r  Audio_Codec/ac_lrclk_count[2]_i_1/O
                         net (fo=1, routed)           0.000     0.306    Audio_Codec/ac_lrclk_count[2]_i_1_n_0
    SLICE_X156Y113       FDRE                                         r  Audio_Codec/ac_lrclk_count_reg[2]/D
  -------------------------------------------------------------------    -------------------

Slack:                    inf
  Source:                 Audio_Codec/ac_lrclk_sig_prev_reg/C
                            (rising edge-triggered cell FDRE)
  Destination:            Audio_Codec/ac_lrclk_count_reg[1]/D
  Path Group:             (none)
  Path Type:              Min at Fast Process Corner
  Data Path Delay:        0.308ns  (logic 0.189ns (61.349%)  route 0.119ns (38.651%))
  Logic Levels:           2  (FDRE=1 LUT5=1)

    Location             Delay type                Incr(ns)  Path(ns)    Netlist Resource(s)
  -------------------------------------------------------------------    -------------------
    SLICE_X157Y113       FDRE                         0.000     0.000 r  Audio_Codec/ac_lrclk_sig_prev_reg/C
    SLICE_X157Y113       FDRE (Prop_fdre_C_Q)         0.141     0.141 r  Audio_Codec/ac_lrclk_sig_prev_reg/Q
                         net (fo=5, routed)           0.119     0.260    Audio_Codec/ac_lrclk_sig_prev_reg_n_0
    SLICE_X156Y113       LUT5 (Prop_lut5_I2_O)        0.048     0.308 r  Audio_Codec/ac_lrclk_count[1]_i_1/O
                         net (fo=1, routed)           0.000     0.308    Audio_Codec/ac_lrclk_count[1]_i_1_n_0
    SLICE_X156Y113       FDRE                                         r  Audio_Codec/ac_lrclk_count_reg[1]/D
  -------------------------------------------------------------------    -------------------

Slack:                    inf
  Source:                 DP/ResultReg_inst/data_out_reg[16]/C
                            (rising edge-triggered cell FDRE)
  Destination:            Audio_Codec/audio_inout/Data_Out_int_reg[29]/D
  Path Group:             (none)
  Path Type:              Min at Fast Process Corner
  Data Path Delay:        0.324ns  (logic 0.186ns (57.389%)  route 0.138ns (42.611%))
  Logic Levels:           2  (FDRE=1 LUT5=1)

    Location             Delay type                Incr(ns)  Path(ns)    Netlist Resource(s)
  -------------------------------------------------------------------    -------------------
    SLICE_X153Y114       FDRE                         0.000     0.000 r  DP/ResultReg_inst/data_out_reg[16]/C
    SLICE_X153Y114       FDRE (Prop_fdre_C_Q)         0.141     0.141 r  DP/ResultReg_inst/data_out_reg[16]/Q
                         net (fo=1, routed)           0.138     0.279    DP/BaseAndNextReg_inst/data_out[13]
    SLICE_X152Y114       LUT5 (Prop_lut5_I2_O)        0.045     0.324 r  DP/BaseAndNextReg_inst/Data_Out_int[29]_i_1/O
                         net (fo=1, routed)           0.000     0.324    Audio_Codec/audio_inout/D[14]
    SLICE_X152Y114       FDRE                                         r  Audio_Codec/audio_inout/Data_Out_int_reg[29]/D
  -------------------------------------------------------------------    -------------------





--------------------------------------------------------------------------------------
Path Group:  (none)
From Clock:  clk_out1_clk_wiz_0
  To Clock:  

Max Delay             1 Endpoint
Min Delay             1 Endpoint
--------------------------------------------------------------------------------------


Max Delay Paths
--------------------------------------------------------------------------------------
Slack:                    inf
  Source:                 Audio_Codec/audiocodec_master_clock/inst/mmcm_adv_inst/CLKOUT0
                            (clock source 'clk_out1_clk_wiz_0'  {rise@0.000ns fall@40.688ns period=81.375ns})
  Destination:            ac_mclk
                            (output port)
  Path Group:             (none)
  Path Type:              Max at Slow Process Corner
  Data Path Delay:        9.455ns  (logic 3.632ns (38.418%)  route 5.823ns (61.582%))
  Logic Levels:           2  (BUFG=1 OBUF=1)
  Clock Uncertainty:      0.202ns  ((TSJ^2 + DJ^2)^1/2) / 2 + PE
    Total System Jitter     (TSJ):    0.050ns
    Discrete Jitter          (DJ):    0.201ns
    Phase Error              (PE):    0.099ns

    Location             Delay type                Incr(ns)  Path(ns)    Netlist Resource(s)
  -------------------------------------------------------------------    -------------------
                         (clock clk_out1_clk_wiz_0 fall edge)
                                                     40.688    40.688 f  
    BUFGCTRL_X0Y2        BUFG                         0.000    40.688 f  clk_IBUF_BUFG_inst/O
                         net (fo=105, routed)         2.106    42.794    Audio_Codec/audiocodec_master_clock/inst/clk_in1
  -------------------------------------------------------------------    -------------------
    MMCME2_ADV_X1Y0      MMCME2_ADV (Prop_mmcme2_adv_CLKIN1_CLKOUT0)
                                                     -4.900    37.894 f  Audio_Codec/audiocodec_master_clock/inst/mmcm_adv_inst/CLKOUT0
                         net (fo=1, routed)           2.697    40.591    Audio_Codec/audiocodec_master_clock/inst/clk_out1_clk_wiz_0
    BUFGCTRL_X0Y0        BUFG (Prop_bufg_I_O)         0.096    40.688 f  Audio_Codec/audiocodec_master_clock/inst/clkout1_buf/O
                         net (fo=1, routed)           3.125    43.813    ac_mclk_OBUF
    U6                   OBUF (Prop_obuf_I_O)         3.536    47.349 f  ac_mclk_OBUF_inst/O
                         net (fo=0)                   0.000    47.349    ac_mclk
    U6                                                                f  ac_mclk (OUT)
  -------------------------------------------------------------------    -------------------





Min Delay Paths
--------------------------------------------------------------------------------------
Slack:                    inf
  Source:                 Audio_Codec/audiocodec_master_clock/inst/mmcm_adv_inst/CLKOUT0
                            (clock source 'clk_out1_clk_wiz_0'  {rise@0.000ns fall@40.688ns period=81.375ns})
  Destination:            ac_mclk
                            (output port)
  Path Group:             (none)
  Path Type:              Min at Fast Process Corner
  Data Path Delay:        2.971ns  (logic 1.263ns (42.516%)  route 1.708ns (57.484%))
  Logic Levels:           2  (BUFG=1 OBUF=1)
  Clock Uncertainty:      0.202ns  ((TSJ^2 + DJ^2)^1/2) / 2 + PE
    Total System Jitter     (TSJ):    0.050ns
    Discrete Jitter          (DJ):    0.201ns
    Phase Error              (PE):    0.099ns

    Location             Delay type                Incr(ns)  Path(ns)    Netlist Resource(s)
  -------------------------------------------------------------------    -------------------
                         (clock clk_out1_clk_wiz_0 rise edge)
                                                      0.000     0.000 r  
    BUFGCTRL_X0Y2        BUFG                         0.000     0.000 r  clk_IBUF_BUFG_inst/O
                         net (fo=105, routed)         0.745     0.745    Audio_Codec/audiocodec_master_clock/inst/clk_in1
  -------------------------------------------------------------------    -------------------
    MMCME2_ADV_X1Y0      MMCME2_ADV (Prop_mmcme2_adv_CLKIN1_CLKOUT0)
                                                     -1.683    -0.938 r  Audio_Codec/audiocodec_master_clock/inst/mmcm_adv_inst/CLKOUT0
                         net (fo=1, routed)           0.912    -0.026    Audio_Codec/audiocodec_master_clock/inst/clk_out1_clk_wiz_0
    BUFGCTRL_X0Y0        BUFG (Prop_bufg_I_O)         0.026    -0.000 r  Audio_Codec/audiocodec_master_clock/inst/clkout1_buf/O
                         net (fo=1, routed)           0.796     0.796    ac_mclk_OBUF
    U6                   OBUF (Prop_obuf_I_O)         1.237     2.034 r  ac_mclk_OBUF_inst/O
                         net (fo=0)                   0.000     2.034    ac_mclk
    U6                                                                r  ac_mclk (OUT)
  -------------------------------------------------------------------    -------------------





--------------------------------------------------------------------------------------
Path Group:  (none)
From Clock:  clk_out2_clk_wiz_0
  To Clock:  

Max Delay             2 Endpoints
Min Delay             2 Endpoints
--------------------------------------------------------------------------------------


Max Delay Paths
--------------------------------------------------------------------------------------
Slack:                    inf
  Source:                 Audio_Codec/initialize_audio/twi_controller/rSda_reg/C
                            (rising edge-triggered cell FDRE clocked by clk_out2_clk_wiz_0  {rise@0.000ns fall@10.000ns period=20.000ns})
  Destination:            sda
                            (output port)
  Path Group:             (none)
  Path Type:              Max at Slow Process Corner
  Data Path Delay:        5.771ns  (logic 4.004ns (69.375%)  route 1.767ns (30.625%))
  Logic Levels:           1  (OBUFT=1)
  Clock Uncertainty:      0.178ns  ((TSJ^2 + DJ^2)^1/2) / 2 + PE
    Total System Jitter     (TSJ):    0.050ns
    Discrete Jitter          (DJ):    0.152ns
    Phase Error              (PE):    0.099ns

    Location             Delay type                Incr(ns)  Path(ns)    Netlist Resource(s)
  -------------------------------------------------------------------    -------------------
                         (clock clk_out2_clk_wiz_0 rise edge)
                                                      0.000     0.000 r  
    BUFGCTRL_X0Y2        BUFG                         0.000     0.000 r  clk_IBUF_BUFG_inst/O
                         net (fo=105, routed)         2.106     2.106    Audio_Codec/audiocodec_master_clock/inst/clk_in1
    MMCME2_ADV_X1Y0      MMCME2_ADV (Prop_mmcme2_adv_CLKIN1_CLKOUT1)
                                                     -4.900    -2.793 r  Audio_Codec/audiocodec_master_clock/inst/mmcm_adv_inst/CLKOUT1
                         net (fo=1, routed)           2.697    -0.096    Audio_Codec/audiocodec_master_clock/inst/clk_out2_clk_wiz_0
    BUFGCTRL_X0Y1        BUFG (Prop_bufg_I_O)         0.096    -0.000 r  Audio_Codec/audiocodec_master_clock/inst/clkout2_buf/O
                         net (fo=115, routed)         1.821     1.821    Audio_Codec/initialize_audio/twi_controller/CLK
    SLICE_X161Y118       FDRE                                         r  Audio_Codec/initialize_audio/twi_controller/rSda_reg/C
  -------------------------------------------------------------------    -------------------
    SLICE_X161Y118       FDRE (Prop_fdre_C_Q)         0.456     2.277 f  Audio_Codec/initialize_audio/twi_controller/rSda_reg/Q
                         net (fo=4, routed)           1.767     4.045    sda_IOBUF_inst/T
    V5                   OBUFT (TriStatE_obuft_T_O)
                                                      3.548     7.593 r  sda_IOBUF_inst/OBUFT/O
                         net (fo=1, unset)            0.000     7.593    sda
    V5                                                                r  sda (INOUT)
  -------------------------------------------------------------------    -------------------

Slack:                    inf
  Source:                 Audio_Codec/initialize_audio/twi_controller/rScl_reg/C
                            (rising edge-triggered cell FDRE clocked by clk_out2_clk_wiz_0  {rise@0.000ns fall@10.000ns period=20.000ns})
  Destination:            scl
                            (output port)
  Path Group:             (none)
  Path Type:              Max at Slow Process Corner
  Data Path Delay:        5.700ns  (logic 4.083ns (71.633%)  route 1.617ns (28.367%))
  Logic Levels:           1  (OBUFT=1)
  Clock Uncertainty:      0.178ns  ((TSJ^2 + DJ^2)^1/2) / 2 + PE
    Total System Jitter     (TSJ):    0.050ns
    Discrete Jitter          (DJ):    0.152ns
    Phase Error              (PE):    0.099ns

    Location             Delay type                Incr(ns)  Path(ns)    Netlist Resource(s)
  -------------------------------------------------------------------    -------------------
                         (clock clk_out2_clk_wiz_0 rise edge)
                                                      0.000     0.000 r  
    BUFGCTRL_X0Y2        BUFG                         0.000     0.000 r  clk_IBUF_BUFG_inst/O
                         net (fo=105, routed)         2.106     2.106    Audio_Codec/audiocodec_master_clock/inst/clk_in1
    MMCME2_ADV_X1Y0      MMCME2_ADV (Prop_mmcme2_adv_CLKIN1_CLKOUT1)
                                                     -4.900    -2.793 r  Audio_Codec/audiocodec_master_clock/inst/mmcm_adv_inst/CLKOUT1
                         net (fo=1, routed)           2.697    -0.096    Audio_Codec/audiocodec_master_clock/inst/clk_out2_clk_wiz_0
    BUFGCTRL_X0Y1        BUFG (Prop_bufg_I_O)         0.096    -0.000 r  Audio_Codec/audiocodec_master_clock/inst/clkout2_buf/O
                         net (fo=115, routed)         1.820     1.820    Audio_Codec/initialize_audio/twi_controller/CLK
    SLICE_X162Y119       FDRE                                         r  Audio_Codec/initialize_audio/twi_controller/rScl_reg/C
  -------------------------------------------------------------------    -------------------
    SLICE_X162Y119       FDRE (Prop_fdre_C_Q)         0.518     2.338 f  Audio_Codec/initialize_audio/twi_controller/rScl_reg/Q
                         net (fo=3, routed)           1.617     3.955    scl_IOBUF_inst/T
    W5                   OBUFT (TriStatE_obuft_T_O)
                                                      3.565     7.520 r  scl_IOBUF_inst/OBUFT/O
                         net (fo=1, unset)            0.000     7.520    scl
    W5                                                                r  scl (INOUT)
  -------------------------------------------------------------------    -------------------





Min Delay Paths
--------------------------------------------------------------------------------------
Slack:                    inf
  Source:                 Audio_Codec/initialize_audio/twi_controller/rScl_reg/C
                            (rising edge-triggered cell FDRE clocked by clk_out2_clk_wiz_0  {rise@0.000ns fall@10.000ns period=20.000ns})
  Destination:            scl
                            (output port)
  Path Group:             (none)
  Path Type:              Min at Fast Process Corner
  Data Path Delay:        1.581ns  (logic 0.988ns (62.495%)  route 0.593ns (37.505%))
  Logic Levels:           1  (OBUFT=1)
  Clock Uncertainty:      0.178ns  ((TSJ^2 + DJ^2)^1/2) / 2 + PE
    Total System Jitter     (TSJ):    0.050ns
    Discrete Jitter          (DJ):    0.152ns
    Phase Error              (PE):    0.099ns

    Location             Delay type                Incr(ns)  Path(ns)    Netlist Resource(s)
  -------------------------------------------------------------------    -------------------
                         (clock clk_out2_clk_wiz_0 rise edge)
                                                      0.000     0.000 r  
    BUFGCTRL_X0Y2        BUFG                         0.000     0.000 r  clk_IBUF_BUFG_inst/O
                         net (fo=105, routed)         0.745     0.745    Audio_Codec/audiocodec_master_clock/inst/clk_in1
    MMCME2_ADV_X1Y0      MMCME2_ADV (Prop_mmcme2_adv_CLKIN1_CLKOUT1)
                                                     -1.683    -0.938 r  Audio_Codec/audiocodec_master_clock/inst/mmcm_adv_inst/CLKOUT1
                         net (fo=1, routed)           0.912    -0.026    Audio_Codec/audiocodec_master_clock/inst/clk_out2_clk_wiz_0
    BUFGCTRL_X0Y1        BUFG (Prop_bufg_I_O)         0.026    -0.000 r  Audio_Codec/audiocodec_master_clock/inst/clkout2_buf/O
                         net (fo=115, routed)         0.640     0.640    Audio_Codec/initialize_audio/twi_controller/CLK
    SLICE_X162Y119       FDRE                                         r  Audio_Codec/initialize_audio/twi_controller/rScl_reg/C
  -------------------------------------------------------------------    -------------------
    SLICE_X162Y119       FDRE (Prop_fdre_C_Q)         0.164     0.804 r  Audio_Codec/initialize_audio/twi_controller/rScl_reg/Q
                         net (fo=3, routed)           0.593     1.397    scl_IOBUF_inst/T
    W5                   OBUFT (TriStatD_obuft_T_O)
                                                      0.824     2.221 r  scl_IOBUF_inst/OBUFT/O
                         net (fo=1, unset)            0.000     2.221    scl
    W5                                                                r  scl (INOUT)
  -------------------------------------------------------------------    -------------------

Slack:                    inf
  Source:                 Audio_Codec/initialize_audio/twi_controller/rSda_reg/C
                            (rising edge-triggered cell FDRE clocked by clk_out2_clk_wiz_0  {rise@0.000ns fall@10.000ns period=20.000ns})
  Destination:            sda
                            (output port)
  Path Group:             (none)
  Path Type:              Min at Fast Process Corner
  Data Path Delay:        1.614ns  (logic 0.965ns (59.774%)  route 0.649ns (40.226%))
  Logic Levels:           1  (OBUFT=1)
  Clock Uncertainty:      0.178ns  ((TSJ^2 + DJ^2)^1/2) / 2 + PE
    Total System Jitter     (TSJ):    0.050ns
    Discrete Jitter          (DJ):    0.152ns
    Phase Error              (PE):    0.099ns

    Location             Delay type                Incr(ns)  Path(ns)    Netlist Resource(s)
  -------------------------------------------------------------------    -------------------
                         (clock clk_out2_clk_wiz_0 rise edge)
                                                      0.000     0.000 r  
    BUFGCTRL_X0Y2        BUFG                         0.000     0.000 r  clk_IBUF_BUFG_inst/O
                         net (fo=105, routed)         0.745     0.745    Audio_Codec/audiocodec_master_clock/inst/clk_in1
    MMCME2_ADV_X1Y0      MMCME2_ADV (Prop_mmcme2_adv_CLKIN1_CLKOUT1)
                                                     -1.683    -0.938 r  Audio_Codec/audiocodec_master_clock/inst/mmcm_adv_inst/CLKOUT1
                         net (fo=1, routed)           0.912    -0.026    Audio_Codec/audiocodec_master_clock/inst/clk_out2_clk_wiz_0
    BUFGCTRL_X0Y1        BUFG (Prop_bufg_I_O)         0.026    -0.000 r  Audio_Codec/audiocodec_master_clock/inst/clkout2_buf/O
                         net (fo=115, routed)         0.641     0.641    Audio_Codec/initialize_audio/twi_controller/CLK
    SLICE_X161Y118       FDRE                                         r  Audio_Codec/initialize_audio/twi_controller/rSda_reg/C
  -------------------------------------------------------------------    -------------------
    SLICE_X161Y118       FDRE (Prop_fdre_C_Q)         0.141     0.782 r  Audio_Codec/initialize_audio/twi_controller/rSda_reg/Q
                         net (fo=4, routed)           0.649     1.431    sda_IOBUF_inst/T
    V5                   OBUFT (TriStatD_obuft_T_O)
                                                      0.824     2.255 r  sda_IOBUF_inst/OBUFT/O
                         net (fo=1, unset)            0.000     2.255    sda
    V5                                                                r  sda (INOUT)
  -------------------------------------------------------------------    -------------------





--------------------------------------------------------------------------------------
Path Group:  (none)
From Clock:  clkfbout_clk_wiz_0
  To Clock:  

Max Delay             1 Endpoint
Min Delay             1 Endpoint
--------------------------------------------------------------------------------------


Max Delay Paths
--------------------------------------------------------------------------------------
Slack:                    inf
  Source:                 Audio_Codec/audiocodec_master_clock/inst/mmcm_adv_inst/CLKFBOUT
                            (clock source 'clkfbout_clk_wiz_0'  {rise@0.000ns fall@5.000ns period=10.000ns})
  Destination:            Audio_Codec/audiocodec_master_clock/inst/mmcm_adv_inst/CLKFBIN
  Path Group:             (none)
  Path Type:              Max at Slow Process Corner
  Data Path Delay:        4.900ns  (logic 0.096ns (1.959%)  route 4.804ns (98.041%))
  Logic Levels:           1  (BUFG=1)
  Clock Uncertainty:      0.148ns  ((TSJ^2 + DJ^2)^1/2) / 2 + PE
    Total System Jitter     (TSJ):    0.050ns
    Discrete Jitter          (DJ):    0.086ns
    Phase Error              (PE):    0.099ns

    Location             Delay type                Incr(ns)  Path(ns)    Netlist Resource(s)
  -------------------------------------------------------------------    -------------------
                         (clock clkfbout_clk_wiz_0 fall edge)
                                                      5.000     5.000 f  
    BUFGCTRL_X0Y2        BUFG                         0.000     5.000 f  clk_IBUF_BUFG_inst/O
                         net (fo=105, routed)         2.106     7.106    Audio_Codec/audiocodec_master_clock/inst/clk_in1
  -------------------------------------------------------------------    -------------------
    MMCME2_ADV_X1Y0      MMCME2_ADV (Prop_mmcme2_adv_CLKIN1_CLKFBOUT)
                                                     -4.900     2.207 f  Audio_Codec/audiocodec_master_clock/inst/mmcm_adv_inst/CLKFBOUT
                         net (fo=1, routed)           2.697     4.904    Audio_Codec/audiocodec_master_clock/inst/clkfbout_clk_wiz_0
    BUFGCTRL_X0Y3        BUFG (Prop_bufg_I_O)         0.096     5.000 f  Audio_Codec/audiocodec_master_clock/inst/clkf_buf/O
                         net (fo=1, routed)           2.106     7.106    Audio_Codec/audiocodec_master_clock/inst/clkfbout_buf_clk_wiz_0
    MMCME2_ADV_X1Y0      MMCME2_ADV                                   f  Audio_Codec/audiocodec_master_clock/inst/mmcm_adv_inst/CLKFBIN
  -------------------------------------------------------------------    -------------------





Min Delay Paths
--------------------------------------------------------------------------------------
Slack:                    inf
  Source:                 Audio_Codec/audiocodec_master_clock/inst/mmcm_adv_inst/CLKFBOUT
                            (clock source 'clkfbout_clk_wiz_0'  {rise@0.000ns fall@5.000ns period=10.000ns})
  Destination:            Audio_Codec/audiocodec_master_clock/inst/mmcm_adv_inst/CLKFBIN
  Path Group:             (none)
  Path Type:              Min at Fast Process Corner
  Data Path Delay:        1.683ns  (logic 0.026ns (1.545%)  route 1.657ns (98.455%))
  Logic Levels:           1  (BUFG=1)
  Clock Uncertainty:      0.148ns  ((TSJ^2 + DJ^2)^1/2) / 2 + PE
    Total System Jitter     (TSJ):    0.050ns
    Discrete Jitter          (DJ):    0.086ns
    Phase Error              (PE):    0.099ns

    Location             Delay type                Incr(ns)  Path(ns)    Netlist Resource(s)
  -------------------------------------------------------------------    -------------------
                         (clock clkfbout_clk_wiz_0 rise edge)
                                                      0.000     0.000 r  
    BUFGCTRL_X0Y2        BUFG                         0.000     0.000 r  clk_IBUF_BUFG_inst/O
                         net (fo=105, routed)         0.745     0.745    Audio_Codec/audiocodec_master_clock/inst/clk_in1
  -------------------------------------------------------------------    -------------------
    MMCME2_ADV_X1Y0      MMCME2_ADV (Prop_mmcme2_adv_CLKIN1_CLKFBOUT)
                                                     -1.683    -0.938 r  Audio_Codec/audiocodec_master_clock/inst/mmcm_adv_inst/CLKFBOUT
                         net (fo=1, routed)           0.912    -0.026    Audio_Codec/audiocodec_master_clock/inst/clkfbout_clk_wiz_0
    BUFGCTRL_X0Y3        BUFG (Prop_bufg_I_O)         0.026    -0.000 r  Audio_Codec/audiocodec_master_clock/inst/clkf_buf/O
                         net (fo=1, routed)           0.745     0.745    Audio_Codec/audiocodec_master_clock/inst/clkfbout_buf_clk_wiz_0
    MMCME2_ADV_X1Y0      MMCME2_ADV                                   r  Audio_Codec/audiocodec_master_clock/inst/mmcm_adv_inst/CLKFBIN
  -------------------------------------------------------------------    -------------------





--------------------------------------------------------------------------------------
Path Group:  (none)
From Clock:  
  To Clock:  clk_out2_clk_wiz_0

Max Delay            30 Endpoints
Min Delay            30 Endpoints
--------------------------------------------------------------------------------------


Max Delay Paths
--------------------------------------------------------------------------------------
Slack:                    inf
  Source:                 reset_n
                            (input port)
  Destination:            Audio_Codec/initialize_audio/state_reg[1]/S
                            (rising edge-triggered cell FDSE clocked by clk_out2_clk_wiz_0  {rise@0.000ns fall@10.000ns period=20.000ns})
  Path Group:             (none)
  Path Type:              Setup (Max at Slow Process Corner)
  Data Path Delay:        6.486ns  (logic 1.219ns (18.790%)  route 5.267ns (81.210%))
  Logic Levels:           2  (IBUF=1 LUT1=1)
  Clock Path Skew:        1.704ns (DCD - SCD + CPR)
    Destination Clock Delay (DCD):    1.704ns
    Source Clock Delay      (SCD):    0.000ns
    Clock Pessimism Removal (CPR):    0.000ns
  Clock Uncertainty:      0.178ns  ((TSJ^2 + DJ^2)^1/2) / 2 + PE
    Total System Jitter     (TSJ):    0.050ns
    Discrete Jitter          (DJ):    0.152ns
    Phase Error              (PE):    0.099ns

    Location             Delay type                Incr(ns)  Path(ns)    Netlist Resource(s)
  -------------------------------------------------------------------    -------------------
    G4                                                0.000     0.000 f  reset_n (IN)
                         net (fo=0)                   0.000     0.000    reset_n
    G4                   IBUF (Prop_ibuf_I_O)         1.062     1.062 f  reset_n_IBUF_inst/O
                         net (fo=31, routed)          4.389     5.451    Audio_Codec/audio_inout/reset_n_IBUF
    SLICE_X158Y114       LUT1 (Prop_lut1_I0_O)        0.157     5.608 r  Audio_Codec/audio_inout/state[2]_i_1/O
                         net (fo=14, routed)          0.878     6.486    Audio_Codec/initialize_audio/SR[0]
    SLICE_X158Y116       FDSE                                         r  Audio_Codec/initialize_audio/state_reg[1]/S
  -------------------------------------------------------------------    -------------------

                         (clock clk_out2_clk_wiz_0 rise edge)
                                                      0.000     0.000 r  
    BUFGCTRL_X0Y2        BUFG                         0.000     0.000 r  clk_IBUF_BUFG_inst/O
                         net (fo=105, routed)         1.972     1.972    Audio_Codec/audiocodec_master_clock/inst/clk_in1
    MMCME2_ADV_X1Y0      MMCME2_ADV (Prop_mmcme2_adv_CLKIN1_CLKOUT1)
                                                     -4.637    -2.665 r  Audio_Codec/audiocodec_master_clock/inst/mmcm_adv_inst/CLKOUT1
                         net (fo=1, routed)           2.574    -0.091    Audio_Codec/audiocodec_master_clock/inst/clk_out2_clk_wiz_0
    BUFGCTRL_X0Y1        BUFG (Prop_bufg_I_O)         0.091     0.000 r  Audio_Codec/audiocodec_master_clock/inst/clkout2_buf/O
                         net (fo=115, routed)         1.704     1.704    Audio_Codec/initialize_audio/CLK
    SLICE_X158Y116       FDSE                                         r  Audio_Codec/initialize_audio/state_reg[1]/C

Slack:                    inf
  Source:                 reset_n
                            (input port)
  Destination:            Audio_Codec/initialize_audio/state_reg[2]/S
                            (rising edge-triggered cell FDSE clocked by clk_out2_clk_wiz_0  {rise@0.000ns fall@10.000ns period=20.000ns})
  Path Group:             (none)
  Path Type:              Setup (Max at Slow Process Corner)
  Data Path Delay:        6.486ns  (logic 1.219ns (18.790%)  route 5.267ns (81.210%))
  Logic Levels:           2  (IBUF=1 LUT1=1)
  Clock Path Skew:        1.704ns (DCD - SCD + CPR)
    Destination Clock Delay (DCD):    1.704ns
    Source Clock Delay      (SCD):    0.000ns
    Clock Pessimism Removal (CPR):    0.000ns
  Clock Uncertainty:      0.178ns  ((TSJ^2 + DJ^2)^1/2) / 2 + PE
    Total System Jitter     (TSJ):    0.050ns
    Discrete Jitter          (DJ):    0.152ns
    Phase Error              (PE):    0.099ns

    Location             Delay type                Incr(ns)  Path(ns)    Netlist Resource(s)
  -------------------------------------------------------------------    -------------------
    G4                                                0.000     0.000 f  reset_n (IN)
                         net (fo=0)                   0.000     0.000    reset_n
    G4                   IBUF (Prop_ibuf_I_O)         1.062     1.062 f  reset_n_IBUF_inst/O
                         net (fo=31, routed)          4.389     5.451    Audio_Codec/audio_inout/reset_n_IBUF
    SLICE_X158Y114       LUT1 (Prop_lut1_I0_O)        0.157     5.608 r  Audio_Codec/audio_inout/state[2]_i_1/O
                         net (fo=14, routed)          0.878     6.486    Audio_Codec/initialize_audio/SR[0]
    SLICE_X158Y116       FDSE                                         r  Audio_Codec/initialize_audio/state_reg[2]/S
  -------------------------------------------------------------------    -------------------

                         (clock clk_out2_clk_wiz_0 rise edge)
                                                      0.000     0.000 r  
    BUFGCTRL_X0Y2        BUFG                         0.000     0.000 r  clk_IBUF_BUFG_inst/O
                         net (fo=105, routed)         1.972     1.972    Audio_Codec/audiocodec_master_clock/inst/clk_in1
    MMCME2_ADV_X1Y0      MMCME2_ADV (Prop_mmcme2_adv_CLKIN1_CLKOUT1)
                                                     -4.637    -2.665 r  Audio_Codec/audiocodec_master_clock/inst/mmcm_adv_inst/CLKOUT1
                         net (fo=1, routed)           2.574    -0.091    Audio_Codec/audiocodec_master_clock/inst/clk_out2_clk_wiz_0
    BUFGCTRL_X0Y1        BUFG (Prop_bufg_I_O)         0.091     0.000 r  Audio_Codec/audiocodec_master_clock/inst/clkout2_buf/O
                         net (fo=115, routed)         1.704     1.704    Audio_Codec/initialize_audio/CLK
    SLICE_X158Y116       FDSE                                         r  Audio_Codec/initialize_audio/state_reg[2]/C

Slack:                    inf
  Source:                 reset_n
                            (input port)
  Destination:            Audio_Codec/initialize_audio/state_reg[0]/R
                            (rising edge-triggered cell FDRE clocked by clk_out2_clk_wiz_0  {rise@0.000ns fall@10.000ns period=20.000ns})
  Path Group:             (none)
  Path Type:              Setup (Max at Slow Process Corner)
  Data Path Delay:        6.160ns  (logic 1.219ns (19.785%)  route 4.941ns (80.215%))
  Logic Levels:           2  (IBUF=1 LUT1=1)
  Clock Path Skew:        1.705ns (DCD - SCD + CPR)
    Destination Clock Delay (DCD):    1.705ns
    Source Clock Delay      (SCD):    0.000ns
    Clock Pessimism Removal (CPR):    0.000ns
  Clock Uncertainty:      0.178ns  ((TSJ^2 + DJ^2)^1/2) / 2 + PE
    Total System Jitter     (TSJ):    0.050ns
    Discrete Jitter          (DJ):    0.152ns
    Phase Error              (PE):    0.099ns

    Location             Delay type                Incr(ns)  Path(ns)    Netlist Resource(s)
  -------------------------------------------------------------------    -------------------
    G4                                                0.000     0.000 f  reset_n (IN)
                         net (fo=0)                   0.000     0.000    reset_n
    G4                   IBUF (Prop_ibuf_I_O)         1.062     1.062 f  reset_n_IBUF_inst/O
                         net (fo=31, routed)          4.389     5.451    Audio_Codec/audio_inout/reset_n_IBUF
    SLICE_X158Y114       LUT1 (Prop_lut1_I0_O)        0.157     5.608 r  Audio_Codec/audio_inout/state[2]_i_1/O
                         net (fo=14, routed)          0.552     6.160    Audio_Codec/initialize_audio/SR[0]
    SLICE_X159Y115       FDRE                                         r  Audio_Codec/initialize_audio/state_reg[0]/R
  -------------------------------------------------------------------    -------------------

                         (clock clk_out2_clk_wiz_0 rise edge)
                                                      0.000     0.000 r  
    BUFGCTRL_X0Y2        BUFG                         0.000     0.000 r  clk_IBUF_BUFG_inst/O
                         net (fo=105, routed)         1.972     1.972    Audio_Codec/audiocodec_master_clock/inst/clk_in1
    MMCME2_ADV_X1Y0      MMCME2_ADV (Prop_mmcme2_adv_CLKIN1_CLKOUT1)
                                                     -4.637    -2.665 r  Audio_Codec/audiocodec_master_clock/inst/mmcm_adv_inst/CLKOUT1
                         net (fo=1, routed)           2.574    -0.091    Audio_Codec/audiocodec_master_clock/inst/clk_out2_clk_wiz_0
    BUFGCTRL_X0Y1        BUFG (Prop_bufg_I_O)         0.091     0.000 r  Audio_Codec/audiocodec_master_clock/inst/clkout2_buf/O
                         net (fo=115, routed)         1.705     1.705    Audio_Codec/initialize_audio/CLK
    SLICE_X159Y115       FDRE                                         r  Audio_Codec/initialize_audio/state_reg[0]/C

Slack:                    inf
  Source:                 reset_n
                            (input port)
  Destination:            Audio_Codec/initialize_audio/state_reg[3]/R
                            (rising edge-triggered cell FDRE clocked by clk_out2_clk_wiz_0  {rise@0.000ns fall@10.000ns period=20.000ns})
  Path Group:             (none)
  Path Type:              Setup (Max at Slow Process Corner)
  Data Path Delay:        6.160ns  (logic 1.219ns (19.785%)  route 4.941ns (80.215%))
  Logic Levels:           2  (IBUF=1 LUT1=1)
  Clock Path Skew:        1.705ns (DCD - SCD + CPR)
    Destination Clock Delay (DCD):    1.705ns
    Source Clock Delay      (SCD):    0.000ns
    Clock Pessimism Removal (CPR):    0.000ns
  Clock Uncertainty:      0.178ns  ((TSJ^2 + DJ^2)^1/2) / 2 + PE
    Total System Jitter     (TSJ):    0.050ns
    Discrete Jitter          (DJ):    0.152ns
    Phase Error              (PE):    0.099ns

    Location             Delay type                Incr(ns)  Path(ns)    Netlist Resource(s)
  -------------------------------------------------------------------    -------------------
    G4                                                0.000     0.000 f  reset_n (IN)
                         net (fo=0)                   0.000     0.000    reset_n
    G4                   IBUF (Prop_ibuf_I_O)         1.062     1.062 f  reset_n_IBUF_inst/O
                         net (fo=31, routed)          4.389     5.451    Audio_Codec/audio_inout/reset_n_IBUF
    SLICE_X158Y114       LUT1 (Prop_lut1_I0_O)        0.157     5.608 r  Audio_Codec/audio_inout/state[2]_i_1/O
                         net (fo=14, routed)          0.552     6.160    Audio_Codec/initialize_audio/SR[0]
    SLICE_X159Y115       FDRE                                         r  Audio_Codec/initialize_audio/state_reg[3]/R
  -------------------------------------------------------------------    -------------------

                         (clock clk_out2_clk_wiz_0 rise edge)
                                                      0.000     0.000 r  
    BUFGCTRL_X0Y2        BUFG                         0.000     0.000 r  clk_IBUF_BUFG_inst/O
                         net (fo=105, routed)         1.972     1.972    Audio_Codec/audiocodec_master_clock/inst/clk_in1
    MMCME2_ADV_X1Y0      MMCME2_ADV (Prop_mmcme2_adv_CLKIN1_CLKOUT1)
                                                     -4.637    -2.665 r  Audio_Codec/audiocodec_master_clock/inst/mmcm_adv_inst/CLKOUT1
                         net (fo=1, routed)           2.574    -0.091    Audio_Codec/audiocodec_master_clock/inst/clk_out2_clk_wiz_0
    BUFGCTRL_X0Y1        BUFG (Prop_bufg_I_O)         0.091     0.000 r  Audio_Codec/audiocodec_master_clock/inst/clkout2_buf/O
                         net (fo=115, routed)         1.705     1.705    Audio_Codec/initialize_audio/CLK
    SLICE_X159Y115       FDRE                                         r  Audio_Codec/initialize_audio/state_reg[3]/C

Slack:                    inf
  Source:                 reset_n
                            (input port)
  Destination:            Audio_Codec/initialize_audio/twi_controller/FSM_gray_state_reg[1]/CE
                            (rising edge-triggered cell FDRE clocked by clk_out2_clk_wiz_0  {rise@0.000ns fall@10.000ns period=20.000ns})
  Path Group:             (none)
  Path Type:              Setup (Max at Slow Process Corner)
  Data Path Delay:        6.152ns  (logic 1.434ns (23.306%)  route 4.718ns (76.694%))
  Logic Levels:           4  (IBUF=1 LUT5=1 LUT6=2)
  Clock Path Skew:        1.701ns (DCD - SCD + CPR)
    Destination Clock Delay (DCD):    1.701ns
    Source Clock Delay      (SCD):    0.000ns
    Clock Pessimism Removal (CPR):    0.000ns
  Clock Uncertainty:      0.178ns  ((TSJ^2 + DJ^2)^1/2) / 2 + PE
    Total System Jitter     (TSJ):    0.050ns
    Discrete Jitter          (DJ):    0.152ns
    Phase Error              (PE):    0.099ns

    Location             Delay type                Incr(ns)  Path(ns)    Netlist Resource(s)
  -------------------------------------------------------------------    -------------------
    G4                                                0.000     0.000 r  reset_n (IN)
                         net (fo=0)                   0.000     0.000    reset_n
    G4                   IBUF (Prop_ibuf_I_O)         1.062     1.062 r  reset_n_IBUF_inst/O
                         net (fo=31, routed)          3.659     4.721    Audio_Codec/initialize_audio/twi_controller/reset_n_IBUF
    SLICE_X162Y119       LUT5 (Prop_lut5_I4_O)        0.124     4.845 r  Audio_Codec/initialize_audio/twi_controller/FSM_gray_state[3]_i_13/O
                         net (fo=1, routed)           0.409     5.254    Audio_Codec/initialize_audio/twi_controller/FSM_gray_state[3]_i_13_n_0
    SLICE_X160Y119       LUT6 (Prop_lut6_I5_O)        0.124     5.378 r  Audio_Codec/initialize_audio/twi_controller/FSM_gray_state[3]_i_8/O
                         net (fo=1, routed)           0.299     5.677    Audio_Codec/initialize_audio/twi_controller/FSM_gray_state[3]_i_8_n_0
    SLICE_X160Y120       LUT6 (Prop_lut6_I5_O)        0.124     5.801 r  Audio_Codec/initialize_audio/twi_controller/FSM_gray_state[3]_i_1/O
                         net (fo=4, routed)           0.351     6.152    Audio_Codec/initialize_audio/twi_controller/FSM_gray_state[3]_i_1_n_0
    SLICE_X162Y121       FDRE                                         r  Audio_Codec/initialize_audio/twi_controller/FSM_gray_state_reg[1]/CE
  -------------------------------------------------------------------    -------------------

                         (clock clk_out2_clk_wiz_0 rise edge)
                                                      0.000     0.000 r  
    BUFGCTRL_X0Y2        BUFG                         0.000     0.000 r  clk_IBUF_BUFG_inst/O
                         net (fo=105, routed)         1.972     1.972    Audio_Codec/audiocodec_master_clock/inst/clk_in1
    MMCME2_ADV_X1Y0      MMCME2_ADV (Prop_mmcme2_adv_CLKIN1_CLKOUT1)
                                                     -4.637    -2.665 r  Audio_Codec/audiocodec_master_clock/inst/mmcm_adv_inst/CLKOUT1
                         net (fo=1, routed)           2.574    -0.091    Audio_Codec/audiocodec_master_clock/inst/clk_out2_clk_wiz_0
    BUFGCTRL_X0Y1        BUFG (Prop_bufg_I_O)         0.091     0.000 r  Audio_Codec/audiocodec_master_clock/inst/clkout2_buf/O
                         net (fo=115, routed)         1.701     1.701    Audio_Codec/initialize_audio/twi_controller/CLK
    SLICE_X162Y121       FDRE                                         r  Audio_Codec/initialize_audio/twi_controller/FSM_gray_state_reg[1]/C

Slack:                    inf
  Source:                 reset_n
                            (input port)
  Destination:            Audio_Codec/initialize_audio/twi_controller/FSM_gray_state_reg[3]/CE
                            (rising edge-triggered cell FDRE clocked by clk_out2_clk_wiz_0  {rise@0.000ns fall@10.000ns period=20.000ns})
  Path Group:             (none)
  Path Type:              Setup (Max at Slow Process Corner)
  Data Path Delay:        6.152ns  (logic 1.434ns (23.306%)  route 4.718ns (76.694%))
  Logic Levels:           4  (IBUF=1 LUT5=1 LUT6=2)
  Clock Path Skew:        1.701ns (DCD - SCD + CPR)
    Destination Clock Delay (DCD):    1.701ns
    Source Clock Delay      (SCD):    0.000ns
    Clock Pessimism Removal (CPR):    0.000ns
  Clock Uncertainty:      0.178ns  ((TSJ^2 + DJ^2)^1/2) / 2 + PE
    Total System Jitter     (TSJ):    0.050ns
    Discrete Jitter          (DJ):    0.152ns
    Phase Error              (PE):    0.099ns

    Location             Delay type                Incr(ns)  Path(ns)    Netlist Resource(s)
  -------------------------------------------------------------------    -------------------
    G4                                                0.000     0.000 r  reset_n (IN)
                         net (fo=0)                   0.000     0.000    reset_n
    G4                   IBUF (Prop_ibuf_I_O)         1.062     1.062 r  reset_n_IBUF_inst/O
                         net (fo=31, routed)          3.659     4.721    Audio_Codec/initialize_audio/twi_controller/reset_n_IBUF
    SLICE_X162Y119       LUT5 (Prop_lut5_I4_O)        0.124     4.845 r  Audio_Codec/initialize_audio/twi_controller/FSM_gray_state[3]_i_13/O
                         net (fo=1, routed)           0.409     5.254    Audio_Codec/initialize_audio/twi_controller/FSM_gray_state[3]_i_13_n_0
    SLICE_X160Y119       LUT6 (Prop_lut6_I5_O)        0.124     5.378 r  Audio_Codec/initialize_audio/twi_controller/FSM_gray_state[3]_i_8/O
                         net (fo=1, routed)           0.299     5.677    Audio_Codec/initialize_audio/twi_controller/FSM_gray_state[3]_i_8_n_0
    SLICE_X160Y120       LUT6 (Prop_lut6_I5_O)        0.124     5.801 r  Audio_Codec/initialize_audio/twi_controller/FSM_gray_state[3]_i_1/O
                         net (fo=4, routed)           0.351     6.152    Audio_Codec/initialize_audio/twi_controller/FSM_gray_state[3]_i_1_n_0
    SLICE_X162Y121       FDRE                                         r  Audio_Codec/initialize_audio/twi_controller/FSM_gray_state_reg[3]/CE
  -------------------------------------------------------------------    -------------------

                         (clock clk_out2_clk_wiz_0 rise edge)
                                                      0.000     0.000 r  
    BUFGCTRL_X0Y2        BUFG                         0.000     0.000 r  clk_IBUF_BUFG_inst/O
                         net (fo=105, routed)         1.972     1.972    Audio_Codec/audiocodec_master_clock/inst/clk_in1
    MMCME2_ADV_X1Y0      MMCME2_ADV (Prop_mmcme2_adv_CLKIN1_CLKOUT1)
                                                     -4.637    -2.665 r  Audio_Codec/audiocodec_master_clock/inst/mmcm_adv_inst/CLKOUT1
                         net (fo=1, routed)           2.574    -0.091    Audio_Codec/audiocodec_master_clock/inst/clk_out2_clk_wiz_0
    BUFGCTRL_X0Y1        BUFG (Prop_bufg_I_O)         0.091     0.000 r  Audio_Codec/audiocodec_master_clock/inst/clkout2_buf/O
                         net (fo=115, routed)         1.701     1.701    Audio_Codec/initialize_audio/twi_controller/CLK
    SLICE_X162Y121       FDRE                                         r  Audio_Codec/initialize_audio/twi_controller/FSM_gray_state_reg[3]/C

Slack:                    inf
  Source:                 reset_n
                            (input port)
  Destination:            Audio_Codec/initialize_audio/twi_controller/FSM_gray_state_reg[0]/CE
                            (rising edge-triggered cell FDRE clocked by clk_out2_clk_wiz_0  {rise@0.000ns fall@10.000ns period=20.000ns})
  Path Group:             (none)
  Path Type:              Setup (Max at Slow Process Corner)
  Data Path Delay:        6.004ns  (logic 1.434ns (23.881%)  route 4.570ns (76.119%))
  Logic Levels:           4  (IBUF=1 LUT5=1 LUT6=2)
  Clock Path Skew:        1.702ns (DCD - SCD + CPR)
    Destination Clock Delay (DCD):    1.702ns
    Source Clock Delay      (SCD):    0.000ns
    Clock Pessimism Removal (CPR):    0.000ns
  Clock Uncertainty:      0.178ns  ((TSJ^2 + DJ^2)^1/2) / 2 + PE
    Total System Jitter     (TSJ):    0.050ns
    Discrete Jitter          (DJ):    0.152ns
    Phase Error              (PE):    0.099ns

    Location             Delay type                Incr(ns)  Path(ns)    Netlist Resource(s)
  -------------------------------------------------------------------    -------------------
    G4                                                0.000     0.000 r  reset_n (IN)
                         net (fo=0)                   0.000     0.000    reset_n
    G4                   IBUF (Prop_ibuf_I_O)         1.062     1.062 r  reset_n_IBUF_inst/O
                         net (fo=31, routed)          3.659     4.721    Audio_Codec/initialize_audio/twi_controller/reset_n_IBUF
    SLICE_X162Y119       LUT5 (Prop_lut5_I4_O)        0.124     4.845 r  Audio_Codec/initialize_audio/twi_controller/FSM_gray_state[3]_i_13/O
                         net (fo=1, routed)           0.409     5.254    Audio_Codec/initialize_audio/twi_controller/FSM_gray_state[3]_i_13_n_0
    SLICE_X160Y119       LUT6 (Prop_lut6_I5_O)        0.124     5.378 r  Audio_Codec/initialize_audio/twi_controller/FSM_gray_state[3]_i_8/O
                         net (fo=1, routed)           0.299     5.677    Audio_Codec/initialize_audio/twi_controller/FSM_gray_state[3]_i_8_n_0
    SLICE_X160Y120       LUT6 (Prop_lut6_I5_O)        0.124     5.801 r  Audio_Codec/initialize_audio/twi_controller/FSM_gray_state[3]_i_1/O
                         net (fo=4, routed)           0.203     6.004    Audio_Codec/initialize_audio/twi_controller/FSM_gray_state[3]_i_1_n_0
    SLICE_X160Y120       FDRE                                         r  Audio_Codec/initialize_audio/twi_controller/FSM_gray_state_reg[0]/CE
  -------------------------------------------------------------------    -------------------

                         (clock clk_out2_clk_wiz_0 rise edge)
                                                      0.000     0.000 r  
    BUFGCTRL_X0Y2        BUFG                         0.000     0.000 r  clk_IBUF_BUFG_inst/O
                         net (fo=105, routed)         1.972     1.972    Audio_Codec/audiocodec_master_clock/inst/clk_in1
    MMCME2_ADV_X1Y0      MMCME2_ADV (Prop_mmcme2_adv_CLKIN1_CLKOUT1)
                                                     -4.637    -2.665 r  Audio_Codec/audiocodec_master_clock/inst/mmcm_adv_inst/CLKOUT1
                         net (fo=1, routed)           2.574    -0.091    Audio_Codec/audiocodec_master_clock/inst/clk_out2_clk_wiz_0
    BUFGCTRL_X0Y1        BUFG (Prop_bufg_I_O)         0.091     0.000 r  Audio_Codec/audiocodec_master_clock/inst/clkout2_buf/O
                         net (fo=115, routed)         1.702     1.702    Audio_Codec/initialize_audio/twi_controller/CLK
    SLICE_X160Y120       FDRE                                         r  Audio_Codec/initialize_audio/twi_controller/FSM_gray_state_reg[0]/C

Slack:                    inf
  Source:                 reset_n
                            (input port)
  Destination:            Audio_Codec/initialize_audio/twi_controller/FSM_gray_state_reg[2]/CE
                            (rising edge-triggered cell FDRE clocked by clk_out2_clk_wiz_0  {rise@0.000ns fall@10.000ns period=20.000ns})
  Path Group:             (none)
  Path Type:              Setup (Max at Slow Process Corner)
  Data Path Delay:        6.004ns  (logic 1.434ns (23.881%)  route 4.570ns (76.119%))
  Logic Levels:           4  (IBUF=1 LUT5=1 LUT6=2)
  Clock Path Skew:        1.702ns (DCD - SCD + CPR)
    Destination Clock Delay (DCD):    1.702ns
    Source Clock Delay      (SCD):    0.000ns
    Clock Pessimism Removal (CPR):    0.000ns
  Clock Uncertainty:      0.178ns  ((TSJ^2 + DJ^2)^1/2) / 2 + PE
    Total System Jitter     (TSJ):    0.050ns
    Discrete Jitter          (DJ):    0.152ns
    Phase Error              (PE):    0.099ns

    Location             Delay type                Incr(ns)  Path(ns)    Netlist Resource(s)
  -------------------------------------------------------------------    -------------------
    G4                                                0.000     0.000 r  reset_n (IN)
                         net (fo=0)                   0.000     0.000    reset_n
    G4                   IBUF (Prop_ibuf_I_O)         1.062     1.062 r  reset_n_IBUF_inst/O
                         net (fo=31, routed)          3.659     4.721    Audio_Codec/initialize_audio/twi_controller/reset_n_IBUF
    SLICE_X162Y119       LUT5 (Prop_lut5_I4_O)        0.124     4.845 r  Audio_Codec/initialize_audio/twi_controller/FSM_gray_state[3]_i_13/O
                         net (fo=1, routed)           0.409     5.254    Audio_Codec/initialize_audio/twi_controller/FSM_gray_state[3]_i_13_n_0
    SLICE_X160Y119       LUT6 (Prop_lut6_I5_O)        0.124     5.378 r  Audio_Codec/initialize_audio/twi_controller/FSM_gray_state[3]_i_8/O
                         net (fo=1, routed)           0.299     5.677    Audio_Codec/initialize_audio/twi_controller/FSM_gray_state[3]_i_8_n_0
    SLICE_X160Y120       LUT6 (Prop_lut6_I5_O)        0.124     5.801 r  Audio_Codec/initialize_audio/twi_controller/FSM_gray_state[3]_i_1/O
                         net (fo=4, routed)           0.203     6.004    Audio_Codec/initialize_audio/twi_controller/FSM_gray_state[3]_i_1_n_0
    SLICE_X160Y120       FDRE                                         r  Audio_Codec/initialize_audio/twi_controller/FSM_gray_state_reg[2]/CE
  -------------------------------------------------------------------    -------------------

                         (clock clk_out2_clk_wiz_0 rise edge)
                                                      0.000     0.000 r  
    BUFGCTRL_X0Y2        BUFG                         0.000     0.000 r  clk_IBUF_BUFG_inst/O
                         net (fo=105, routed)         1.972     1.972    Audio_Codec/audiocodec_master_clock/inst/clk_in1
    MMCME2_ADV_X1Y0      MMCME2_ADV (Prop_mmcme2_adv_CLKIN1_CLKOUT1)
                                                     -4.637    -2.665 r  Audio_Codec/audiocodec_master_clock/inst/mmcm_adv_inst/CLKOUT1
                         net (fo=1, routed)           2.574    -0.091    Audio_Codec/audiocodec_master_clock/inst/clk_out2_clk_wiz_0
    BUFGCTRL_X0Y1        BUFG (Prop_bufg_I_O)         0.091     0.000 r  Audio_Codec/audiocodec_master_clock/inst/clkout2_buf/O
                         net (fo=115, routed)         1.702     1.702    Audio_Codec/initialize_audio/twi_controller/CLK
    SLICE_X160Y120       FDRE                                         r  Audio_Codec/initialize_audio/twi_controller/FSM_gray_state_reg[2]/C

Slack:                    inf
  Source:                 reset_n
                            (input port)
  Destination:            Audio_Codec/initialize_audio/initEn_reg/D
                            (rising edge-triggered cell FDRE clocked by clk_out2_clk_wiz_0  {rise@0.000ns fall@10.000ns period=20.000ns})
  Path Group:             (none)
  Path Type:              Setup (Max at Slow Process Corner)
  Data Path Delay:        5.673ns  (logic 1.310ns (23.089%)  route 4.363ns (76.911%))
  Logic Levels:           3  (IBUF=1 LUT6=2)
  Clock Path Skew:        1.701ns (DCD - SCD + CPR)
    Destination Clock Delay (DCD):    1.701ns
    Source Clock Delay      (SCD):    0.000ns
    Clock Pessimism Removal (CPR):    0.000ns
  Clock Uncertainty:      0.178ns  ((TSJ^2 + DJ^2)^1/2) / 2 + PE
    Total System Jitter     (TSJ):    0.050ns
    Discrete Jitter          (DJ):    0.152ns
    Phase Error              (PE):    0.099ns

    Location             Delay type                Incr(ns)  Path(ns)    Netlist Resource(s)
  -------------------------------------------------------------------    -------------------
    G4                                                0.000     0.000 r  reset_n (IN)
                         net (fo=0)                   0.000     0.000    reset_n
    G4                   IBUF (Prop_ibuf_I_O)         1.062     1.062 r  reset_n_IBUF_inst/O
                         net (fo=31, routed)          3.562     4.624    Audio_Codec/initialize_audio/twi_controller/reset_n_IBUF
    SLICE_X158Y117       LUT6 (Prop_lut6_I2_O)        0.124     4.748 r  Audio_Codec/initialize_audio/twi_controller/initEn_i_2/O
                         net (fo=1, routed)           0.801     5.549    Audio_Codec/initialize_audio/twi_controller/initEn_i_2_n_0
    SLICE_X158Y118       LUT6 (Prop_lut6_I0_O)        0.124     5.673 r  Audio_Codec/initialize_audio/twi_controller/initEn_i_1/O
                         net (fo=1, routed)           0.000     5.673    Audio_Codec/initialize_audio/twi_controller_n_14
    SLICE_X158Y118       FDRE                                         r  Audio_Codec/initialize_audio/initEn_reg/D
  -------------------------------------------------------------------    -------------------

                         (clock clk_out2_clk_wiz_0 rise edge)
                                                      0.000     0.000 r  
    BUFGCTRL_X0Y2        BUFG                         0.000     0.000 r  clk_IBUF_BUFG_inst/O
                         net (fo=105, routed)         1.972     1.972    Audio_Codec/audiocodec_master_clock/inst/clk_in1
    MMCME2_ADV_X1Y0      MMCME2_ADV (Prop_mmcme2_adv_CLKIN1_CLKOUT1)
                                                     -4.637    -2.665 r  Audio_Codec/audiocodec_master_clock/inst/mmcm_adv_inst/CLKOUT1
                         net (fo=1, routed)           2.574    -0.091    Audio_Codec/audiocodec_master_clock/inst/clk_out2_clk_wiz_0
    BUFGCTRL_X0Y1        BUFG (Prop_bufg_I_O)         0.091     0.000 r  Audio_Codec/audiocodec_master_clock/inst/clkout2_buf/O
                         net (fo=115, routed)         1.701     1.701    Audio_Codec/initialize_audio/CLK
    SLICE_X158Y118       FDRE                                         r  Audio_Codec/initialize_audio/initEn_reg/C

Slack:                    inf
  Source:                 reset_n
                            (input port)
  Destination:            Audio_Codec/initialize_audio/initA_reg[6]/D
                            (rising edge-triggered cell FDRE clocked by clk_out2_clk_wiz_0  {rise@0.000ns fall@10.000ns period=20.000ns})
  Path Group:             (none)
  Path Type:              Setup (Max at Slow Process Corner)
  Data Path Delay:        5.597ns  (logic 1.214ns (21.684%)  route 4.384ns (78.316%))
  Logic Levels:           2  (IBUF=1 LUT5=1)
  Clock Path Skew:        1.707ns (DCD - SCD + CPR)
    Destination Clock Delay (DCD):    1.707ns
    Source Clock Delay      (SCD):    0.000ns
    Clock Pessimism Removal (CPR):    0.000ns
  Clock Uncertainty:      0.178ns  ((TSJ^2 + DJ^2)^1/2) / 2 + PE
    Total System Jitter     (TSJ):    0.050ns
    Discrete Jitter          (DJ):    0.152ns
    Phase Error              (PE):    0.099ns

    Location             Delay type                Incr(ns)  Path(ns)    Netlist Resource(s)
  -------------------------------------------------------------------    -------------------
    G4                                                0.000     0.000 r  reset_n (IN)
                         net (fo=0)                   0.000     0.000    reset_n
    G4                   IBUF (Prop_ibuf_I_O)         1.062     1.062 r  reset_n_IBUF_inst/O
                         net (fo=31, routed)          4.384     5.445    Audio_Codec/initialize_audio/twi_controller/reset_n_IBUF
    SLICE_X161Y115       LUT5 (Prop_lut5_I4_O)        0.152     5.597 r  Audio_Codec/initialize_audio/twi_controller/initA[6]_i_1/O
                         net (fo=1, routed)           0.000     5.597    Audio_Codec/initialize_audio/twi_controller_n_12
    SLICE_X161Y115       FDRE                                         r  Audio_Codec/initialize_audio/initA_reg[6]/D
  -------------------------------------------------------------------    -------------------

                         (clock clk_out2_clk_wiz_0 rise edge)
                                                      0.000     0.000 r  
    BUFGCTRL_X0Y2        BUFG                         0.000     0.000 r  clk_IBUF_BUFG_inst/O
                         net (fo=105, routed)         1.972     1.972    Audio_Codec/audiocodec_master_clock/inst/clk_in1
    MMCME2_ADV_X1Y0      MMCME2_ADV (Prop_mmcme2_adv_CLKIN1_CLKOUT1)
                                                     -4.637    -2.665 r  Audio_Codec/audiocodec_master_clock/inst/mmcm_adv_inst/CLKOUT1
                         net (fo=1, routed)           2.574    -0.091    Audio_Codec/audiocodec_master_clock/inst/clk_out2_clk_wiz_0
    BUFGCTRL_X0Y1        BUFG (Prop_bufg_I_O)         0.091     0.000 r  Audio_Codec/audiocodec_master_clock/inst/clkout2_buf/O
                         net (fo=115, routed)         1.707     1.707    Audio_Codec/initialize_audio/CLK
    SLICE_X161Y115       FDRE                                         r  Audio_Codec/initialize_audio/initA_reg[6]/C





Min Delay Paths
--------------------------------------------------------------------------------------
Slack:                    inf
  Source:                 scl
                            (input port)
  Destination:            Audio_Codec/initialize_audio/twi_controller/dScl_reg/D
                            (rising edge-triggered cell FDRE clocked by clk_out2_clk_wiz_0  {rise@0.000ns fall@10.000ns period=20.000ns})
  Path Group:             (none)
  Path Type:              Hold (Min at Fast Process Corner)
  Data Path Delay:        0.558ns  (logic 0.263ns (47.033%)  route 0.296ns (52.967%))
  Logic Levels:           1  (IBUF=1)
  Clock Path Skew:        0.911ns (DCD - SCD - CPR)
    Destination Clock Delay (DCD):    0.911ns
    Source Clock Delay      (SCD):    0.000ns
    Clock Pessimism Removal (CPR):    -0.000ns

    Location             Delay type                Incr(ns)  Path(ns)    Netlist Resource(s)
  -------------------------------------------------------------------    -------------------
    W5                                                0.000     0.000 r  scl (INOUT)
                         net (fo=1, unset)            0.000     0.000    scl_IOBUF_inst/IO
    W5                   IBUF (Prop_ibuf_I_O)         0.263     0.263 r  scl_IOBUF_inst/IBUF/O
                         net (fo=1, routed)           0.296     0.558    Audio_Codec/initialize_audio/twi_controller/scl_IBUF
    SLICE_X162Y119       FDRE                                         r  Audio_Codec/initialize_audio/twi_controller/dScl_reg/D
  -------------------------------------------------------------------    -------------------

                         (clock clk_out2_clk_wiz_0 rise edge)
                                                      0.000     0.000 r  
    BUFGCTRL_X0Y2        BUFG                         0.000     0.000 r  clk_IBUF_BUFG_inst/O
                         net (fo=105, routed)         1.022     1.022    Audio_Codec/audiocodec_master_clock/inst/clk_in1
    MMCME2_ADV_X1Y0      MMCME2_ADV (Prop_mmcme2_adv_CLKIN1_CLKOUT1)
                                                     -2.040    -1.018 r  Audio_Codec/audiocodec_master_clock/inst/mmcm_adv_inst/CLKOUT1
                         net (fo=1, routed)           0.989    -0.029    Audio_Codec/audiocodec_master_clock/inst/clk_out2_clk_wiz_0
    BUFGCTRL_X0Y1        BUFG (Prop_bufg_I_O)         0.029    -0.000 r  Audio_Codec/audiocodec_master_clock/inst/clkout2_buf/O
                         net (fo=115, routed)         0.911     0.911    Audio_Codec/initialize_audio/twi_controller/CLK
    SLICE_X162Y119       FDRE                                         r  Audio_Codec/initialize_audio/twi_controller/dScl_reg/C

Slack:                    inf
  Source:                 sda
                            (input port)
  Destination:            Audio_Codec/initialize_audio/twi_controller/dSda_reg/D
                            (rising edge-triggered cell FDRE clocked by clk_out2_clk_wiz_0  {rise@0.000ns fall@10.000ns period=20.000ns})
  Path Group:             (none)
  Path Type:              Hold (Min at Fast Process Corner)
  Data Path Delay:        0.630ns  (logic 0.246ns (39.008%)  route 0.384ns (60.992%))
  Logic Levels:           1  (IBUF=1)
  Clock Path Skew:        0.912ns (DCD - SCD - CPR)
    Destination Clock Delay (DCD):    0.912ns
    Source Clock Delay      (SCD):    0.000ns
    Clock Pessimism Removal (CPR):    -0.000ns

    Location             Delay type                Incr(ns)  Path(ns)    Netlist Resource(s)
  -------------------------------------------------------------------    -------------------
    V5                                                0.000     0.000 r  sda (INOUT)
                         net (fo=1, unset)            0.000     0.000    sda_IOBUF_inst/IO
    V5                   IBUF (Prop_ibuf_I_O)         0.246     0.246 r  sda_IOBUF_inst/IBUF/O
                         net (fo=1, routed)           0.384     0.630    Audio_Codec/initialize_audio/twi_controller/sda_IBUF
    SLICE_X161Y118       FDRE                                         r  Audio_Codec/initialize_audio/twi_controller/dSda_reg/D
  -------------------------------------------------------------------    -------------------

                         (clock clk_out2_clk_wiz_0 rise edge)
                                                      0.000     0.000 r  
    BUFGCTRL_X0Y2        BUFG                         0.000     0.000 r  clk_IBUF_BUFG_inst/O
                         net (fo=105, routed)         1.022     1.022    Audio_Codec/audiocodec_master_clock/inst/clk_in1
    MMCME2_ADV_X1Y0      MMCME2_ADV (Prop_mmcme2_adv_CLKIN1_CLKOUT1)
                                                     -2.040    -1.018 r  Audio_Codec/audiocodec_master_clock/inst/mmcm_adv_inst/CLKOUT1
                         net (fo=1, routed)           0.989    -0.029    Audio_Codec/audiocodec_master_clock/inst/clk_out2_clk_wiz_0
    BUFGCTRL_X0Y1        BUFG (Prop_bufg_I_O)         0.029    -0.000 r  Audio_Codec/audiocodec_master_clock/inst/clkout2_buf/O
                         net (fo=115, routed)         0.912     0.912    Audio_Codec/initialize_audio/twi_controller/CLK
    SLICE_X161Y118       FDRE                                         r  Audio_Codec/initialize_audio/twi_controller/dSda_reg/C

Slack:                    inf
  Source:                 reset_n
                            (input port)
  Destination:            Audio_Codec/initialize_audio/data_i_reg[0]/CE
                            (rising edge-triggered cell FDRE clocked by clk_out2_clk_wiz_0  {rise@0.000ns fall@10.000ns period=20.000ns})
  Path Group:             (none)
  Path Type:              Hold (Min at Fast Process Corner)
  Data Path Delay:        1.535ns  (logic 0.186ns (12.114%)  route 1.349ns (87.886%))
  Logic Levels:           1  (IBUF=1)
  Clock Path Skew:        0.912ns (DCD - SCD - CPR)
    Destination Clock Delay (DCD):    0.912ns
    Source Clock Delay      (SCD):    0.000ns
    Clock Pessimism Removal (CPR):    -0.000ns

    Location             Delay type                Incr(ns)  Path(ns)    Netlist Resource(s)
  -------------------------------------------------------------------    -------------------
    G4                                                0.000     0.000 r  reset_n (IN)
                         net (fo=0)                   0.000     0.000    reset_n
    G4                   IBUF (Prop_ibuf_I_O)         0.186     0.186 r  reset_n_IBUF_inst/O
                         net (fo=31, routed)          1.349     1.535    Audio_Codec/initialize_audio/reset_n_IBUF
    SLICE_X160Y118       FDRE                                         r  Audio_Codec/initialize_audio/data_i_reg[0]/CE
  -------------------------------------------------------------------    -------------------

                         (clock clk_out2_clk_wiz_0 rise edge)
                                                      0.000     0.000 r  
    BUFGCTRL_X0Y2        BUFG                         0.000     0.000 r  clk_IBUF_BUFG_inst/O
                         net (fo=105, routed)         1.022     1.022    Audio_Codec/audiocodec_master_clock/inst/clk_in1
    MMCME2_ADV_X1Y0      MMCME2_ADV (Prop_mmcme2_adv_CLKIN1_CLKOUT1)
                                                     -2.040    -1.018 r  Audio_Codec/audiocodec_master_clock/inst/mmcm_adv_inst/CLKOUT1
                         net (fo=1, routed)           0.989    -0.029    Audio_Codec/audiocodec_master_clock/inst/clk_out2_clk_wiz_0
    BUFGCTRL_X0Y1        BUFG (Prop_bufg_I_O)         0.029    -0.000 r  Audio_Codec/audiocodec_master_clock/inst/clkout2_buf/O
                         net (fo=115, routed)         0.912     0.912    Audio_Codec/initialize_audio/CLK
    SLICE_X160Y118       FDRE                                         r  Audio_Codec/initialize_audio/data_i_reg[0]/C

Slack:                    inf
  Source:                 reset_n
                            (input port)
  Destination:            Audio_Codec/initialize_audio/msg_reg/CE
                            (rising edge-triggered cell FDRE clocked by clk_out2_clk_wiz_0  {rise@0.000ns fall@10.000ns period=20.000ns})
  Path Group:             (none)
  Path Type:              Hold (Min at Fast Process Corner)
  Data Path Delay:        1.535ns  (logic 0.186ns (12.114%)  route 1.349ns (87.886%))
  Logic Levels:           1  (IBUF=1)
  Clock Path Skew:        0.912ns (DCD - SCD - CPR)
    Destination Clock Delay (DCD):    0.912ns
    Source Clock Delay      (SCD):    0.000ns
    Clock Pessimism Removal (CPR):    -0.000ns

    Location             Delay type                Incr(ns)  Path(ns)    Netlist Resource(s)
  -------------------------------------------------------------------    -------------------
    G4                                                0.000     0.000 r  reset_n (IN)
                         net (fo=0)                   0.000     0.000    reset_n
    G4                   IBUF (Prop_ibuf_I_O)         0.186     0.186 r  reset_n_IBUF_inst/O
                         net (fo=31, routed)          1.349     1.535    Audio_Codec/initialize_audio/reset_n_IBUF
    SLICE_X160Y118       FDRE                                         r  Audio_Codec/initialize_audio/msg_reg/CE
  -------------------------------------------------------------------    -------------------

                         (clock clk_out2_clk_wiz_0 rise edge)
                                                      0.000     0.000 r  
    BUFGCTRL_X0Y2        BUFG                         0.000     0.000 r  clk_IBUF_BUFG_inst/O
                         net (fo=105, routed)         1.022     1.022    Audio_Codec/audiocodec_master_clock/inst/clk_in1
    MMCME2_ADV_X1Y0      MMCME2_ADV (Prop_mmcme2_adv_CLKIN1_CLKOUT1)
                                                     -2.040    -1.018 r  Audio_Codec/audiocodec_master_clock/inst/mmcm_adv_inst/CLKOUT1
                         net (fo=1, routed)           0.989    -0.029    Audio_Codec/audiocodec_master_clock/inst/clk_out2_clk_wiz_0
    BUFGCTRL_X0Y1        BUFG (Prop_bufg_I_O)         0.029    -0.000 r  Audio_Codec/audiocodec_master_clock/inst/clkout2_buf/O
                         net (fo=115, routed)         0.912     0.912    Audio_Codec/initialize_audio/CLK
    SLICE_X160Y118       FDRE                                         r  Audio_Codec/initialize_audio/msg_reg/C

Slack:                    inf
  Source:                 reset_n
                            (input port)
  Destination:            Audio_Codec/initialize_audio/stb_reg/CE
                            (rising edge-triggered cell FDRE clocked by clk_out2_clk_wiz_0  {rise@0.000ns fall@10.000ns period=20.000ns})
  Path Group:             (none)
  Path Type:              Hold (Min at Fast Process Corner)
  Data Path Delay:        1.535ns  (logic 0.186ns (12.114%)  route 1.349ns (87.886%))
  Logic Levels:           1  (IBUF=1)
  Clock Path Skew:        0.912ns (DCD - SCD - CPR)
    Destination Clock Delay (DCD):    0.912ns
    Source Clock Delay      (SCD):    0.000ns
    Clock Pessimism Removal (CPR):    -0.000ns

    Location             Delay type                Incr(ns)  Path(ns)    Netlist Resource(s)
  -------------------------------------------------------------------    -------------------
    G4                                                0.000     0.000 r  reset_n (IN)
                         net (fo=0)                   0.000     0.000    reset_n
    G4                   IBUF (Prop_ibuf_I_O)         0.186     0.186 r  reset_n_IBUF_inst/O
                         net (fo=31, routed)          1.349     1.535    Audio_Codec/initialize_audio/reset_n_IBUF
    SLICE_X160Y118       FDRE                                         r  Audio_Codec/initialize_audio/stb_reg/CE
  -------------------------------------------------------------------    -------------------

                         (clock clk_out2_clk_wiz_0 rise edge)
                                                      0.000     0.000 r  
    BUFGCTRL_X0Y2        BUFG                         0.000     0.000 r  clk_IBUF_BUFG_inst/O
                         net (fo=105, routed)         1.022     1.022    Audio_Codec/audiocodec_master_clock/inst/clk_in1
    MMCME2_ADV_X1Y0      MMCME2_ADV (Prop_mmcme2_adv_CLKIN1_CLKOUT1)
                                                     -2.040    -1.018 r  Audio_Codec/audiocodec_master_clock/inst/mmcm_adv_inst/CLKOUT1
                         net (fo=1, routed)           0.989    -0.029    Audio_Codec/audiocodec_master_clock/inst/clk_out2_clk_wiz_0
    BUFGCTRL_X0Y1        BUFG (Prop_bufg_I_O)         0.029    -0.000 r  Audio_Codec/audiocodec_master_clock/inst/clkout2_buf/O
                         net (fo=115, routed)         0.912     0.912    Audio_Codec/initialize_audio/CLK
    SLICE_X160Y118       FDRE                                         r  Audio_Codec/initialize_audio/stb_reg/C

Slack:                    inf
  Source:                 reset_n
                            (input port)
  Destination:            Audio_Codec/initialize_audio/data_i_reg[2]/CE
                            (rising edge-triggered cell FDRE clocked by clk_out2_clk_wiz_0  {rise@0.000ns fall@10.000ns period=20.000ns})
  Path Group:             (none)
  Path Type:              Hold (Min at Fast Process Corner)
  Data Path Delay:        1.542ns  (logic 0.186ns (12.059%)  route 1.356ns (87.941%))
  Logic Levels:           1  (IBUF=1)
  Clock Path Skew:        0.913ns (DCD - SCD - CPR)
    Destination Clock Delay (DCD):    0.913ns
    Source Clock Delay      (SCD):    0.000ns
    Clock Pessimism Removal (CPR):    -0.000ns

    Location             Delay type                Incr(ns)  Path(ns)    Netlist Resource(s)
  -------------------------------------------------------------------    -------------------
    G4                                                0.000     0.000 r  reset_n (IN)
                         net (fo=0)                   0.000     0.000    reset_n
    G4                   IBUF (Prop_ibuf_I_O)         0.186     0.186 r  reset_n_IBUF_inst/O
                         net (fo=31, routed)          1.356     1.542    Audio_Codec/initialize_audio/reset_n_IBUF
    SLICE_X162Y117       FDRE                                         r  Audio_Codec/initialize_audio/data_i_reg[2]/CE
  -------------------------------------------------------------------    -------------------

                         (clock clk_out2_clk_wiz_0 rise edge)
                                                      0.000     0.000 r  
    BUFGCTRL_X0Y2        BUFG                         0.000     0.000 r  clk_IBUF_BUFG_inst/O
                         net (fo=105, routed)         1.022     1.022    Audio_Codec/audiocodec_master_clock/inst/clk_in1
    MMCME2_ADV_X1Y0      MMCME2_ADV (Prop_mmcme2_adv_CLKIN1_CLKOUT1)
                                                     -2.040    -1.018 r  Audio_Codec/audiocodec_master_clock/inst/mmcm_adv_inst/CLKOUT1
                         net (fo=1, routed)           0.989    -0.029    Audio_Codec/audiocodec_master_clock/inst/clk_out2_clk_wiz_0
    BUFGCTRL_X0Y1        BUFG (Prop_bufg_I_O)         0.029    -0.000 r  Audio_Codec/audiocodec_master_clock/inst/clkout2_buf/O
                         net (fo=115, routed)         0.913     0.913    Audio_Codec/initialize_audio/CLK
    SLICE_X162Y117       FDRE                                         r  Audio_Codec/initialize_audio/data_i_reg[2]/C

Slack:                    inf
  Source:                 reset_n
                            (input port)
  Destination:            Audio_Codec/initialize_audio/data_i_reg[3]/CE
                            (rising edge-triggered cell FDRE clocked by clk_out2_clk_wiz_0  {rise@0.000ns fall@10.000ns period=20.000ns})
  Path Group:             (none)
  Path Type:              Hold (Min at Fast Process Corner)
  Data Path Delay:        1.542ns  (logic 0.186ns (12.059%)  route 1.356ns (87.941%))
  Logic Levels:           1  (IBUF=1)
  Clock Path Skew:        0.913ns (DCD - SCD - CPR)
    Destination Clock Delay (DCD):    0.913ns
    Source Clock Delay      (SCD):    0.000ns
    Clock Pessimism Removal (CPR):    -0.000ns

    Location             Delay type                Incr(ns)  Path(ns)    Netlist Resource(s)
  -------------------------------------------------------------------    -------------------
    G4                                                0.000     0.000 r  reset_n (IN)
                         net (fo=0)                   0.000     0.000    reset_n
    G4                   IBUF (Prop_ibuf_I_O)         0.186     0.186 r  reset_n_IBUF_inst/O
                         net (fo=31, routed)          1.356     1.542    Audio_Codec/initialize_audio/reset_n_IBUF
    SLICE_X162Y117       FDRE                                         r  Audio_Codec/initialize_audio/data_i_reg[3]/CE
  -------------------------------------------------------------------    -------------------

                         (clock clk_out2_clk_wiz_0 rise edge)
                                                      0.000     0.000 r  
    BUFGCTRL_X0Y2        BUFG                         0.000     0.000 r  clk_IBUF_BUFG_inst/O
                         net (fo=105, routed)         1.022     1.022    Audio_Codec/audiocodec_master_clock/inst/clk_in1
    MMCME2_ADV_X1Y0      MMCME2_ADV (Prop_mmcme2_adv_CLKIN1_CLKOUT1)
                                                     -2.040    -1.018 r  Audio_Codec/audiocodec_master_clock/inst/mmcm_adv_inst/CLKOUT1
                         net (fo=1, routed)           0.989    -0.029    Audio_Codec/audiocodec_master_clock/inst/clk_out2_clk_wiz_0
    BUFGCTRL_X0Y1        BUFG (Prop_bufg_I_O)         0.029    -0.000 r  Audio_Codec/audiocodec_master_clock/inst/clkout2_buf/O
                         net (fo=115, routed)         0.913     0.913    Audio_Codec/initialize_audio/CLK
    SLICE_X162Y117       FDRE                                         r  Audio_Codec/initialize_audio/data_i_reg[3]/C

Slack:                    inf
  Source:                 reset_n
                            (input port)
  Destination:            Audio_Codec/initialize_audio/data_i_reg[5]/CE
                            (rising edge-triggered cell FDRE clocked by clk_out2_clk_wiz_0  {rise@0.000ns fall@10.000ns period=20.000ns})
  Path Group:             (none)
  Path Type:              Hold (Min at Fast Process Corner)
  Data Path Delay:        1.542ns  (logic 0.186ns (12.059%)  route 1.356ns (87.941%))
  Logic Levels:           1  (IBUF=1)
  Clock Path Skew:        0.913ns (DCD - SCD - CPR)
    Destination Clock Delay (DCD):    0.913ns
    Source Clock Delay      (SCD):    0.000ns
    Clock Pessimism Removal (CPR):    -0.000ns

    Location             Delay type                Incr(ns)  Path(ns)    Netlist Resource(s)
  -------------------------------------------------------------------    -------------------
    G4                                                0.000     0.000 r  reset_n (IN)
                         net (fo=0)                   0.000     0.000    reset_n
    G4                   IBUF (Prop_ibuf_I_O)         0.186     0.186 r  reset_n_IBUF_inst/O
                         net (fo=31, routed)          1.356     1.542    Audio_Codec/initialize_audio/reset_n_IBUF
    SLICE_X162Y117       FDRE                                         r  Audio_Codec/initialize_audio/data_i_reg[5]/CE
  -------------------------------------------------------------------    -------------------

                         (clock clk_out2_clk_wiz_0 rise edge)
                                                      0.000     0.000 r  
    BUFGCTRL_X0Y2        BUFG                         0.000     0.000 r  clk_IBUF_BUFG_inst/O
                         net (fo=105, routed)         1.022     1.022    Audio_Codec/audiocodec_master_clock/inst/clk_in1
    MMCME2_ADV_X1Y0      MMCME2_ADV (Prop_mmcme2_adv_CLKIN1_CLKOUT1)
                                                     -2.040    -1.018 r  Audio_Codec/audiocodec_master_clock/inst/mmcm_adv_inst/CLKOUT1
                         net (fo=1, routed)           0.989    -0.029    Audio_Codec/audiocodec_master_clock/inst/clk_out2_clk_wiz_0
    BUFGCTRL_X0Y1        BUFG (Prop_bufg_I_O)         0.029    -0.000 r  Audio_Codec/audiocodec_master_clock/inst/clkout2_buf/O
                         net (fo=115, routed)         0.913     0.913    Audio_Codec/initialize_audio/CLK
    SLICE_X162Y117       FDRE                                         r  Audio_Codec/initialize_audio/data_i_reg[5]/C

Slack:                    inf
  Source:                 reset_n
                            (input port)
  Destination:            Audio_Codec/initialize_audio/data_i_reg[6]/CE
                            (rising edge-triggered cell FDRE clocked by clk_out2_clk_wiz_0  {rise@0.000ns fall@10.000ns period=20.000ns})
  Path Group:             (none)
  Path Type:              Hold (Min at Fast Process Corner)
  Data Path Delay:        1.542ns  (logic 0.186ns (12.059%)  route 1.356ns (87.941%))
  Logic Levels:           1  (IBUF=1)
  Clock Path Skew:        0.913ns (DCD - SCD - CPR)
    Destination Clock Delay (DCD):    0.913ns
    Source Clock Delay      (SCD):    0.000ns
    Clock Pessimism Removal (CPR):    -0.000ns

    Location             Delay type                Incr(ns)  Path(ns)    Netlist Resource(s)
  -------------------------------------------------------------------    -------------------
    G4                                                0.000     0.000 r  reset_n (IN)
                         net (fo=0)                   0.000     0.000    reset_n
    G4                   IBUF (Prop_ibuf_I_O)         0.186     0.186 r  reset_n_IBUF_inst/O
                         net (fo=31, routed)          1.356     1.542    Audio_Codec/initialize_audio/reset_n_IBUF
    SLICE_X162Y117       FDRE                                         r  Audio_Codec/initialize_audio/data_i_reg[6]/CE
  -------------------------------------------------------------------    -------------------

                         (clock clk_out2_clk_wiz_0 rise edge)
                                                      0.000     0.000 r  
    BUFGCTRL_X0Y2        BUFG                         0.000     0.000 r  clk_IBUF_BUFG_inst/O
                         net (fo=105, routed)         1.022     1.022    Audio_Codec/audiocodec_master_clock/inst/clk_in1
    MMCME2_ADV_X1Y0      MMCME2_ADV (Prop_mmcme2_adv_CLKIN1_CLKOUT1)
                                                     -2.040    -1.018 r  Audio_Codec/audiocodec_master_clock/inst/mmcm_adv_inst/CLKOUT1
                         net (fo=1, routed)           0.989    -0.029    Audio_Codec/audiocodec_master_clock/inst/clk_out2_clk_wiz_0
    BUFGCTRL_X0Y1        BUFG (Prop_bufg_I_O)         0.029    -0.000 r  Audio_Codec/audiocodec_master_clock/inst/clkout2_buf/O
                         net (fo=115, routed)         0.913     0.913    Audio_Codec/initialize_audio/CLK
    SLICE_X162Y117       FDRE                                         r  Audio_Codec/initialize_audio/data_i_reg[6]/C

Slack:                    inf
  Source:                 reset_n
                            (input port)
  Destination:            Audio_Codec/initialize_audio/twi_controller/int_Rst_reg/D
                            (rising edge-triggered cell FDRE clocked by clk_out2_clk_wiz_0  {rise@0.000ns fall@10.000ns period=20.000ns})
  Path Group:             (none)
  Path Type:              Hold (Min at Fast Process Corner)
  Data Path Delay:        1.584ns  (logic 0.231ns (14.574%)  route 1.353ns (85.426%))
  Logic Levels:           2  (IBUF=1 LUT6=1)
  Clock Path Skew:        0.911ns (DCD - SCD - CPR)
    Destination Clock Delay (DCD):    0.911ns
    Source Clock Delay      (SCD):    0.000ns
    Clock Pessimism Removal (CPR):    -0.000ns

    Location             Delay type                Incr(ns)  Path(ns)    Netlist Resource(s)
  -------------------------------------------------------------------    -------------------
    G4                                                0.000     0.000 f  reset_n (IN)
                         net (fo=0)                   0.000     0.000    reset_n
    G4                   IBUF (Prop_ibuf_I_O)         0.186     0.186 f  reset_n_IBUF_inst/O
                         net (fo=31, routed)          1.353     1.539    Audio_Codec/initialize_audio/twi_controller/reset_n_IBUF
    SLICE_X163Y119       LUT6 (Prop_lut6_I5_O)        0.045     1.584 r  Audio_Codec/initialize_audio/twi_controller/int_Rst_i_1/O
                         net (fo=1, routed)           0.000     1.584    Audio_Codec/initialize_audio/twi_controller/int_Rst_i_1_n_0
    SLICE_X163Y119       FDRE                                         r  Audio_Codec/initialize_audio/twi_controller/int_Rst_reg/D
  -------------------------------------------------------------------    -------------------

                         (clock clk_out2_clk_wiz_0 rise edge)
                                                      0.000     0.000 r  
    BUFGCTRL_X0Y2        BUFG                         0.000     0.000 r  clk_IBUF_BUFG_inst/O
                         net (fo=105, routed)         1.022     1.022    Audio_Codec/audiocodec_master_clock/inst/clk_in1
    MMCME2_ADV_X1Y0      MMCME2_ADV (Prop_mmcme2_adv_CLKIN1_CLKOUT1)
                                                     -2.040    -1.018 r  Audio_Codec/audiocodec_master_clock/inst/mmcm_adv_inst/CLKOUT1
                         net (fo=1, routed)           0.989    -0.029    Audio_Codec/audiocodec_master_clock/inst/clk_out2_clk_wiz_0
    BUFGCTRL_X0Y1        BUFG (Prop_bufg_I_O)         0.029    -0.000 r  Audio_Codec/audiocodec_master_clock/inst/clkout2_buf/O
                         net (fo=115, routed)         0.911     0.911    Audio_Codec/initialize_audio/twi_controller/CLK
    SLICE_X163Y119       FDRE                                         r  Audio_Codec/initialize_audio/twi_controller/int_Rst_reg/C





