
*** Running vivado
    with args -log Final_Project_wrapper.vdi -applog -m64 -product Vivado -messageDb vivado.pb -mode batch -source Final_Project_wrapper.tcl -notrace



****** Vivado v2024.2 (64-bit)
  **** SW Build 5239630 on Fri Nov 08 22:35:27 MST 2024
  **** IP Build 5239520 on Sun Nov 10 16:12:51 MST 2024
  **** SharedData Build 5239561 on Fri Nov 08 14:39:27 MST 2024
  **** Start of session at: Wed May  7 21:50:03 2025
    ** Copyright 1986-2022 Xilinx, Inc. All Rights Reserved.
    ** Copyright 2022-2024 Advanced Micro Devices, Inc. All Rights Reserved.

source Final_Project_wrapper.tcl -notrace
INFO: [IP_Flow 19-234] Refreshing IP repositories
INFO: [IP_Flow 19-1700] Loaded user IP repository 'c:/ece383/ip_repo/frogger1_1_0'.
INFO: [IP_Flow 19-2313] Loaded Vivado IP repository 'C:/Xilinx2/Vivado/2024.2/data/ip'.
add_files: Time (s): cpu = 00:00:03 ; elapsed = 00:00:06 . Memory (MB): peak = 391.820 ; gain = 97.828
Command: link_design -top Final_Project_wrapper -part xc7a200tsbg484-1
Design is defaulting to srcset: sources_1
Design is defaulting to constrset: constrs_1
INFO: [Device 21-403] Loading part xc7a200tsbg484-1
INFO: [Project 1-454] Reading design checkpoint 'c:/ece383/Final_Project/Final_Project.gen/sources_1/bd/Final_Project/ip/Final_Project_axi_smc_0/Final_Project_axi_smc_0.dcp' for cell 'Final_Project_i/axi_smc'
INFO: [Project 1-454] Reading design checkpoint 'c:/ece383/Final_Project/Final_Project.gen/sources_1/bd/Final_Project/ip/Final_Project_axi_smc_1_0/Final_Project_axi_smc_1_0.dcp' for cell 'Final_Project_i/axi_smc_1'
INFO: [Project 1-454] Reading design checkpoint 'c:/ece383/Final_Project/Final_Project.gen/sources_1/bd/Final_Project/ip/Final_Project_axi_uartlite_0_0/Final_Project_axi_uartlite_0_0.dcp' for cell 'Final_Project_i/axi_uartlite_0'
INFO: [Project 1-454] Reading design checkpoint 'c:/ece383/Final_Project/Final_Project.gen/sources_1/bd/Final_Project/ip/Final_Project_clk_wiz_1_0/Final_Project_clk_wiz_1_0.dcp' for cell 'Final_Project_i/clk_wiz_1'
INFO: [Project 1-454] Reading design checkpoint 'c:/ece383/Final_Project/Final_Project.gen/sources_1/bd/Final_Project/ip/Final_Project_frogger1_0_0/Final_Project_frogger1_0_0.dcp' for cell 'Final_Project_i/frogger1_0'
INFO: [Project 1-454] Reading design checkpoint 'c:/ece383/Final_Project/Final_Project.gen/sources_1/bd/Final_Project/ip/Final_Project_mdm_1_0/Final_Project_mdm_1_0.dcp' for cell 'Final_Project_i/mdm_1'
INFO: [Project 1-454] Reading design checkpoint 'c:/ece383/Final_Project/Final_Project.gen/sources_1/bd/Final_Project/ip/Final_Project_microblaze_0_0/Final_Project_microblaze_0_0.dcp' for cell 'Final_Project_i/microblaze_0'
INFO: [Project 1-454] Reading design checkpoint 'c:/ece383/Final_Project/Final_Project.gen/sources_1/bd/Final_Project/ip/Final_Project_mig_7series_0_0/Final_Project_mig_7series_0_0.dcp' for cell 'Final_Project_i/mig_7series_0'
INFO: [Project 1-454] Reading design checkpoint 'c:/ece383/Final_Project/Final_Project.gen/sources_1/bd/Final_Project/ip/Final_Project_rst_clk_wiz_1_100M_0/Final_Project_rst_clk_wiz_1_100M_0.dcp' for cell 'Final_Project_i/rst_clk_wiz_1_100M'
INFO: [Project 1-454] Reading design checkpoint 'c:/ece383/Final_Project/Final_Project.gen/sources_1/bd/Final_Project/ip/Final_Project_rst_mig_7series_0_100M_0/Final_Project_rst_mig_7series_0_100M_0.dcp' for cell 'Final_Project_i/rst_mig_7series_0_100M'
INFO: [Project 1-454] Reading design checkpoint 'c:/ece383/Final_Project/Final_Project.gen/sources_1/bd/Final_Project/ip/Final_Project_util_ds_buf_0_0/Final_Project_util_ds_buf_0_0.dcp' for cell 'Final_Project_i/util_ds_buf_0'
INFO: [Project 1-454] Reading design checkpoint 'c:/ece383/Final_Project/Final_Project.gen/sources_1/bd/Final_Project/ip/Final_Project_dlmb_bram_if_cntlr_0/Final_Project_dlmb_bram_if_cntlr_0.dcp' for cell 'Final_Project_i/microblaze_0_local_memory/dlmb_bram_if_cntlr'
INFO: [Project 1-454] Reading design checkpoint 'c:/ece383/Final_Project/Final_Project.gen/sources_1/bd/Final_Project/ip/Final_Project_dlmb_v10_0/Final_Project_dlmb_v10_0.dcp' for cell 'Final_Project_i/microblaze_0_local_memory/dlmb_v10'
INFO: [Project 1-454] Reading design checkpoint 'c:/ece383/Final_Project/Final_Project.gen/sources_1/bd/Final_Project/ip/Final_Project_ilmb_bram_if_cntlr_0/Final_Project_ilmb_bram_if_cntlr_0.dcp' for cell 'Final_Project_i/microblaze_0_local_memory/ilmb_bram_if_cntlr'
INFO: [Project 1-454] Reading design checkpoint 'c:/ece383/Final_Project/Final_Project.gen/sources_1/bd/Final_Project/ip/Final_Project_ilmb_v10_0/Final_Project_ilmb_v10_0.dcp' for cell 'Final_Project_i/microblaze_0_local_memory/ilmb_v10'
INFO: [Project 1-454] Reading design checkpoint 'c:/ece383/Final_Project/Final_Project.gen/sources_1/bd/Final_Project/ip/Final_Project_lmb_bram_0/Final_Project_lmb_bram_0.dcp' for cell 'Final_Project_i/microblaze_0_local_memory/lmb_bram'
Netlist sorting complete. Time (s): cpu = 00:00:00 ; elapsed = 00:00:00.936 . Memory (MB): peak = 766.543 ; gain = 0.000
INFO: [Netlist 29-17] Analyzing 2405 Unisim elements for replacement
INFO: [Netlist 29-28] Unisim Transformation completed in 1 CPU seconds
INFO: [Project 1-479] Netlist was created with Vivado 2024.2
INFO: [Project 1-570] Preparing netlist for logic optimization
WARNING: [Opt 31-32] Removing redundant IBUF since it is not being driven by a top-level port. Final_Project_i/clk_wiz_1/inst/clkin1_ibufg 
Resolution: The tool has removed redundant IBUF. To resolve this warning, check for redundant IBUF in the input design.
WARNING: [Opt 31-32] Removing redundant IBUF since it is not being driven by a top-level port. Final_Project_i/frogger1_0/U0/frogger1_slave_lite_v1_0_S00_AXI_inst/froggerGraphics/mmcm_adv_inst_display_clocks/inst/clkin1_ibufg 
Resolution: The tool has removed redundant IBUF. To resolve this warning, check for redundant IBUF in the input design.
WARNING: [Constraints 18-550] Could not create 'IBUF_LOW_PWR' constraint because net 'Final_Project_i/clk_wiz_1/clk_in1' is not directly connected to top level port. 'IBUF_LOW_PWR' is ignored for synthesis but preserved for implementation.
WARNING: [Constraints 18-550] Could not create 'IBUF_LOW_PWR' constraint because net 'Final_Project_i/frogger1_0/clk' is not directly connected to top level port. 'IBUF_LOW_PWR' is ignored for synthesis but preserved for implementation.
Parsing XDC File [c:/ece383/Final_Project/Final_Project.gen/sources_1/bd/Final_Project/ip/Final_Project_microblaze_0_0/Final_Project_microblaze_0_0.xdc] for cell 'Final_Project_i/microblaze_0/U0'
Finished Parsing XDC File [c:/ece383/Final_Project/Final_Project.gen/sources_1/bd/Final_Project/ip/Final_Project_microblaze_0_0/Final_Project_microblaze_0_0.xdc] for cell 'Final_Project_i/microblaze_0/U0'
Parsing XDC File [c:/ece383/Final_Project/Final_Project.gen/sources_1/bd/Final_Project/ip/Final_Project_clk_wiz_1_0/Final_Project_clk_wiz_1_0_board.xdc] for cell 'Final_Project_i/clk_wiz_1/inst'
Finished Parsing XDC File [c:/ece383/Final_Project/Final_Project.gen/sources_1/bd/Final_Project/ip/Final_Project_clk_wiz_1_0/Final_Project_clk_wiz_1_0_board.xdc] for cell 'Final_Project_i/clk_wiz_1/inst'
Parsing XDC File [c:/ece383/Final_Project/Final_Project.gen/sources_1/bd/Final_Project/ip/Final_Project_clk_wiz_1_0/Final_Project_clk_wiz_1_0.xdc] for cell 'Final_Project_i/clk_wiz_1/inst'
INFO: [Timing 38-35] Done setting XDC timing constraints. [c:/ece383/Final_Project/Final_Project.gen/sources_1/bd/Final_Project/ip/Final_Project_clk_wiz_1_0/Final_Project_clk_wiz_1_0.xdc:54]
INFO: [Timing 38-2] Deriving generated clocks [c:/ece383/Final_Project/Final_Project.gen/sources_1/bd/Final_Project/ip/Final_Project_clk_wiz_1_0/Final_Project_clk_wiz_1_0.xdc:54]
get_clocks: Time (s): cpu = 00:00:04 ; elapsed = 00:00:08 . Memory (MB): peak = 1601.582 ; gain = 590.918
Finished Parsing XDC File [c:/ece383/Final_Project/Final_Project.gen/sources_1/bd/Final_Project/ip/Final_Project_clk_wiz_1_0/Final_Project_clk_wiz_1_0.xdc] for cell 'Final_Project_i/clk_wiz_1/inst'
Parsing XDC File [c:/ece383/Final_Project/Final_Project.gen/sources_1/bd/Final_Project/ip/Final_Project_rst_clk_wiz_1_100M_0/Final_Project_rst_clk_wiz_1_100M_0_board.xdc] for cell 'Final_Project_i/rst_clk_wiz_1_100M/U0'
Finished Parsing XDC File [c:/ece383/Final_Project/Final_Project.gen/sources_1/bd/Final_Project/ip/Final_Project_rst_clk_wiz_1_100M_0/Final_Project_rst_clk_wiz_1_100M_0_board.xdc] for cell 'Final_Project_i/rst_clk_wiz_1_100M/U0'
Parsing XDC File [c:/ece383/Final_Project/Final_Project.gen/sources_1/bd/Final_Project/ip/Final_Project_rst_clk_wiz_1_100M_0/Final_Project_rst_clk_wiz_1_100M_0.xdc] for cell 'Final_Project_i/rst_clk_wiz_1_100M/U0'
Finished Parsing XDC File [c:/ece383/Final_Project/Final_Project.gen/sources_1/bd/Final_Project/ip/Final_Project_rst_clk_wiz_1_100M_0/Final_Project_rst_clk_wiz_1_100M_0.xdc] for cell 'Final_Project_i/rst_clk_wiz_1_100M/U0'
Parsing XDC File [c:/ece383/Final_Project/Final_Project.gen/sources_1/bd/Final_Project/ip/Final_Project_mig_7series_0_0/Final_Project_mig_7series_0_0/user_design/constraints/Final_Project_mig_7series_0_0.xdc] for cell 'Final_Project_i/mig_7series_0'
Finished Parsing XDC File [c:/ece383/Final_Project/Final_Project.gen/sources_1/bd/Final_Project/ip/Final_Project_mig_7series_0_0/Final_Project_mig_7series_0_0/user_design/constraints/Final_Project_mig_7series_0_0.xdc] for cell 'Final_Project_i/mig_7series_0'
Parsing XDC File [c:/ece383/Final_Project/Final_Project.gen/sources_1/bd/Final_Project/ip/Final_Project_mig_7series_0_0/Final_Project_mig_7series_0_0_board.xdc] for cell 'Final_Project_i/mig_7series_0'
Finished Parsing XDC File [c:/ece383/Final_Project/Final_Project.gen/sources_1/bd/Final_Project/ip/Final_Project_mig_7series_0_0/Final_Project_mig_7series_0_0_board.xdc] for cell 'Final_Project_i/mig_7series_0'
Parsing XDC File [c:/ece383/Final_Project/Final_Project.gen/sources_1/bd/Final_Project/ip/Final_Project_axi_uartlite_0_0/Final_Project_axi_uartlite_0_0_board.xdc] for cell 'Final_Project_i/axi_uartlite_0/U0'
Finished Parsing XDC File [c:/ece383/Final_Project/Final_Project.gen/sources_1/bd/Final_Project/ip/Final_Project_axi_uartlite_0_0/Final_Project_axi_uartlite_0_0_board.xdc] for cell 'Final_Project_i/axi_uartlite_0/U0'
Parsing XDC File [c:/ece383/Final_Project/Final_Project.gen/sources_1/bd/Final_Project/ip/Final_Project_axi_uartlite_0_0/Final_Project_axi_uartlite_0_0.xdc] for cell 'Final_Project_i/axi_uartlite_0/U0'
Finished Parsing XDC File [c:/ece383/Final_Project/Final_Project.gen/sources_1/bd/Final_Project/ip/Final_Project_axi_uartlite_0_0/Final_Project_axi_uartlite_0_0.xdc] for cell 'Final_Project_i/axi_uartlite_0/U0'
Parsing XDC File [c:/ece383/Final_Project/Final_Project.gen/sources_1/bd/Final_Project/ip/Final_Project_axi_smc_0/bd_0/ip/ip_1/bd_04e3_psr_aclk_0_board.xdc] for cell 'Final_Project_i/axi_smc/inst/clk_map/psr_aclk/U0'
Finished Parsing XDC File [c:/ece383/Final_Project/Final_Project.gen/sources_1/bd/Final_Project/ip/Final_Project_axi_smc_0/bd_0/ip/ip_1/bd_04e3_psr_aclk_0_board.xdc] for cell 'Final_Project_i/axi_smc/inst/clk_map/psr_aclk/U0'
Parsing XDC File [c:/ece383/Final_Project/Final_Project.gen/sources_1/bd/Final_Project/ip/Final_Project_axi_smc_0/bd_0/ip/ip_1/bd_04e3_psr_aclk_0.xdc] for cell 'Final_Project_i/axi_smc/inst/clk_map/psr_aclk/U0'
Finished Parsing XDC File [c:/ece383/Final_Project/Final_Project.gen/sources_1/bd/Final_Project/ip/Final_Project_axi_smc_0/bd_0/ip/ip_1/bd_04e3_psr_aclk_0.xdc] for cell 'Final_Project_i/axi_smc/inst/clk_map/psr_aclk/U0'
Parsing XDC File [c:/ece383/Final_Project/Final_Project.gen/sources_1/bd/Final_Project/ip/Final_Project_axi_smc_0/smartconnect.xdc] for cell 'Final_Project_i/axi_smc/inst'
Finished Parsing XDC File [c:/ece383/Final_Project/Final_Project.gen/sources_1/bd/Final_Project/ip/Final_Project_axi_smc_0/smartconnect.xdc] for cell 'Final_Project_i/axi_smc/inst'
Parsing XDC File [c:/ece383/Final_Project/Final_Project.gen/sources_1/bd/Final_Project/ip/Final_Project_util_ds_buf_0_0/Final_Project_util_ds_buf_0_0_board.xdc] for cell 'Final_Project_i/util_ds_buf_0/U0'
Finished Parsing XDC File [c:/ece383/Final_Project/Final_Project.gen/sources_1/bd/Final_Project/ip/Final_Project_util_ds_buf_0_0/Final_Project_util_ds_buf_0_0_board.xdc] for cell 'Final_Project_i/util_ds_buf_0/U0'
Parsing XDC File [c:/ece383/Final_Project/Final_Project.gen/sources_1/bd/Final_Project/ip/Final_Project_axi_smc_1_0/bd_0/ip/ip_1/bd_d720_psr0_0_board.xdc] for cell 'Final_Project_i/axi_smc_1/inst/clk_map/psr0/U0'
Finished Parsing XDC File [c:/ece383/Final_Project/Final_Project.gen/sources_1/bd/Final_Project/ip/Final_Project_axi_smc_1_0/bd_0/ip/ip_1/bd_d720_psr0_0_board.xdc] for cell 'Final_Project_i/axi_smc_1/inst/clk_map/psr0/U0'
Parsing XDC File [c:/ece383/Final_Project/Final_Project.gen/sources_1/bd/Final_Project/ip/Final_Project_axi_smc_1_0/bd_0/ip/ip_1/bd_d720_psr0_0.xdc] for cell 'Final_Project_i/axi_smc_1/inst/clk_map/psr0/U0'
Finished Parsing XDC File [c:/ece383/Final_Project/Final_Project.gen/sources_1/bd/Final_Project/ip/Final_Project_axi_smc_1_0/bd_0/ip/ip_1/bd_d720_psr0_0.xdc] for cell 'Final_Project_i/axi_smc_1/inst/clk_map/psr0/U0'
Parsing XDC File [c:/ece383/Final_Project/Final_Project.gen/sources_1/bd/Final_Project/ip/Final_Project_axi_smc_1_0/bd_0/ip/ip_2/bd_d720_psr_aclk_0_board.xdc] for cell 'Final_Project_i/axi_smc_1/inst/clk_map/psr_aclk/U0'
Finished Parsing XDC File [c:/ece383/Final_Project/Final_Project.gen/sources_1/bd/Final_Project/ip/Final_Project_axi_smc_1_0/bd_0/ip/ip_2/bd_d720_psr_aclk_0_board.xdc] for cell 'Final_Project_i/axi_smc_1/inst/clk_map/psr_aclk/U0'
Parsing XDC File [c:/ece383/Final_Project/Final_Project.gen/sources_1/bd/Final_Project/ip/Final_Project_axi_smc_1_0/bd_0/ip/ip_2/bd_d720_psr_aclk_0.xdc] for cell 'Final_Project_i/axi_smc_1/inst/clk_map/psr_aclk/U0'
Finished Parsing XDC File [c:/ece383/Final_Project/Final_Project.gen/sources_1/bd/Final_Project/ip/Final_Project_axi_smc_1_0/bd_0/ip/ip_2/bd_d720_psr_aclk_0.xdc] for cell 'Final_Project_i/axi_smc_1/inst/clk_map/psr_aclk/U0'
Parsing XDC File [c:/ece383/Final_Project/Final_Project.gen/sources_1/bd/Final_Project/ip/Final_Project_axi_smc_1_0/bd_0/ip/ip_3/bd_d720_psr_aclk1_0_board.xdc] for cell 'Final_Project_i/axi_smc_1/inst/clk_map/psr_aclk1/U0'
Finished Parsing XDC File [c:/ece383/Final_Project/Final_Project.gen/sources_1/bd/Final_Project/ip/Final_Project_axi_smc_1_0/bd_0/ip/ip_3/bd_d720_psr_aclk1_0_board.xdc] for cell 'Final_Project_i/axi_smc_1/inst/clk_map/psr_aclk1/U0'
Parsing XDC File [c:/ece383/Final_Project/Final_Project.gen/sources_1/bd/Final_Project/ip/Final_Project_axi_smc_1_0/bd_0/ip/ip_3/bd_d720_psr_aclk1_0.xdc] for cell 'Final_Project_i/axi_smc_1/inst/clk_map/psr_aclk1/U0'
Finished Parsing XDC File [c:/ece383/Final_Project/Final_Project.gen/sources_1/bd/Final_Project/ip/Final_Project_axi_smc_1_0/bd_0/ip/ip_3/bd_d720_psr_aclk1_0.xdc] for cell 'Final_Project_i/axi_smc_1/inst/clk_map/psr_aclk1/U0'
Parsing XDC File [c:/ece383/Final_Project/Final_Project.gen/sources_1/bd/Final_Project/ip/Final_Project_axi_smc_1_0/smartconnect.xdc] for cell 'Final_Project_i/axi_smc_1/inst'
WARNING: [Vivado_Tcl 4-919] Waiver ID 'CDC-1' -from list should not be empty. [c:/ece383/Final_Project/Final_Project.gen/sources_1/bd/Final_Project/ip/Final_Project_axi_smc_1_0/smartconnect.xdc:2]
WARNING: [Vivado_Tcl 4-921] Waiver ID 'CDC-1' -to list should not be empty. [c:/ece383/Final_Project/Final_Project.gen/sources_1/bd/Final_Project/ip/Final_Project_axi_smc_1_0/smartconnect.xdc:3]
WARNING: [Vivado_Tcl 4-921] Waiver ID 'CDC-1' -to list should not be empty. [c:/ece383/Final_Project/Final_Project.gen/sources_1/bd/Final_Project/ip/Final_Project_axi_smc_1_0/smartconnect.xdc:4]
WARNING: [Vivado_Tcl 4-921] Waiver ID 'CDC-1' -to list should not be empty. [c:/ece383/Final_Project/Final_Project.gen/sources_1/bd/Final_Project/ip/Final_Project_axi_smc_1_0/smartconnect.xdc:5]
WARNING: [Vivado_Tcl 4-921] Waiver ID 'CDC-1' -to list should not be empty. [c:/ece383/Final_Project/Final_Project.gen/sources_1/bd/Final_Project/ip/Final_Project_axi_smc_1_0/smartconnect.xdc:6]
WARNING: [Vivado_Tcl 4-921] Waiver ID 'CDC-1' -to list should not be empty. [c:/ece383/Final_Project/Final_Project.gen/sources_1/bd/Final_Project/ip/Final_Project_axi_smc_1_0/smartconnect.xdc:7]
WARNING: [Vivado_Tcl 4-921] Waiver ID 'CDC-1' -to list should not be empty. [c:/ece383/Final_Project/Final_Project.gen/sources_1/bd/Final_Project/ip/Final_Project_axi_smc_1_0/smartconnect.xdc:8]
WARNING: [Vivado_Tcl 4-921] Waiver ID 'CDC-1' -to list should not be empty. [c:/ece383/Final_Project/Final_Project.gen/sources_1/bd/Final_Project/ip/Final_Project_axi_smc_1_0/smartconnect.xdc:9]
WARNING: [Vivado_Tcl 4-921] Waiver ID 'CDC-1' -to list should not be empty. [c:/ece383/Final_Project/Final_Project.gen/sources_1/bd/Final_Project/ip/Final_Project_axi_smc_1_0/smartconnect.xdc:10]
WARNING: [Vivado_Tcl 4-921] Waiver ID 'CDC-1' -to list should not be empty. [c:/ece383/Final_Project/Final_Project.gen/sources_1/bd/Final_Project/ip/Final_Project_axi_smc_1_0/smartconnect.xdc:11]
WARNING: [Vivado_Tcl 4-921] Waiver ID 'CDC-1' -to list should not be empty. [c:/ece383/Final_Project/Final_Project.gen/sources_1/bd/Final_Project/ip/Final_Project_axi_smc_1_0/smartconnect.xdc:12]
WARNING: [Vivado_Tcl 4-921] Waiver ID 'CDC-1' -to list should not be empty. [c:/ece383/Final_Project/Final_Project.gen/sources_1/bd/Final_Project/ip/Final_Project_axi_smc_1_0/smartconnect.xdc:14]
WARNING: [Vivado_Tcl 4-921] Waiver ID 'CDC-1' -to list should not be empty. [c:/ece383/Final_Project/Final_Project.gen/sources_1/bd/Final_Project/ip/Final_Project_axi_smc_1_0/smartconnect.xdc:15]
WARNING: [Vivado_Tcl 4-921] Waiver ID 'CDC-1' -to list should not be empty. [c:/ece383/Final_Project/Final_Project.gen/sources_1/bd/Final_Project/ip/Final_Project_axi_smc_1_0/smartconnect.xdc:17]
WARNING: [Vivado_Tcl 4-921] Waiver ID 'CDC-1' -to list should not be empty. [c:/ece383/Final_Project/Final_Project.gen/sources_1/bd/Final_Project/ip/Final_Project_axi_smc_1_0/smartconnect.xdc:18]
WARNING: [Vivado_Tcl 4-921] Waiver ID 'CDC-1' -to list should not be empty. [c:/ece383/Final_Project/Final_Project.gen/sources_1/bd/Final_Project/ip/Final_Project_axi_smc_1_0/smartconnect.xdc:19]
WARNING: [Vivado_Tcl 4-921] Waiver ID 'CDC-1' -to list should not be empty. [c:/ece383/Final_Project/Final_Project.gen/sources_1/bd/Final_Project/ip/Final_Project_axi_smc_1_0/smartconnect.xdc:20]
WARNING: [Vivado_Tcl 4-921] Waiver ID 'CDC-1' -to list should not be empty. [c:/ece383/Final_Project/Final_Project.gen/sources_1/bd/Final_Project/ip/Final_Project_axi_smc_1_0/smartconnect.xdc:21]
WARNING: [Vivado_Tcl 4-921] Waiver ID 'CDC-1' -to list should not be empty. [c:/ece383/Final_Project/Final_Project.gen/sources_1/bd/Final_Project/ip/Final_Project_axi_smc_1_0/smartconnect.xdc:22]
WARNING: [Vivado_Tcl 4-921] Waiver ID 'CDC-1' -to list should not be empty. [c:/ece383/Final_Project/Final_Project.gen/sources_1/bd/Final_Project/ip/Final_Project_axi_smc_1_0/smartconnect.xdc:23]
WARNING: [Vivado_Tcl 4-921] Waiver ID 'CDC-1' -to list should not be empty. [c:/ece383/Final_Project/Final_Project.gen/sources_1/bd/Final_Project/ip/Final_Project_axi_smc_1_0/smartconnect.xdc:24]
WARNING: [Vivado_Tcl 4-921] Waiver ID 'CDC-1' -to list should not be empty. [c:/ece383/Final_Project/Final_Project.gen/sources_1/bd/Final_Project/ip/Final_Project_axi_smc_1_0/smartconnect.xdc:26]
WARNING: [Vivado_Tcl 4-921] Waiver ID 'CDC-1' -to list should not be empty. [c:/ece383/Final_Project/Final_Project.gen/sources_1/bd/Final_Project/ip/Final_Project_axi_smc_1_0/smartconnect.xdc:28]
WARNING: [Vivado_Tcl 4-921] Waiver ID 'CDC-1' -to list should not be empty. [c:/ece383/Final_Project/Final_Project.gen/sources_1/bd/Final_Project/ip/Final_Project_axi_smc_1_0/smartconnect.xdc:29]
WARNING: [Vivado_Tcl 4-921] Waiver ID 'CDC-1' -to list should not be empty. [c:/ece383/Final_Project/Final_Project.gen/sources_1/bd/Final_Project/ip/Final_Project_axi_smc_1_0/smartconnect.xdc:30]
WARNING: [Vivado_Tcl 4-921] Waiver ID 'CDC-1' -to list should not be empty. [c:/ece383/Final_Project/Final_Project.gen/sources_1/bd/Final_Project/ip/Final_Project_axi_smc_1_0/smartconnect.xdc:31]
WARNING: [Vivado_Tcl 4-921] Waiver ID 'CDC-1' -to list should not be empty. [c:/ece383/Final_Project/Final_Project.gen/sources_1/bd/Final_Project/ip/Final_Project_axi_smc_1_0/smartconnect.xdc:32]
WARNING: [Vivado_Tcl 4-921] Waiver ID 'CDC-1' -to list should not be empty. [c:/ece383/Final_Project/Final_Project.gen/sources_1/bd/Final_Project/ip/Final_Project_axi_smc_1_0/smartconnect.xdc:33]
WARNING: [Vivado_Tcl 4-921] Waiver ID 'CDC-1' -to list should not be empty. [c:/ece383/Final_Project/Final_Project.gen/sources_1/bd/Final_Project/ip/Final_Project_axi_smc_1_0/smartconnect.xdc:34]
WARNING: [Vivado_Tcl 4-921] Waiver ID 'CDC-1' -to list should not be empty. [c:/ece383/Final_Project/Final_Project.gen/sources_1/bd/Final_Project/ip/Final_Project_axi_smc_1_0/smartconnect.xdc:35]
WARNING: [Vivado_Tcl 4-921] Waiver ID 'CDC-1' -to list should not be empty. [c:/ece383/Final_Project/Final_Project.gen/sources_1/bd/Final_Project/ip/Final_Project_axi_smc_1_0/smartconnect.xdc:36]
WARNING: [Vivado_Tcl 4-921] Waiver ID 'CDC-1' -to list should not be empty. [c:/ece383/Final_Project/Final_Project.gen/sources_1/bd/Final_Project/ip/Final_Project_axi_smc_1_0/smartconnect.xdc:37]
WARNING: [Vivado_Tcl 4-921] Waiver ID 'CDC-2' -to list should not be empty. [c:/ece383/Final_Project/Final_Project.gen/sources_1/bd/Final_Project/ip/Final_Project_axi_smc_1_0/smartconnect.xdc:38]
WARNING: [Vivado_Tcl 4-921] Waiver ID 'CDC-2' -to list should not be empty. [c:/ece383/Final_Project/Final_Project.gen/sources_1/bd/Final_Project/ip/Final_Project_axi_smc_1_0/smartconnect.xdc:39]
WARNING: [Vivado_Tcl 4-921] Waiver ID 'CDC-2' -to list should not be empty. [c:/ece383/Final_Project/Final_Project.gen/sources_1/bd/Final_Project/ip/Final_Project_axi_smc_1_0/smartconnect.xdc:40]
WARNING: [Vivado_Tcl 4-921] Waiver ID 'CDC-10' -to list should not be empty. [c:/ece383/Final_Project/Final_Project.gen/sources_1/bd/Final_Project/ip/Final_Project_axi_smc_1_0/smartconnect.xdc:41]
WARNING: [Vivado_Tcl 4-921] Waiver ID 'CDC-10' -to list should not be empty. [c:/ece383/Final_Project/Final_Project.gen/sources_1/bd/Final_Project/ip/Final_Project_axi_smc_1_0/smartconnect.xdc:42]
WARNING: [Vivado_Tcl 4-921] Waiver ID 'CDC-10' -to list should not be empty. [c:/ece383/Final_Project/Final_Project.gen/sources_1/bd/Final_Project/ip/Final_Project_axi_smc_1_0/smartconnect.xdc:43]
WARNING: [Vivado_Tcl 4-921] Waiver ID 'CDC-4' -to list should not be empty. [c:/ece383/Final_Project/Final_Project.gen/sources_1/bd/Final_Project/ip/Final_Project_axi_smc_1_0/smartconnect.xdc:44]
WARNING: [Vivado_Tcl 4-921] Waiver ID 'CDC-4' -to list should not be empty. [c:/ece383/Final_Project/Final_Project.gen/sources_1/bd/Final_Project/ip/Final_Project_axi_smc_1_0/smartconnect.xdc:45]
WARNING: [Vivado_Tcl 4-921] Waiver ID 'CDC-4' -to list should not be empty. [c:/ece383/Final_Project/Final_Project.gen/sources_1/bd/Final_Project/ip/Final_Project_axi_smc_1_0/smartconnect.xdc:46]
WARNING: [Vivado_Tcl 4-921] Waiver ID 'CDC-13' -to list should not be empty. [c:/ece383/Final_Project/Final_Project.gen/sources_1/bd/Final_Project/ip/Final_Project_axi_smc_1_0/smartconnect.xdc:47]
WARNING: [Vivado_Tcl 4-921] Waiver ID 'CDC-13' -to list should not be empty. [c:/ece383/Final_Project/Final_Project.gen/sources_1/bd/Final_Project/ip/Final_Project_axi_smc_1_0/smartconnect.xdc:48]
Finished Parsing XDC File [c:/ece383/Final_Project/Final_Project.gen/sources_1/bd/Final_Project/ip/Final_Project_axi_smc_1_0/smartconnect.xdc] for cell 'Final_Project_i/axi_smc_1/inst'
Parsing XDC File [c:/ece383/Final_Project/Final_Project.gen/sources_1/bd/Final_Project/ip/Final_Project_rst_mig_7series_0_100M_0/Final_Project_rst_mig_7series_0_100M_0_board.xdc] for cell 'Final_Project_i/rst_mig_7series_0_100M/U0'
Finished Parsing XDC File [c:/ece383/Final_Project/Final_Project.gen/sources_1/bd/Final_Project/ip/Final_Project_rst_mig_7series_0_100M_0/Final_Project_rst_mig_7series_0_100M_0_board.xdc] for cell 'Final_Project_i/rst_mig_7series_0_100M/U0'
Parsing XDC File [c:/ece383/Final_Project/Final_Project.gen/sources_1/bd/Final_Project/ip/Final_Project_rst_mig_7series_0_100M_0/Final_Project_rst_mig_7series_0_100M_0.xdc] for cell 'Final_Project_i/rst_mig_7series_0_100M/U0'
Finished Parsing XDC File [c:/ece383/Final_Project/Final_Project.gen/sources_1/bd/Final_Project/ip/Final_Project_rst_mig_7series_0_100M_0/Final_Project_rst_mig_7series_0_100M_0.xdc] for cell 'Final_Project_i/rst_mig_7series_0_100M/U0'
Parsing XDC File [c:/ece383/Final_Project/Final_Project.gen/sources_1/bd/Final_Project/ip/Final_Project_frogger1_0_0/src/clk_wiz_0/clk_wiz_0.xdc] for cell 'Final_Project_i/frogger1_0/U0/frogger1_slave_lite_v1_0_S00_AXI_inst/froggerGraphics/mmcm_adv_inst_display_clocks/inst'
INFO: [Timing 38-2] Deriving generated clocks [c:/ece383/Final_Project/Final_Project.gen/sources_1/bd/Final_Project/ip/Final_Project_frogger1_0_0/src/clk_wiz_0/clk_wiz_0.xdc:54]
Finished Parsing XDC File [c:/ece383/Final_Project/Final_Project.gen/sources_1/bd/Final_Project/ip/Final_Project_frogger1_0_0/src/clk_wiz_0/clk_wiz_0.xdc] for cell 'Final_Project_i/frogger1_0/U0/frogger1_slave_lite_v1_0_S00_AXI_inst/froggerGraphics/mmcm_adv_inst_display_clocks/inst'
Parsing XDC File [C:/ece383/Lab2/Lab2.srcs/constrs_1/imports/lab2_code_for_cadets/Lab2.xdc]
WARNING: [Vivado 12-584] No ports matched 'clk'. [C:/ece383/Lab2/Lab2.srcs/constrs_1/imports/lab2_code_for_cadets/Lab2.xdc:8]
CRITICAL WARNING: [Common 17-55] 'set_property' expects at least one object. [C:/ece383/Lab2/Lab2.srcs/constrs_1/imports/lab2_code_for_cadets/Lab2.xdc:8]
Resolution: If [get_<value>] was used to populate the object, check to make sure this command returns at least one valid object.
WARNING: [Vivado 12-584] No ports matched 'LED[0]'. [C:/ece383/Lab2/Lab2.srcs/constrs_1/imports/lab2_code_for_cadets/Lab2.xdc:22]
CRITICAL WARNING: [Common 17-55] 'set_property' expects at least one object. [C:/ece383/Lab2/Lab2.srcs/constrs_1/imports/lab2_code_for_cadets/Lab2.xdc:22]
Resolution: If [get_<value>] was used to populate the object, check to make sure this command returns at least one valid object.
WARNING: [Vivado 12-584] No ports matched 'LED[1]'. [C:/ece383/Lab2/Lab2.srcs/constrs_1/imports/lab2_code_for_cadets/Lab2.xdc:23]
CRITICAL WARNING: [Common 17-55] 'set_property' expects at least one object. [C:/ece383/Lab2/Lab2.srcs/constrs_1/imports/lab2_code_for_cadets/Lab2.xdc:23]
Resolution: If [get_<value>] was used to populate the object, check to make sure this command returns at least one valid object.
WARNING: [Vivado 12-584] No ports matched 'LED[2]'. [C:/ece383/Lab2/Lab2.srcs/constrs_1/imports/lab2_code_for_cadets/Lab2.xdc:24]
CRITICAL WARNING: [Common 17-55] 'set_property' expects at least one object. [C:/ece383/Lab2/Lab2.srcs/constrs_1/imports/lab2_code_for_cadets/Lab2.xdc:24]
Resolution: If [get_<value>] was used to populate the object, check to make sure this command returns at least one valid object.
WARNING: [Vivado 12-584] No ports matched 'LED[3]'. [C:/ece383/Lab2/Lab2.srcs/constrs_1/imports/lab2_code_for_cadets/Lab2.xdc:25]
CRITICAL WARNING: [Common 17-55] 'set_property' expects at least one object. [C:/ece383/Lab2/Lab2.srcs/constrs_1/imports/lab2_code_for_cadets/Lab2.xdc:25]
Resolution: If [get_<value>] was used to populate the object, check to make sure this command returns at least one valid object.
WARNING: [Vivado 12-584] No ports matched 'LED[4]'. [C:/ece383/Lab2/Lab2.srcs/constrs_1/imports/lab2_code_for_cadets/Lab2.xdc:26]
CRITICAL WARNING: [Common 17-55] 'set_property' expects at least one object. [C:/ece383/Lab2/Lab2.srcs/constrs_1/imports/lab2_code_for_cadets/Lab2.xdc:26]
Resolution: If [get_<value>] was used to populate the object, check to make sure this command returns at least one valid object.
WARNING: [Vivado 12-584] No ports matched 'LED[5]'. [C:/ece383/Lab2/Lab2.srcs/constrs_1/imports/lab2_code_for_cadets/Lab2.xdc:27]
CRITICAL WARNING: [Common 17-55] 'set_property' expects at least one object. [C:/ece383/Lab2/Lab2.srcs/constrs_1/imports/lab2_code_for_cadets/Lab2.xdc:27]
Resolution: If [get_<value>] was used to populate the object, check to make sure this command returns at least one valid object.
WARNING: [Vivado 12-584] No ports matched 'LED[6]'. [C:/ece383/Lab2/Lab2.srcs/constrs_1/imports/lab2_code_for_cadets/Lab2.xdc:28]
CRITICAL WARNING: [Common 17-55] 'set_property' expects at least one object. [C:/ece383/Lab2/Lab2.srcs/constrs_1/imports/lab2_code_for_cadets/Lab2.xdc:28]
Resolution: If [get_<value>] was used to populate the object, check to make sure this command returns at least one valid object.
WARNING: [Vivado 12-584] No ports matched 'LED[7]'. [C:/ece383/Lab2/Lab2.srcs/constrs_1/imports/lab2_code_for_cadets/Lab2.xdc:29]
CRITICAL WARNING: [Common 17-55] 'set_property' expects at least one object. [C:/ece383/Lab2/Lab2.srcs/constrs_1/imports/lab2_code_for_cadets/Lab2.xdc:29]
Resolution: If [get_<value>] was used to populate the object, check to make sure this command returns at least one valid object.
WARNING: [Vivado 12-584] No ports matched 'btn[4]'. [C:/ece383/Lab2/Lab2.srcs/constrs_1/imports/lab2_code_for_cadets/Lab2.xdc:33]
CRITICAL WARNING: [Common 17-55] 'set_property' expects at least one object. [C:/ece383/Lab2/Lab2.srcs/constrs_1/imports/lab2_code_for_cadets/Lab2.xdc:33]
Resolution: If [get_<value>] was used to populate the object, check to make sure this command returns at least one valid object.
WARNING: [Vivado 12-584] No ports matched 'btn[2]'. [C:/ece383/Lab2/Lab2.srcs/constrs_1/imports/lab2_code_for_cadets/Lab2.xdc:34]
CRITICAL WARNING: [Common 17-55] 'set_property' expects at least one object. [C:/ece383/Lab2/Lab2.srcs/constrs_1/imports/lab2_code_for_cadets/Lab2.xdc:34]
Resolution: If [get_<value>] was used to populate the object, check to make sure this command returns at least one valid object.
WARNING: [Vivado 12-584] No ports matched 'btn[1]'. [C:/ece383/Lab2/Lab2.srcs/constrs_1/imports/lab2_code_for_cadets/Lab2.xdc:35]
CRITICAL WARNING: [Common 17-55] 'set_property' expects at least one object. [C:/ece383/Lab2/Lab2.srcs/constrs_1/imports/lab2_code_for_cadets/Lab2.xdc:35]
Resolution: If [get_<value>] was used to populate the object, check to make sure this command returns at least one valid object.
WARNING: [Vivado 12-584] No ports matched 'btn[3]'. [C:/ece383/Lab2/Lab2.srcs/constrs_1/imports/lab2_code_for_cadets/Lab2.xdc:36]
CRITICAL WARNING: [Common 17-55] 'set_property' expects at least one object. [C:/ece383/Lab2/Lab2.srcs/constrs_1/imports/lab2_code_for_cadets/Lab2.xdc:36]
Resolution: If [get_<value>] was used to populate the object, check to make sure this command returns at least one valid object.
WARNING: [Vivado 12-584] No ports matched 'btn[0]'. [C:/ece383/Lab2/Lab2.srcs/constrs_1/imports/lab2_code_for_cadets/Lab2.xdc:37]
CRITICAL WARNING: [Common 17-55] 'set_property' expects at least one object. [C:/ece383/Lab2/Lab2.srcs/constrs_1/imports/lab2_code_for_cadets/Lab2.xdc:37]
Resolution: If [get_<value>] was used to populate the object, check to make sure this command returns at least one valid object.
WARNING: [Vivado 12-584] No ports matched 'reset_n'. [C:/ece383/Lab2/Lab2.srcs/constrs_1/imports/lab2_code_for_cadets/Lab2.xdc:38]
CRITICAL WARNING: [Common 17-55] 'set_property' expects at least one object. [C:/ece383/Lab2/Lab2.srcs/constrs_1/imports/lab2_code_for_cadets/Lab2.xdc:38]
Resolution: If [get_<value>] was used to populate the object, check to make sure this command returns at least one valid object.
WARNING: [Vivado 12-584] No ports matched 'switch[0]'. [C:/ece383/Lab2/Lab2.srcs/constrs_1/imports/lab2_code_for_cadets/Lab2.xdc:42]
CRITICAL WARNING: [Common 17-55] 'set_property' expects at least one object. [C:/ece383/Lab2/Lab2.srcs/constrs_1/imports/lab2_code_for_cadets/Lab2.xdc:42]
Resolution: If [get_<value>] was used to populate the object, check to make sure this command returns at least one valid object.
WARNING: [Vivado 12-584] No ports matched 'switch[1]'. [C:/ece383/Lab2/Lab2.srcs/constrs_1/imports/lab2_code_for_cadets/Lab2.xdc:43]
CRITICAL WARNING: [Common 17-55] 'set_property' expects at least one object. [C:/ece383/Lab2/Lab2.srcs/constrs_1/imports/lab2_code_for_cadets/Lab2.xdc:43]
Resolution: If [get_<value>] was used to populate the object, check to make sure this command returns at least one valid object.
WARNING: [Vivado 12-584] No ports matched 'switch[2]'. [C:/ece383/Lab2/Lab2.srcs/constrs_1/imports/lab2_code_for_cadets/Lab2.xdc:44]
CRITICAL WARNING: [Common 17-55] 'set_property' expects at least one object. [C:/ece383/Lab2/Lab2.srcs/constrs_1/imports/lab2_code_for_cadets/Lab2.xdc:44]
Resolution: If [get_<value>] was used to populate the object, check to make sure this command returns at least one valid object.
WARNING: [Vivado 12-584] No ports matched 'switch[3]'. [C:/ece383/Lab2/Lab2.srcs/constrs_1/imports/lab2_code_for_cadets/Lab2.xdc:45]
CRITICAL WARNING: [Common 17-55] 'set_property' expects at least one object. [C:/ece383/Lab2/Lab2.srcs/constrs_1/imports/lab2_code_for_cadets/Lab2.xdc:45]
Resolution: If [get_<value>] was used to populate the object, check to make sure this command returns at least one valid object.
WARNING: [Vivado 12-584] No ports matched 'ac_adc_sdata'. [C:/ece383/Lab2/Lab2.srcs/constrs_1/imports/lab2_code_for_cadets/Lab2.xdc:101]
CRITICAL WARNING: [Common 17-55] 'set_property' expects at least one object. [C:/ece383/Lab2/Lab2.srcs/constrs_1/imports/lab2_code_for_cadets/Lab2.xdc:101]
Resolution: If [get_<value>] was used to populate the object, check to make sure this command returns at least one valid object.
WARNING: [Vivado 12-584] No ports matched 'ac_bclk'. [C:/ece383/Lab2/Lab2.srcs/constrs_1/imports/lab2_code_for_cadets/Lab2.xdc:102]
CRITICAL WARNING: [Common 17-55] 'set_property' expects at least one object. [C:/ece383/Lab2/Lab2.srcs/constrs_1/imports/lab2_code_for_cadets/Lab2.xdc:102]
Resolution: If [get_<value>] was used to populate the object, check to make sure this command returns at least one valid object.
WARNING: [Vivado 12-584] No ports matched 'ac_dac_sdata'. [C:/ece383/Lab2/Lab2.srcs/constrs_1/imports/lab2_code_for_cadets/Lab2.xdc:103]
CRITICAL WARNING: [Common 17-55] 'set_property' expects at least one object. [C:/ece383/Lab2/Lab2.srcs/constrs_1/imports/lab2_code_for_cadets/Lab2.xdc:103]
Resolution: If [get_<value>] was used to populate the object, check to make sure this command returns at least one valid object.
WARNING: [Vivado 12-584] No ports matched 'ac_lrclk'. [C:/ece383/Lab2/Lab2.srcs/constrs_1/imports/lab2_code_for_cadets/Lab2.xdc:104]
CRITICAL WARNING: [Common 17-55] 'set_property' expects at least one object. [C:/ece383/Lab2/Lab2.srcs/constrs_1/imports/lab2_code_for_cadets/Lab2.xdc:104]
Resolution: If [get_<value>] was used to populate the object, check to make sure this command returns at least one valid object.
WARNING: [Vivado 12-584] No ports matched 'ac_mclk'. [C:/ece383/Lab2/Lab2.srcs/constrs_1/imports/lab2_code_for_cadets/Lab2.xdc:105]
CRITICAL WARNING: [Common 17-55] 'set_property' expects at least one object. [C:/ece383/Lab2/Lab2.srcs/constrs_1/imports/lab2_code_for_cadets/Lab2.xdc:105]
Resolution: If [get_<value>] was used to populate the object, check to make sure this command returns at least one valid object.
WARNING: [Vivado 12-584] No ports matched 'scl'. [C:/ece383/Lab2/Lab2.srcs/constrs_1/imports/lab2_code_for_cadets/Lab2.xdc:212]
CRITICAL WARNING: [Common 17-55] 'set_property' expects at least one object. [C:/ece383/Lab2/Lab2.srcs/constrs_1/imports/lab2_code_for_cadets/Lab2.xdc:212]
Resolution: If [get_<value>] was used to populate the object, check to make sure this command returns at least one valid object.
WARNING: [Vivado 12-584] No ports matched 'sda'. [C:/ece383/Lab2/Lab2.srcs/constrs_1/imports/lab2_code_for_cadets/Lab2.xdc:213]
CRITICAL WARNING: [Common 17-55] 'set_property' expects at least one object. [C:/ece383/Lab2/Lab2.srcs/constrs_1/imports/lab2_code_for_cadets/Lab2.xdc:213]
Resolution: If [get_<value>] was used to populate the object, check to make sure this command returns at least one valid object.
Finished Parsing XDC File [C:/ece383/Lab2/Lab2.srcs/constrs_1/imports/lab2_code_for_cadets/Lab2.xdc]
Parsing XDC File [c:/ece383/Final_Project/Final_Project.gen/sources_1/bd/Final_Project/ip/Final_Project_mdm_1_0/Final_Project_mdm_1_0.xdc] for cell 'Final_Project_i/mdm_1/U0'
Finished Parsing XDC File [c:/ece383/Final_Project/Final_Project.gen/sources_1/bd/Final_Project/ip/Final_Project_mdm_1_0/Final_Project_mdm_1_0.xdc] for cell 'Final_Project_i/mdm_1/U0'
INFO: [Project 1-1714] 106 XPM XDC files have been applied to the design.
INFO: [Opt 31-138] Pushed 0 inverter(s) to 0 load pin(s).
Generating merged BMM file for the design top 'Final_Project_wrapper'...
INFO: [Memdata 28-144] Successfully populated the BRAM INIT strings from the following elf files: c:/ece383/Final_Project/Final_Project.gen/sources_1/bd/Final_Project/ip/Final_Project_microblaze_0_0/data/mb_bootloop_le.elf 
INFO: [Project 1-1687] 48 scoped IP constraints or related sub-commands were skipped due to synthesis logic optimizations usually triggered by constant connectivity or unconnected output pins. To review the skipped constraints and messages, run the command 'set_param netlist.IPMsgFiltering false' before opening the design.
Netlist sorting complete. Time (s): cpu = 00:00:00 ; elapsed = 00:00:00.023 . Memory (MB): peak = 1601.582 ; gain = 0.000
INFO: [Project 1-111] Unisim Transformation Summary:
  A total of 388 instances were transformed.
  IOBUFDS_DIFF_OUT_INTERMDISABLE => IOBUFDS_DIFF_OUT_INTERMDISABLE (IBUFDS_INTERMDISABLE_INT(x2), INV, OBUFTDS(x2)): 2 instances
  IOBUF_INTERMDISABLE => IOBUF_INTERMDISABLE (IBUF_INTERMDISABLE, OBUFT): 16 instances
  LUT6_2 => LUT6_2 (LUT5, LUT6): 88 instances
  OBUFDS => OBUFDS: 4 instances
  OBUFDS => OBUFDS_DUAL_BUF (INV, OBUFDS(x2)): 1 instance 
  RAM16X1D => RAM32X1D (RAMD32(x2)): 1 instance 
  RAM32M => RAM32M (RAMD32(x6), RAMS32(x2)): 231 instances
  RAM32X1D => RAM32X1D (RAMD32(x2)): 45 instances

32 Infos, 73 Warnings, 26 Critical Warnings and 0 Errors encountered.
link_design completed successfully
link_design: Time (s): cpu = 00:00:14 ; elapsed = 00:00:29 . Memory (MB): peak = 1601.582 ; gain = 1209.762
Command: opt_design
Attempting to get a license for feature 'Implementation' and/or device 'xc7a200t'
INFO: [Common 17-349] Got license for feature 'Implementation' and/or device 'xc7a200t'
Running DRC as a precondition to command opt_design

Starting DRC Task
INFO: [DRC 23-27] Running DRC with 2 threads
INFO: [Project 1-461] DRC finished with 0 Errors
INFO: [Project 1-462] Please refer to the DRC report (report_drc) for more information.

Time (s): cpu = 00:00:02 ; elapsed = 00:00:02 . Memory (MB): peak = 1601.582 ; gain = 0.000

Starting Cache Timing Information Task
INFO: [Timing 38-35] Done setting XDC timing constraints.
Ending Cache Timing Information Task | Checksum: 2215550cb

Time (s): cpu = 00:00:01 ; elapsed = 00:00:01 . Memory (MB): peak = 1601.582 ; gain = 0.000

Starting Logic Optimization Task

Phase 1 Initialization

Phase 1.1 Core Generation And Design Setup
Phase 1.1 Core Generation And Design Setup | Checksum: 2215550cb

Time (s): cpu = 00:00:00 ; elapsed = 00:00:00.052 . Memory (MB): peak = 1994.617 ; gain = 0.000

Phase 1.2 Setup Constraints And Sort Netlist
Phase 1.2 Setup Constraints And Sort Netlist | Checksum: 2215550cb

Time (s): cpu = 00:00:00 ; elapsed = 00:00:00.087 . Memory (MB): peak = 1994.617 ; gain = 0.000
Phase 1 Initialization | Checksum: 2215550cb

Time (s): cpu = 00:00:00 ; elapsed = 00:00:00.092 . Memory (MB): peak = 1994.617 ; gain = 0.000

Phase 2 Timer Update And Timing Data Collection

Phase 2.1 Timer Update
Phase 2.1 Timer Update | Checksum: 2215550cb

Time (s): cpu = 00:00:01 ; elapsed = 00:00:00.810 . Memory (MB): peak = 1994.617 ; gain = 0.000

Phase 2.2 Timing Data Collection
Phase 2.2 Timing Data Collection | Checksum: 2215550cb

Time (s): cpu = 00:00:01 ; elapsed = 00:00:00.898 . Memory (MB): peak = 1994.617 ; gain = 0.000
Phase 2 Timer Update And Timing Data Collection | Checksum: 2215550cb

Time (s): cpu = 00:00:01 ; elapsed = 00:00:00.903 . Memory (MB): peak = 1994.617 ; gain = 0.000

Phase 3 Retarget
INFO: [Opt 31-1851] Number of loadless carry chains removed were: 0
INFO: [Opt 31-1834] Total Chains To Be Transformed Were: 0 AND Number of Transformed insts Created are: 0
INFO: [Opt 31-1566] Pulled 13 inverters resulting in an inversion of 152 pins
INFO: [Opt 31-138] Pushed 25 inverter(s) to 108 load pin(s).
INFO: [Opt 31-49] Retargeted 0 cell(s).
Phase 3 Retarget | Checksum: 15156e6dc

Time (s): cpu = 00:00:01 ; elapsed = 00:00:02 . Memory (MB): peak = 1994.617 ; gain = 0.000
Retarget | Checksum: 15156e6dc
INFO: [Opt 31-389] Phase Retarget created 898 cells and removed 993 cells
INFO: [Opt 31-1021] In phase Retarget, 145 netlist objects are constrained preventing optimization. Please run opt_design with -debug_log to get more detail. 

Phase 4 Constant propagation
INFO: [Opt 31-138] Pushed 12 inverter(s) to 33 load pin(s).
Phase 4 Constant propagation | Checksum: 1b7f2a316

Time (s): cpu = 00:00:01 ; elapsed = 00:00:02 . Memory (MB): peak = 1994.617 ; gain = 0.000
Constant propagation | Checksum: 1b7f2a316
INFO: [Opt 31-389] Phase Constant propagation created 389 cells and removed 1515 cells
INFO: [Opt 31-1021] In phase Constant propagation, 124 netlist objects are constrained preventing optimization. Please run opt_design with -debug_log to get more detail. 

Phase 5 Sweep
INFO: [Constraints 18-11670] Building netlist checker database with flags, 0x8
Done building netlist checker database: Time (s): cpu = 00:00:00 ; elapsed = 00:00:00.020 . Memory (MB): peak = 1994.617 ; gain = 0.000
INFO: [Constraints 18-11670] Building netlist checker database with flags, 0x8
Done building netlist checker database: Time (s): cpu = 00:00:00 ; elapsed = 00:00:00.021 . Memory (MB): peak = 1994.617 ; gain = 0.000
Phase 5 Sweep | Checksum: 1d81c6c9f

Time (s): cpu = 00:00:02 ; elapsed = 00:00:04 . Memory (MB): peak = 1994.617 ; gain = 0.000
Sweep | Checksum: 1d81c6c9f
INFO: [Opt 31-389] Phase Sweep created 1 cells and removed 794 cells
INFO: [Opt 31-1021] In phase Sweep, 161 netlist objects are constrained preventing optimization. Please run opt_design with -debug_log to get more detail. 

Phase 6 BUFG optimization
INFO: [Opt 31-194] Inserted BUFG Final_Project_i/mdm_1/U0/Use_E2.BSCAN_I/Dbg_Update_0_BUFG_inst to drive 39 load(s) on clock net Final_Project_i/mdm_1/U0/Use_E2.BSCAN_I/Dbg_Update_0_BUFG
INFO: [Opt 31-193] Inserted 1 BUFG(s) on clock nets
Phase 6 BUFG optimization | Checksum: 1a6bd9967

Time (s): cpu = 00:00:02 ; elapsed = 00:00:04 . Memory (MB): peak = 1994.617 ; gain = 0.000
BUFG optimization | Checksum: 1a6bd9967
INFO: [Opt 31-662] Phase BUFG optimization created 1 cells of which 1 are BUFGs and removed 0 cells.

Phase 7 Shift Register Optimization
INFO: [Opt 31-1064] SRL Remap converted 0 SRLs to 0 registers and converted 0 registers of register chains to 0 SRLs
Phase 7 Shift Register Optimization | Checksum: 1a6bd9967

Time (s): cpu = 00:00:02 ; elapsed = 00:00:04 . Memory (MB): peak = 1994.617 ; gain = 0.000
Shift Register Optimization | Checksum: 1a6bd9967
INFO: [Opt 31-389] Phase Shift Register Optimization created 0 cells and removed 0 cells

Phase 8 Post Processing Netlist
Phase 8 Post Processing Netlist | Checksum: 1b43eb21d

Time (s): cpu = 00:00:02 ; elapsed = 00:00:04 . Memory (MB): peak = 1994.617 ; gain = 0.000
Post Processing Netlist | Checksum: 1b43eb21d
INFO: [Opt 31-389] Phase Post Processing Netlist created 0 cells and removed 0 cells
INFO: [Opt 31-1021] In phase Post Processing Netlist, 139 netlist objects are constrained preventing optimization. Please run opt_design with -debug_log to get more detail. 

Phase 9 Finalization

Phase 9.1 Finalizing Design Cores and Updating Shapes
Phase 9.1 Finalizing Design Cores and Updating Shapes | Checksum: 2b80ab227

Time (s): cpu = 00:00:03 ; elapsed = 00:00:05 . Memory (MB): peak = 1994.617 ; gain = 0.000

Phase 9.2 Verifying Netlist Connectivity

Starting Connectivity Check Task

Time (s): cpu = 00:00:00 ; elapsed = 00:00:00.058 . Memory (MB): peak = 1994.617 ; gain = 0.000
Phase 9.2 Verifying Netlist Connectivity | Checksum: 2b80ab227

Time (s): cpu = 00:00:03 ; elapsed = 00:00:05 . Memory (MB): peak = 1994.617 ; gain = 0.000
Phase 9 Finalization | Checksum: 2b80ab227

Time (s): cpu = 00:00:03 ; elapsed = 00:00:05 . Memory (MB): peak = 1994.617 ; gain = 0.000
Opt_design Change Summary
=========================


-------------------------------------------------------------------------------------------------------------------------
|  Phase                        |  #Cells created  |  #Cells Removed  |  #Constrained objects preventing optimizations  |
-------------------------------------------------------------------------------------------------------------------------
|  Retarget                     |             898  |             993  |                                            145  |
|  Constant propagation         |             389  |            1515  |                                            124  |
|  Sweep                        |               1  |             794  |                                            161  |
|  BUFG optimization            |               1  |               0  |                                              0  |
|  Shift Register Optimization  |               0  |               0  |                                              0  |
|  Post Processing Netlist      |               0  |               0  |                                            139  |
-------------------------------------------------------------------------------------------------------------------------


Ending Logic Optimization Task | Checksum: 2b80ab227

Time (s): cpu = 00:00:03 ; elapsed = 00:00:05 . Memory (MB): peak = 1994.617 ; gain = 0.000

Starting Power Optimization Task
INFO: [Pwropt 34-132] Skipping clock gating for clocks with a period < 2.00 ns.
INFO: [Pwropt 34-9] Applying IDT optimizations ...
INFO: [Pwropt 34-10] Applying ODC optimizations ...
INFO: [Timing 38-35] Done setting XDC timing constraints.
Running Vector-less Activity Propagation...

Finished Running Vector-less Activity Propagation


Starting PowerOpt Patch Enables Task
INFO: [Pwropt 34-162] WRITE_MODE attribute of 0 BRAM(s) out of a total of 18 has been updated to save power. Run report_power_opt to get a complete listing of the BRAMs updated.
INFO: [Pwropt 34-201] Structural ODC has moved 4 WE to EN ports
Number of BRAM Ports augmented: 8 newly gated: 8 Total Ports: 36
Ending PowerOpt Patch Enables Task | Checksum: 224d3dc3f

Time (s): cpu = 00:00:00 ; elapsed = 00:00:00.184 . Memory (MB): peak = 2245.332 ; gain = 0.000
Ending Power Optimization Task | Checksum: 224d3dc3f

Time (s): cpu = 00:00:07 ; elapsed = 00:00:07 . Memory (MB): peak = 2245.332 ; gain = 250.715

Starting Final Cleanup Task

Starting Logic Optimization Task
INFO: [Timing 38-35] Done setting XDC timing constraints.
Ending Logic Optimization Task | Checksum: 20859f8ad

Time (s): cpu = 00:00:01 ; elapsed = 00:00:03 . Memory (MB): peak = 2245.332 ; gain = 0.000
Ending Final Cleanup Task | Checksum: 20859f8ad

Time (s): cpu = 00:00:03 ; elapsed = 00:00:06 . Memory (MB): peak = 2245.332 ; gain = 0.000

Starting Netlist Obfuscation Task
Netlist sorting complete. Time (s): cpu = 00:00:00 ; elapsed = 00:00:00.024 . Memory (MB): peak = 2245.332 ; gain = 0.000
Ending Netlist Obfuscation Task | Checksum: 20859f8ad

Time (s): cpu = 00:00:00 ; elapsed = 00:00:00.029 . Memory (MB): peak = 2245.332 ; gain = 0.000
INFO: [Common 17-83] Releasing license: Implementation
66 Infos, 73 Warnings, 26 Critical Warnings and 0 Errors encountered.
opt_design completed successfully
opt_design: Time (s): cpu = 00:00:17 ; elapsed = 00:00:25 . Memory (MB): peak = 2245.332 ; gain = 643.750
INFO: [Vivado 12-24828] Executing command : report_drc -file Final_Project_wrapper_drc_opted.rpt -pb Final_Project_wrapper_drc_opted.pb -rpx Final_Project_wrapper_drc_opted.rpx
Command: report_drc -file Final_Project_wrapper_drc_opted.rpt -pb Final_Project_wrapper_drc_opted.pb -rpx Final_Project_wrapper_drc_opted.rpx
INFO: [IP_Flow 19-1839] IP Catalog is up to date.
INFO: [DRC 23-27] Running DRC with 2 threads
INFO: [Vivado_Tcl 2-168] The results of DRC are in file C:/ece383/Final_Project/Final_Project.runs/impl_1/Final_Project_wrapper_drc_opted.rpt.
report_drc completed successfully
INFO: [Timing 38-35] Done setting XDC timing constraints.
INFO: [Timing 38-480] Writing timing data to binary archive.
Wrote PlaceDB: Time (s): cpu = 00:00:01 ; elapsed = 00:00:00.040 . Memory (MB): peak = 2245.332 ; gain = 0.000
Wrote PulsedLatchDB: Time (s): cpu = 00:00:00 ; elapsed = 00:00:00 . Memory (MB): peak = 2245.332 ; gain = 0.000
Writing XDEF routing.
Writing XDEF routing logical nets.
Write ShapeDB Complete: Time (s): cpu = 00:00:01 ; elapsed = 00:00:00.125 . Memory (MB): peak = 2245.332 ; gain = 0.000
Writing XDEF routing special nets.
Wrote RouteStorage: Time (s): cpu = 00:00:00 ; elapsed = 00:00:00.087 . Memory (MB): peak = 2245.332 ; gain = 0.000
Wrote Netlist Cache: Time (s): cpu = 00:00:00 ; elapsed = 00:00:00.002 . Memory (MB): peak = 2245.332 ; gain = 0.000
Wrote Device Cache: Time (s): cpu = 00:00:00 ; elapsed = 00:00:00.011 . Memory (MB): peak = 2245.332 ; gain = 0.000
Write Physdb Complete: Time (s): cpu = 00:00:01 ; elapsed = 00:00:00.147 . Memory (MB): peak = 2245.332 ; gain = 0.000
INFO: [Common 17-1381] The checkpoint 'C:/ece383/Final_Project/Final_Project.runs/impl_1/Final_Project_wrapper_opt.dcp' has been generated.
write_checkpoint: Time (s): cpu = 00:00:05 ; elapsed = 00:00:06 . Memory (MB): peak = 2245.332 ; gain = 0.000
Command: place_design
Attempting to get a license for feature 'Implementation' and/or device 'xc7a200t'
INFO: [Common 17-349] Got license for feature 'Implementation' and/or device 'xc7a200t'
INFO: [Common 17-83] Releasing license: Implementation
INFO: [DRC 23-27] Running DRC with 2 threads
INFO: [Vivado_Tcl 4-198] DRC finished with 0 Errors
INFO: [Vivado_Tcl 4-199] Please refer to the DRC report (report_drc) for more information.
Running DRC as a precondition to command place_design
INFO: [DRC 23-27] Running DRC with 2 threads
INFO: [Vivado_Tcl 4-198] DRC finished with 0 Errors
INFO: [Vivado_Tcl 4-199] Please refer to the DRC report (report_drc) for more information.
INFO: [Place 30-611] Multithreading enabled for place_design using a maximum of 2 CPUs

Starting Placer Task

Phase 1 Placer Initialization

Phase 1.1 Placer Initialization Netlist Sorting
Netlist sorting complete. Time (s): cpu = 00:00:00 ; elapsed = 00:00:00.024 . Memory (MB): peak = 2245.332 ; gain = 0.000
Phase 1.1 Placer Initialization Netlist Sorting | Checksum: 1ffbb29c0

Time (s): cpu = 00:00:00 ; elapsed = 00:00:00.032 . Memory (MB): peak = 2245.332 ; gain = 0.000
Netlist sorting complete. Time (s): cpu = 00:00:00 ; elapsed = 00:00:00.019 . Memory (MB): peak = 2245.332 ; gain = 0.000

Phase 1.2 IO Placement/ Clock Placement/ Build Placer Device
Phase 1.2 IO Placement/ Clock Placement/ Build Placer Device | Checksum: 1243b3f51

Time (s): cpu = 00:00:02 ; elapsed = 00:00:02 . Memory (MB): peak = 2245.332 ; gain = 0.000

Phase 1.3 Build Placer Netlist Model
Phase 1.3 Build Placer Netlist Model | Checksum: 17c1ab69a

Time (s): cpu = 00:00:06 ; elapsed = 00:00:08 . Memory (MB): peak = 2245.332 ; gain = 0.000

Phase 1.4 Constrain Clocks/Macros
Phase 1.4 Constrain Clocks/Macros | Checksum: 17c1ab69a

Time (s): cpu = 00:00:06 ; elapsed = 00:00:08 . Memory (MB): peak = 2245.332 ; gain = 0.000
Phase 1 Placer Initialization | Checksum: 17c1ab69a

Time (s): cpu = 00:00:06 ; elapsed = 00:00:08 . Memory (MB): peak = 2245.332 ; gain = 0.000

Phase 2 Global Placement

Phase 2.1 Floorplanning
Phase 2.1 Floorplanning | Checksum: 1cb6be883

Time (s): cpu = 00:00:07 ; elapsed = 00:00:10 . Memory (MB): peak = 2245.332 ; gain = 0.000

Phase 2.2 Update Timing before SLR Path Opt
Phase 2.2 Update Timing before SLR Path Opt | Checksum: 216d6f2f1

Time (s): cpu = 00:00:08 ; elapsed = 00:00:11 . Memory (MB): peak = 2245.332 ; gain = 0.000

Phase 2.3 Post-Processing in Floorplanning
Phase 2.3 Post-Processing in Floorplanning | Checksum: 216d6f2f1

Time (s): cpu = 00:00:08 ; elapsed = 00:00:11 . Memory (MB): peak = 2245.332 ; gain = 0.000

Phase 2.4 Global Place Phase1
Phase 2.4 Global Place Phase1 | Checksum: 171cbd0da

Time (s): cpu = 00:00:21 ; elapsed = 00:00:29 . Memory (MB): peak = 2245.332 ; gain = 0.000

Phase 2.5 Global Place Phase2

Phase 2.5.1 UpdateTiming Before Physical Synthesis
Phase 2.5.1 UpdateTiming Before Physical Synthesis | Checksum: 155da3867

Time (s): cpu = 00:00:21 ; elapsed = 00:00:31 . Memory (MB): peak = 2245.332 ; gain = 0.000

Phase 2.5.2 Physical Synthesis In Placer
INFO: [Physopt 32-1035] Found 353 LUTNM shape to break, 2954 LUT instances to create LUTNM shape
INFO: [Physopt 32-1044] Break lutnm for timing: one critical 4, two critical 349, total 353, new lutff created 0
INFO: [Physopt 32-1138] End 1 Pass. Optimized 1719 nets or LUTs. Breaked 353 LUTs, combined 1366 existing LUTs and moved 0 existing LUT
INFO: [Physopt 32-65] No nets found for high-fanout optimization.
INFO: [Physopt 32-232] Optimized 0 net. Created 0 new instance.
INFO: [Physopt 32-775] End 1 Pass. Optimized 0 net or cell. Created 0 new cell, deleted 0 existing cell and moved 0 existing cell
INFO: [Physopt 32-456] No candidate cells for DSP register optimization found in the design.
INFO: [Physopt 32-775] End 2 Pass. Optimized 0 net or cell. Created 0 new cell, deleted 0 existing cell and moved 0 existing cell
INFO: [Physopt 32-1123] No candidate cells found for Shift Register to Pipeline optimization
INFO: [Physopt 32-775] End 2 Pass. Optimized 0 net or cell. Created 0 new cell, deleted 0 existing cell and moved 0 existing cell
INFO: [Physopt 32-1401] No candidate cells found for Shift Register optimization.
INFO: [Physopt 32-677] No candidate cells for Shift Register optimization found in the design
INFO: [Physopt 32-775] End 1 Pass. Optimized 0 net or cell. Created 0 new cell, deleted 0 existing cell and moved 0 existing cell
INFO: [Physopt 32-526] No candidate cells for BRAM register optimization found in the design
INFO: [Physopt 32-775] End 1 Pass. Optimized 0 net or cell. Created 0 new cell, deleted 0 existing cell and moved 0 existing cell
INFO: [Physopt 32-846] No candidate cells for URAM register optimization found in the design
INFO: [Physopt 32-775] End 1 Pass. Optimized 0 net or cell. Created 0 new cell, deleted 0 existing cell and moved 0 existing cell
INFO: [Physopt 32-846] No candidate cells for URAM register optimization found in the design
INFO: [Physopt 32-775] End 1 Pass. Optimized 0 net or cell. Created 0 new cell, deleted 0 existing cell and moved 0 existing cell
INFO: [Physopt 32-949] No candidate nets found for dynamic/static region interface net replication
INFO: [Physopt 32-775] End 1 Pass. Optimized 0 net or cell. Created 0 new cell, deleted 0 existing cell and moved 0 existing cell
Netlist sorting complete. Time (s): cpu = 00:00:00 ; elapsed = 00:00:00.018 . Memory (MB): peak = 2245.332 ; gain = 0.000

Summary of Physical Synthesis Optimizations
============================================


-----------------------------------------------------------------------------------------------------------------------------------------------------------
|  Optimization                                     |  Added Cells  |  Removed Cells  |  Optimized Cells/Nets  |  Dont Touch  |  Iterations  |  Elapsed   |
-----------------------------------------------------------------------------------------------------------------------------------------------------------
|  LUT Combining                                    |          353  |           1366  |                  1719  |           0  |           1  |  00:00:01  |
|  Retime                                           |            0  |              0  |                     0  |           0  |           1  |  00:00:00  |
|  Very High Fanout                                 |            0  |              0  |                     0  |           0  |           1  |  00:00:00  |
|  DSP Register                                     |            0  |              0  |                     0  |           0  |           1  |  00:00:00  |
|  Shift Register to Pipeline                       |            0  |              0  |                     0  |           0  |           1  |  00:00:00  |
|  Shift Register                                   |            0  |              0  |                     0  |           0  |           1  |  00:00:00  |
|  BRAM Register                                    |            0  |              0  |                     0  |           0  |           1  |  00:00:00  |
|  URAM Register                                    |            0  |              0  |                     0  |           0  |           1  |  00:00:00  |
|  Dynamic/Static Region Interface Net Replication  |            0  |              0  |                     0  |           0  |           1  |  00:00:00  |
|  Total                                            |          353  |           1366  |                  1719  |           0  |           9  |  00:00:02  |
-----------------------------------------------------------------------------------------------------------------------------------------------------------


Phase 2.5.2 Physical Synthesis In Placer | Checksum: 212c6336b

Time (s): cpu = 00:00:23 ; elapsed = 00:00:35 . Memory (MB): peak = 2245.332 ; gain = 0.000
Phase 2.5 Global Place Phase2 | Checksum: 1c25b5bf5

Time (s): cpu = 00:00:23 ; elapsed = 00:00:36 . Memory (MB): peak = 2245.332 ; gain = 0.000
Phase 2 Global Placement | Checksum: 1c25b5bf5

Time (s): cpu = 00:00:23 ; elapsed = 00:00:36 . Memory (MB): peak = 2245.332 ; gain = 0.000

Phase 3 Detail Placement

Phase 3.1 Commit Multi Column Macros
Phase 3.1 Commit Multi Column Macros | Checksum: 1f423346c

Time (s): cpu = 00:00:24 ; elapsed = 00:00:37 . Memory (MB): peak = 2245.332 ; gain = 0.000

Phase 3.2 Commit Most Macros & LUTRAMs
Phase 3.2 Commit Most Macros & LUTRAMs | Checksum: 183e9ffa4

Time (s): cpu = 00:00:26 ; elapsed = 00:00:40 . Memory (MB): peak = 2245.332 ; gain = 0.000

Phase 3.3 Area Swap Optimization
Phase 3.3 Area Swap Optimization | Checksum: 1eb01e589

Time (s): cpu = 00:00:26 ; elapsed = 00:00:41 . Memory (MB): peak = 2245.332 ; gain = 0.000

Phase 3.4 Pipeline Register Optimization
Phase 3.4 Pipeline Register Optimization | Checksum: 1e5a0491b

Time (s): cpu = 00:00:26 ; elapsed = 00:00:41 . Memory (MB): peak = 2245.332 ; gain = 0.000

Phase 3.5 Fast Optimization
Phase 3.5 Fast Optimization | Checksum: 2195bf531

Time (s): cpu = 00:00:30 ; elapsed = 00:00:49 . Memory (MB): peak = 2245.332 ; gain = 0.000

Phase 3.6 Small Shape Detail Placement
Phase 3.6 Small Shape Detail Placement | Checksum: 192f3606a

Time (s): cpu = 00:00:35 ; elapsed = 00:01:02 . Memory (MB): peak = 2245.332 ; gain = 0.000

Phase 3.7 Re-assign LUT pins
Phase 3.7 Re-assign LUT pins | Checksum: 1f1f268d6

Time (s): cpu = 00:00:35 ; elapsed = 00:01:03 . Memory (MB): peak = 2245.332 ; gain = 0.000

Phase 3.8 Pipeline Register Optimization
Phase 3.8 Pipeline Register Optimization | Checksum: 237889bc7

Time (s): cpu = 00:00:35 ; elapsed = 00:01:03 . Memory (MB): peak = 2245.332 ; gain = 0.000

Phase 3.9 Fast Optimization
Phase 3.9 Fast Optimization | Checksum: 27436ea67

Time (s): cpu = 00:00:41 ; elapsed = 00:01:16 . Memory (MB): peak = 2245.332 ; gain = 0.000
Phase 3 Detail Placement | Checksum: 27436ea67

Time (s): cpu = 00:00:41 ; elapsed = 00:01:16 . Memory (MB): peak = 2245.332 ; gain = 0.000

Phase 4 Post Placement Optimization and Clean-Up

Phase 4.1 Post Commit Optimization
INFO: [Timing 38-35] Done setting XDC timing constraints.

Phase 4.1.1 Post Placement Optimization
Post Placement Optimization Initialization | Checksum: 2950d641a

Phase 4.1.1.1 BUFG Insertion

Starting Physical Synthesis Task

Phase 1 Physical Synthesis Initialization
INFO: [Physopt 32-721] Multithreading enabled for phys_opt_design using a maximum of 2 CPUs
INFO: [Physopt 32-619] Estimated Timing Summary | WNS=-12.281 | TNS=-450.520 |
Phase 1 Physical Synthesis Initialization | Checksum: 10bcbd80a

Time (s): cpu = 00:00:01 ; elapsed = 00:00:00.919 . Memory (MB): peak = 2249.961 ; gain = 0.000
INFO: [Place 46-33] Processed net Final_Project_i/frogger1_0/U0/frogger1_slave_lite_v1_0_S00_AXI_inst/axi_awready_i_1_n_0, BUFG insertion was skipped due to placement/routing conflicts.
INFO: [Place 46-56] BUFG insertion identified 1 candidate nets. Inserted BUFG: 0, Replicated BUFG Driver: 0, Skipped due to Placement/Routing Conflicts: 1, Skipped due to Timing Degradation: 0, Skipped due to netlist editing failed: 0.
Ending Physical Synthesis Task | Checksum: 20725eb9c

Time (s): cpu = 00:00:01 ; elapsed = 00:00:01 . Memory (MB): peak = 2249.961 ; gain = 0.000
Phase 4.1.1.1 BUFG Insertion | Checksum: 2950d641a

Time (s): cpu = 00:00:46 ; elapsed = 00:01:24 . Memory (MB): peak = 2249.961 ; gain = 4.629

Phase 4.1.1.2 Post Placement Timing Optimization
INFO: [Place 30-746] Post Placement Timing Summary WNS=-9.693. For the most accurate timing information please run report_timing.
Phase 4.1.1.2 Post Placement Timing Optimization | Checksum: 1bf591c70

Time (s): cpu = 00:00:54 ; elapsed = 00:01:44 . Memory (MB): peak = 2249.961 ; gain = 4.629

Time (s): cpu = 00:00:54 ; elapsed = 00:01:44 . Memory (MB): peak = 2249.961 ; gain = 4.629
Phase 4.1 Post Commit Optimization | Checksum: 1bf591c70

Time (s): cpu = 00:00:54 ; elapsed = 00:01:44 . Memory (MB): peak = 2249.961 ; gain = 4.629

Phase 4.2 Post Placement Cleanup
Phase 4.2 Post Placement Cleanup | Checksum: 1bf591c70

Time (s): cpu = 00:00:54 ; elapsed = 00:01:44 . Memory (MB): peak = 2249.961 ; gain = 4.629

Phase 4.3 Placer Reporting

Phase 4.3.1 Print Estimated Congestion
INFO: [Place 30-612] Post-Placement Estimated Congestion 
 ____________________________________________________
|           | Global Congestion | Short Congestion  |
| Direction | Region Size       | Region Size       |
|___________|___________________|___________________|
|      North|                1x1|                2x2|
|___________|___________________|___________________|
|      South|                1x1|                2x2|
|___________|___________________|___________________|
|       East|                4x4|                8x8|
|___________|___________________|___________________|
|       West|                1x1|                1x1|
|___________|___________________|___________________|

Phase 4.3.1 Print Estimated Congestion | Checksum: 1bf591c70

Time (s): cpu = 00:00:54 ; elapsed = 00:01:44 . Memory (MB): peak = 2249.961 ; gain = 4.629
Phase 4.3 Placer Reporting | Checksum: 1bf591c70

Time (s): cpu = 00:00:54 ; elapsed = 00:01:44 . Memory (MB): peak = 2249.961 ; gain = 4.629

Phase 4.4 Final Placement Cleanup
Netlist sorting complete. Time (s): cpu = 00:00:00 ; elapsed = 00:00:00.021 . Memory (MB): peak = 2249.961 ; gain = 0.000

Time (s): cpu = 00:00:54 ; elapsed = 00:01:44 . Memory (MB): peak = 2249.961 ; gain = 4.629
Phase 4 Post Placement Optimization and Clean-Up | Checksum: 16623668f

Time (s): cpu = 00:00:54 ; elapsed = 00:01:45 . Memory (MB): peak = 2249.961 ; gain = 4.629
Ending Placer Task | Checksum: 13966925f

Time (s): cpu = 00:00:54 ; elapsed = 00:01:45 . Memory (MB): peak = 2249.961 ; gain = 4.629
110 Infos, 73 Warnings, 26 Critical Warnings and 0 Errors encountered.
place_design completed successfully
place_design: Time (s): cpu = 00:00:57 ; elapsed = 00:01:48 . Memory (MB): peak = 2249.961 ; gain = 4.629
INFO: [Vivado 12-24838] Running report commands "report_control_sets, report_io, report_utilization" in parallel.
Running report generation with 2 threads.
INFO: [Vivado 12-24828] Executing command : report_io -file Final_Project_wrapper_io_placed.rpt
report_io: Time (s): cpu = 00:00:00 ; elapsed = 00:00:00.099 . Memory (MB): peak = 2249.961 ; gain = 0.000
INFO: [Vivado 12-24828] Executing command : report_control_sets -verbose -file Final_Project_wrapper_control_sets_placed.rpt
report_control_sets: Time (s): cpu = 00:00:00 ; elapsed = 00:00:00.095 . Memory (MB): peak = 2249.961 ; gain = 0.000
INFO: [Vivado 12-24828] Executing command : report_utilization -file Final_Project_wrapper_utilization_placed.rpt -pb Final_Project_wrapper_utilization_placed.pb
INFO: [Timing 38-480] Writing timing data to binary archive.
Write ShapeDB Complete: Time (s): cpu = 00:00:01 ; elapsed = 00:00:00.149 . Memory (MB): peak = 2249.961 ; gain = 0.000
Wrote PlaceDB: Time (s): cpu = 00:00:05 ; elapsed = 00:00:03 . Memory (MB): peak = 2254.348 ; gain = 4.387
Wrote PulsedLatchDB: Time (s): cpu = 00:00:00 ; elapsed = 00:00:00 . Memory (MB): peak = 2254.348 ; gain = 0.000
Writing XDEF routing.
Writing XDEF routing logical nets.
Writing XDEF routing special nets.
Wrote RouteStorage: Time (s): cpu = 00:00:00 ; elapsed = 00:00:00.058 . Memory (MB): peak = 2254.348 ; gain = 0.000
Wrote Netlist Cache: Time (s): cpu = 00:00:00 ; elapsed = 00:00:00.069 . Memory (MB): peak = 2254.348 ; gain = 0.000
Wrote Device Cache: Time (s): cpu = 00:00:00 ; elapsed = 00:00:00.006 . Memory (MB): peak = 2254.348 ; gain = 0.000
Write Physdb Complete: Time (s): cpu = 00:00:05 ; elapsed = 00:00:03 . Memory (MB): peak = 2254.348 ; gain = 4.387
INFO: [Common 17-1381] The checkpoint 'C:/ece383/Final_Project/Final_Project.runs/impl_1/Final_Project_wrapper_placed.dcp' has been generated.
write_checkpoint: Time (s): cpu = 00:00:06 ; elapsed = 00:00:07 . Memory (MB): peak = 2254.348 ; gain = 4.387
Command: phys_opt_design
Attempting to get a license for feature 'Implementation' and/or device 'xc7a200t'
INFO: [Common 17-349] Got license for feature 'Implementation' and/or device 'xc7a200t'

Starting Initial Update Timing Task

Time (s): cpu = 00:00:02 ; elapsed = 00:00:04 . Memory (MB): peak = 2254.348 ; gain = 0.000
INFO: [Vivado_Tcl 4-1435] PhysOpt_Tcl_Interface Runtime Before Starting Physical Synthesis Task | CPU: 3.00s |  WALL: 4.47s
Netlist sorting complete. Time (s): cpu = 00:00:00 ; elapsed = 00:00:00.019 . Memory (MB): peak = 2254.348 ; gain = 0.000

Starting Physical Synthesis Task

Phase 1 Physical Synthesis Initialization
INFO: [Physopt 32-721] Multithreading enabled for phys_opt_design using a maximum of 2 CPUs
INFO: [Physopt 32-619] Estimated Timing Summary | WNS=-9.708 | TNS=-384.038 |
Phase 1 Physical Synthesis Initialization | Checksum: 16600f9ed

Time (s): cpu = 00:00:02 ; elapsed = 00:00:02 . Memory (MB): peak = 2267.867 ; gain = 13.520
INFO: [Physopt 32-619] Estimated Timing Summary | WNS=-9.708 | TNS=-384.038 |

Phase 2 DSP Register Optimization
INFO: [Physopt 32-456] No candidate cells for DSP register optimization found in the design.
INFO: [Physopt 32-775] End 2 Pass. Optimized 0 net or cell. Created 0 new cell, deleted 0 existing cell and moved 0 existing cell
Phase 2 DSP Register Optimization | Checksum: 16600f9ed

Time (s): cpu = 00:00:02 ; elapsed = 00:00:02 . Memory (MB): peak = 2267.867 ; gain = 13.520

Phase 3 Critical Path Optimization
INFO: [Physopt 32-619] Estimated Timing Summary | WNS=-9.708 | TNS=-384.038 |
INFO: [Physopt 32-702] Processed net Final_Project_i/frogger1_0/U0/frogger1_slave_lite_v1_0_S00_AXI_inst/froggerGraphics/inst_dvid/TDMS_encoder_blue/dc_bias_reg[3]_0[3]. Optimizations did not improve timing on the net.
INFO: [Physopt 32-702] Processed net Final_Project_i/clk_wiz_1/inst/clk_out1_Final_Project_clk_wiz_1_0. Optimizations did not improve timing on the net.
INFO: [Physopt 32-702] Processed net Final_Project_i/frogger1_0/U0/frogger1_slave_lite_v1_0_S00_AXI_inst/froggerGraphics/inst_dvid/dc_bias_reg[3]_i_2__0_n_0. Optimizations did not improve timing on the net.
INFO: [Physopt 32-702] Processed net Final_Project_i/frogger1_0/U0/frogger1_slave_lite_v1_0_S00_AXI_inst/froggerGraphics/inst_dvid/dc_bias[3]_i_9__1_n_0. Optimizations did not improve timing on the net.
INFO: [Physopt 32-81] Processed net Final_Project_i/frogger1_0/U0/frogger1_slave_lite_v1_0_S00_AXI_inst/froggerGraphics/inst_dvid/dc_bias_reg[3]_1. Replicated 1 times.
INFO: [Physopt 32-735] Processed net Final_Project_i/frogger1_0/U0/frogger1_slave_lite_v1_0_S00_AXI_inst/froggerGraphics/inst_dvid/dc_bias_reg[3]_1. Optimization improves timing on the net.
INFO: [Physopt 32-619] Estimated Timing Summary | WNS=-9.707 | TNS=-384.073 |
INFO: [Physopt 32-608] Optimized 1 net.  Swapped 19 pins.
INFO: [Physopt 32-735] Processed net Final_Project_i/frogger1_0/U0/frogger1_slave_lite_v1_0_S00_AXI_inst/froggerGraphics/inst_dvid/dc_bias_reg[3]_1. Optimization improves timing on the net.
INFO: [Physopt 32-619] Estimated Timing Summary | WNS=-9.693 | TNS=-384.037 |
INFO: [Physopt 32-702] Processed net Final_Project_i/frogger1_0/U0/frogger1_slave_lite_v1_0_S00_AXI_inst/froggerGraphics/inst_dvid/TDMS_encoder_green/Q[3]. Optimizations did not improve timing on the net.
INFO: [Physopt 32-702] Processed net Final_Project_i/frogger1_0/U0/frogger1_slave_lite_v1_0_S00_AXI_inst/froggerGraphics/inst_dvid/dc_bias_reg[3]_i_6_n_0. Optimizations did not improve timing on the net.
INFO: [Physopt 32-608] Optimized 1 net.  Swapped 20 pins.
INFO: [Physopt 32-735] Processed net Final_Project_i/frogger1_0/U0/frogger1_slave_lite_v1_0_S00_AXI_inst/froggerGraphics/inst_dvid/dc_bias[3]_i_14__0_n_0. Optimization improves timing on the net.
INFO: [Physopt 32-619] Estimated Timing Summary | WNS=-9.685 | TNS=-384.028 |
INFO: [Physopt 32-702] Processed net Final_Project_i/frogger1_0/U0/frogger1_slave_lite_v1_0_S00_AXI_inst/froggerGraphics/inst_dvid/TDMS_encoder_red/dc_bias_reg[3]_0[3]. Optimizations did not improve timing on the net.
INFO: [Physopt 32-608] Optimized 1 net.  Swapped 22 pins.
INFO: [Physopt 32-735] Processed net Final_Project_i/frogger1_0/U0/frogger1_slave_lite_v1_0_S00_AXI_inst/froggerGraphics/inst_dvid/dc_bias[3]_i_4_n_0. Optimization improves timing on the net.
INFO: [Physopt 32-619] Estimated Timing Summary | WNS=-9.684 | TNS=-384.008 |
INFO: [Physopt 32-608] Optimized 1 net.  Swapped 22 pins.
INFO: [Physopt 32-735] Processed net Final_Project_i/frogger1_0/U0/frogger1_slave_lite_v1_0_S00_AXI_inst/froggerGraphics/inst_dvid/dc_bias[3]_i_3_n_0. Optimization improves timing on the net.
INFO: [Physopt 32-619] Estimated Timing Summary | WNS=-9.671 | TNS=-383.876 |
INFO: [Physopt 32-608] Optimized 1 net.  Swapped 19 pins.
INFO: [Physopt 32-735] Processed net Final_Project_i/frogger1_0/U0/frogger1_slave_lite_v1_0_S00_AXI_inst/froggerGraphics/inst_dvid/dc_bias_reg[3]_1. Optimization improves timing on the net.
INFO: [Physopt 32-619] Estimated Timing Summary | WNS=-9.665 | TNS=-383.846 |
INFO: [Physopt 32-608] Optimized 1 net.  Swapped 22 pins.
INFO: [Physopt 32-735] Processed net Final_Project_i/frogger1_0/U0/frogger1_slave_lite_v1_0_S00_AXI_inst/froggerGraphics/inst_dvid/dc_bias[3]_i_5_n_0. Optimization improves timing on the net.
INFO: [Physopt 32-619] Estimated Timing Summary | WNS=-9.663 | TNS=-383.839 |
INFO: [Physopt 32-702] Processed net Final_Project_i/frogger1_0/U0/frogger1_slave_lite_v1_0_S00_AXI_inst/froggerGraphics/inst_dvid/TDMS_encoder_red/dc_bias_reg[3]_0[2]. Optimizations did not improve timing on the net.
INFO: [Physopt 32-608] Optimized 1 net.  Swapped 23 pins.
INFO: [Physopt 32-735] Processed net Final_Project_i/frogger1_0/U0/frogger1_slave_lite_v1_0_S00_AXI_inst/froggerGraphics/inst_dvid/dc_bias[2]_i_2_n_0. Optimization improves timing on the net.
INFO: [Physopt 32-619] Estimated Timing Summary | WNS=-9.658 | TNS=-383.727 |
INFO: [Physopt 32-702] Processed net Final_Project_i/frogger1_0/U0/frogger1_slave_lite_v1_0_S00_AXI_inst/froggerGraphics/inst_dvid/dc_bias[3]_i_4_n_0. Optimizations did not improve timing on the net.
INFO: [Physopt 32-702] Processed net Final_Project_i/frogger1_0/U0/frogger1_slave_lite_v1_0_S00_AXI_inst/froggerGraphics/inst_dvid/dc_bias[3]_i_7_n_0. Optimizations did not improve timing on the net.
INFO: [Physopt 32-608] Optimized 1 net.  Swapped 21 pins.
INFO: [Physopt 32-735] Processed net Final_Project_i/frogger1_0/U0/frogger1_slave_lite_v1_0_S00_AXI_inst/froggerGraphics/inst_dvid/dc_bias[1]_i_4_n_0. Optimization improves timing on the net.
INFO: [Physopt 32-619] Estimated Timing Summary | WNS=-9.651 | TNS=-383.720 |
INFO: [Physopt 32-702] Processed net Final_Project_i/frogger1_0/U0/frogger1_slave_lite_v1_0_S00_AXI_inst/froggerGraphics/inst_dvid/dc_bias[3]_i_13_n_0. Optimizations did not improve timing on the net.
INFO: [Physopt 32-608] Optimized 1 net.  Swapped 23 pins.
INFO: [Physopt 32-735] Processed net Final_Project_i/frogger1_0/U0/frogger1_slave_lite_v1_0_S00_AXI_inst/froggerGraphics/inst_dvid/dc_bias[1]_i_10_n_0. Optimization improves timing on the net.
INFO: [Physopt 32-619] Estimated Timing Summary | WNS=-9.641 | TNS=-383.633 |
INFO: [Physopt 32-702] Processed net Final_Project_i/frogger1_0/U0/frogger1_slave_lite_v1_0_S00_AXI_inst/froggerGraphics/inst_dvid/dc_bias[3]_i_8__1_n_0. Optimizations did not improve timing on the net.
INFO: [Physopt 32-663] Processed net Final_Project_i/frogger1_0/U0/frogger1_slave_lite_v1_0_S00_AXI_inst/froggerGraphics/inst_dvid/i__i_3__4_n_0.  Re-placed instance Final_Project_i/frogger1_0/U0/frogger1_slave_lite_v1_0_S00_AXI_inst/froggerGraphics/inst_dvid/i__i_3__4
INFO: [Physopt 32-735] Processed net Final_Project_i/frogger1_0/U0/frogger1_slave_lite_v1_0_S00_AXI_inst/froggerGraphics/inst_dvid/i__i_3__4_n_0. Optimization improves timing on the net.
INFO: [Physopt 32-619] Estimated Timing Summary | WNS=-9.639 | TNS=-383.631 |
INFO: [Physopt 32-702] Processed net Final_Project_i/frogger1_0/U0/frogger1_slave_lite_v1_0_S00_AXI_inst/froggerGraphics/inst_dvid/i__i_3__4_n_0. Optimizations did not improve timing on the net.
INFO: [Physopt 32-608] Optimized 1 net.  Swapped 20 pins.
INFO: [Physopt 32-735] Processed net Final_Project_i/frogger1_0/U0/frogger1_slave_lite_v1_0_S00_AXI_inst/froggerGraphics/inst_dvid/i__i_7__1_n_0. Optimization improves timing on the net.
INFO: [Physopt 32-619] Estimated Timing Summary | WNS=-9.639 | TNS=-383.631 |
INFO: [Physopt 32-702] Processed net Final_Project_i/frogger1_0/U0/frogger1_slave_lite_v1_0_S00_AXI_inst/froggerGraphics/inst_dvid/dc_bias_reg[3]_1. Optimizations did not improve timing on the net.
INFO: [Physopt 32-81] Processed net Final_Project_i/frogger1_0/U0/frogger1_slave_lite_v1_0_S00_AXI_inst/froggerGraphics/inst_dvid/i___31_n_0. Replicated 1 times.
INFO: [Physopt 32-735] Processed net Final_Project_i/frogger1_0/U0/frogger1_slave_lite_v1_0_S00_AXI_inst/froggerGraphics/inst_dvid/i___31_n_0. Optimization improves timing on the net.
INFO: [Physopt 32-619] Estimated Timing Summary | WNS=-9.634 | TNS=-383.652 |
INFO: [Physopt 32-608] Optimized 1 net.  Swapped 6 pins.
INFO: [Physopt 32-735] Processed net Final_Project_i/frogger1_0/U0/frogger1_slave_lite_v1_0_S00_AXI_inst/froggerGraphics/inst_dvid/dc_bias[3]_i_6__0_n_0. Optimization improves timing on the net.
INFO: [Physopt 32-619] Estimated Timing Summary | WNS=-9.630 | TNS=-383.427 |
INFO: [Physopt 32-702] Processed net Final_Project_i/frogger1_0/U0/frogger1_slave_lite_v1_0_S00_AXI_inst/froggerGraphics/inst_dvid/i__i_4__2_n_0. Optimizations did not improve timing on the net.
INFO: [Physopt 32-702] Processed net Final_Project_i/frogger1_0/U0/frogger1_slave_lite_v1_0_S00_AXI_inst/froggerGraphics/inst_dvid/i__i_3__10. Optimizations did not improve timing on the net.
INFO: [Physopt 32-663] Processed net Final_Project_i/frogger1_0/U0/frogger1_slave_lite_v1_0_S00_AXI_inst/froggerGraphics/inst_dvid/i__i_5__2_n_0.  Re-placed instance Final_Project_i/frogger1_0/U0/frogger1_slave_lite_v1_0_S00_AXI_inst/froggerGraphics/inst_dvid/i__i_5__2
INFO: [Physopt 32-735] Processed net Final_Project_i/frogger1_0/U0/frogger1_slave_lite_v1_0_S00_AXI_inst/froggerGraphics/inst_dvid/i__i_5__2_n_0. Optimization improves timing on the net.
INFO: [Physopt 32-619] Estimated Timing Summary | WNS=-9.625 | TNS=-383.162 |
INFO: [Physopt 32-608] Optimized 1 net.  Swapped 12 pins.
INFO: [Physopt 32-735] Processed net Final_Project_i/frogger1_0/U0/frogger1_slave_lite_v1_0_S00_AXI_inst/froggerGraphics/inst_dvid/dc_bias[3]_i_7__1_n_0. Optimization improves timing on the net.
INFO: [Physopt 32-619] Estimated Timing Summary | WNS=-9.618 | TNS=-383.147 |
INFO: [Physopt 32-702] Processed net Final_Project_i/frogger1_0/U0/frogger1_slave_lite_v1_0_S00_AXI_inst/froggerGraphics/inst_dvid/dc_bias[3]_i_3_n_0. Optimizations did not improve timing on the net.
INFO: [Physopt 32-608] Optimized 1 net.  Swapped 20 pins.
INFO: [Physopt 32-735] Processed net Final_Project_i/frogger1_0/U0/frogger1_slave_lite_v1_0_S00_AXI_inst/froggerGraphics/inst_dvid/dc_bias[3]_i_8__0_n_0. Optimization improves timing on the net.
INFO: [Physopt 32-619] Estimated Timing Summary | WNS=-9.610 | TNS=-383.002 |
INFO: [Physopt 32-702] Processed net Final_Project_i/frogger1_0/U0/frogger1_slave_lite_v1_0_S00_AXI_inst/froggerGraphics/inst_dvid/i__i_5__2_n_0. Optimizations did not improve timing on the net.
INFO: [Physopt 32-601] Processed net Final_Project_i/frogger1_0/U0/frogger1_slave_lite_v1_0_S00_AXI_inst/froggerGraphics/Inst_vga/uut2/blue[3]. Net driver Final_Project_i/frogger1_0/U0/frogger1_slave_lite_v1_0_S00_AXI_inst/froggerGraphics/Inst_vga/uut2/i__i_1__3 was replaced.
INFO: [Physopt 32-735] Processed net Final_Project_i/frogger1_0/U0/frogger1_slave_lite_v1_0_S00_AXI_inst/froggerGraphics/Inst_vga/uut2/blue[3]. Optimization improves timing on the net.
INFO: [Physopt 32-619] Estimated Timing Summary | WNS=-9.601 | TNS=-381.262 |
INFO: [Physopt 32-702] Processed net Final_Project_i/frogger1_0/U0/frogger1_slave_lite_v1_0_S00_AXI_inst/froggerGraphics/inst_dvid/dc_bias_reg[3]. Optimizations did not improve timing on the net.
INFO: [Physopt 32-710] Processed net Final_Project_i/frogger1_0/U0/frogger1_slave_lite_v1_0_S00_AXI_inst/froggerGraphics/inst_dvid/dc_bias_reg[3]. Critical path length was reduced through logic transformation on cell Final_Project_i/frogger1_0/U0/frogger1_slave_lite_v1_0_S00_AXI_inst/froggerGraphics/inst_dvid/i__i_2_comp.
INFO: [Physopt 32-735] Processed net Final_Project_i/frogger1_0/U0/frogger1_slave_lite_v1_0_S00_AXI_inst/froggerGraphics/inst_dvid/i__i_7_n_0. Optimization improves timing on the net.
INFO: [Physopt 32-619] Estimated Timing Summary | WNS=-9.596 | TNS=-380.990 |
INFO: [Physopt 32-608] Optimized 1 net.  Swapped 10 pins.
INFO: [Physopt 32-735] Processed net Final_Project_i/frogger1_0/U0/frogger1_slave_lite_v1_0_S00_AXI_inst/froggerGraphics/inst_dvid/i___31_n_0_repN. Optimization improves timing on the net.
INFO: [Physopt 32-619] Estimated Timing Summary | WNS=-9.591 | TNS=-380.980 |
INFO: [Physopt 32-702] Processed net Final_Project_i/frogger1_0/U0/frogger1_slave_lite_v1_0_S00_AXI_inst/froggerGraphics/inst_dvid/dc_bias[3]_i_15__0_n_0. Optimizations did not improve timing on the net.
INFO: [Physopt 32-608] Optimized 1 net.  Swapped 24 pins.
INFO: [Physopt 32-735] Processed net Final_Project_i/frogger1_0/U0/frogger1_slave_lite_v1_0_S00_AXI_inst/froggerGraphics/inst_dvid/dc_bias[3]_i_21_n_0. Optimization improves timing on the net.
INFO: [Physopt 32-619] Estimated Timing Summary | WNS=-9.592 | TNS=-380.981 |
INFO: [Physopt 32-608] Optimized 1 net.  Swapped 24 pins.
INFO: [Physopt 32-735] Processed net Final_Project_i/frogger1_0/U0/frogger1_slave_lite_v1_0_S00_AXI_inst/froggerGraphics/inst_dvid/i___10_n_0. Optimization improves timing on the net.
INFO: [Physopt 32-619] Estimated Timing Summary | WNS=-9.586 | TNS=-380.966 |
INFO: [Physopt 32-608] Optimized 1 net.  Swapped 18 pins.
INFO: [Physopt 32-735] Processed net Final_Project_i/frogger1_0/U0/frogger1_slave_lite_v1_0_S00_AXI_inst/froggerGraphics/inst_dvid/dc_bias[3]_i_23__0_n_0. Optimization improves timing on the net.
INFO: [Physopt 32-619] Estimated Timing Summary | WNS=-9.580 | TNS=-380.960 |
INFO: [Physopt 32-702] Processed net Final_Project_i/frogger1_0/U0/frogger1_slave_lite_v1_0_S00_AXI_inst/froggerGraphics/inst_dvid/dc_bias[3]_i_7__1_n_0. Optimizations did not improve timing on the net.
INFO: [Physopt 32-663] Processed net Final_Project_i/frogger1_0/U0/frogger1_slave_lite_v1_0_S00_AXI_inst/froggerGraphics/inst_dvid/dc_bias[3]_i_18__0_n_0.  Re-placed instance Final_Project_i/frogger1_0/U0/frogger1_slave_lite_v1_0_S00_AXI_inst/froggerGraphics/inst_dvid/dc_bias[3]_i_18__0
INFO: [Physopt 32-735] Processed net Final_Project_i/frogger1_0/U0/frogger1_slave_lite_v1_0_S00_AXI_inst/froggerGraphics/inst_dvid/dc_bias[3]_i_18__0_n_0. Optimization improves timing on the net.
INFO: [Physopt 32-619] Estimated Timing Summary | WNS=-9.577 | TNS=-380.924 |
INFO: [Physopt 32-702] Processed net Final_Project_i/frogger1_0/U0/frogger1_slave_lite_v1_0_S00_AXI_inst/froggerGraphics/inst_dvid/dc_bias[3]_i_14__0_n_0. Optimizations did not improve timing on the net.
INFO: [Physopt 32-702] Processed net Final_Project_i/frogger1_0/U0/frogger1_slave_lite_v1_0_S00_AXI_inst/froggerGraphics/inst_dvid/dc_bias[3]_i_20_n_0. Optimizations did not improve timing on the net.
INFO: [Physopt 32-663] Processed net Final_Project_i/frogger1_0/U0/frogger1_slave_lite_v1_0_S00_AXI_inst/froggerGraphics/inst_dvid/dc_bias[3]_i_24_n_0.  Re-placed instance Final_Project_i/frogger1_0/U0/frogger1_slave_lite_v1_0_S00_AXI_inst/froggerGraphics/inst_dvid/dc_bias[3]_i_24
INFO: [Physopt 32-735] Processed net Final_Project_i/frogger1_0/U0/frogger1_slave_lite_v1_0_S00_AXI_inst/froggerGraphics/inst_dvid/dc_bias[3]_i_24_n_0. Optimization improves timing on the net.
INFO: [Physopt 32-619] Estimated Timing Summary | WNS=-9.574 | TNS=-380.920 |
INFO: [Physopt 32-702] Processed net Final_Project_i/frogger1_0/U0/frogger1_slave_lite_v1_0_S00_AXI_inst/froggerGraphics/inst_dvid/TDMS_encoder_red/D[9]. Optimizations did not improve timing on the net.
INFO: [Physopt 32-81] Processed net Final_Project_i/frogger1_0/U0/frogger1_slave_lite_v1_0_S00_AXI_inst/froggerGraphics/inst_dvid/dc_bias_reg[0]. Replicated 1 times.
INFO: [Physopt 32-735] Processed net Final_Project_i/frogger1_0/U0/frogger1_slave_lite_v1_0_S00_AXI_inst/froggerGraphics/inst_dvid/dc_bias_reg[0]. Optimization improves timing on the net.
INFO: [Physopt 32-619] Estimated Timing Summary | WNS=-9.573 | TNS=-381.153 |
INFO: [Physopt 32-608] Optimized 1 net.  Swapped 24 pins.
INFO: [Physopt 32-735] Processed net Final_Project_i/frogger1_0/U0/frogger1_slave_lite_v1_0_S00_AXI_inst/froggerGraphics/inst_dvid/dc_bias[3]_i_2_n_0. Optimization improves timing on the net.
INFO: [Physopt 32-619] Estimated Timing Summary | WNS=-9.569 | TNS=-381.139 |
INFO: [Physopt 32-81] Processed net Final_Project_i/frogger1_0/U0/frogger1_slave_lite_v1_0_S00_AXI_inst/froggerGraphics/inst_dvid/dc_bias[1]_i_7_n_0. Replicated 1 times.
INFO: [Physopt 32-735] Processed net Final_Project_i/frogger1_0/U0/frogger1_slave_lite_v1_0_S00_AXI_inst/froggerGraphics/inst_dvid/dc_bias[1]_i_7_n_0. Optimization improves timing on the net.
INFO: [Physopt 32-619] Estimated Timing Summary | WNS=-9.562 | TNS=-381.131 |
INFO: [Physopt 32-608] Optimized 1 net.  Swapped 16 pins.
INFO: [Physopt 32-735] Processed net Final_Project_i/frogger1_0/U0/frogger1_slave_lite_v1_0_S00_AXI_inst/froggerGraphics/inst_dvid/dc_bias_reg[0]. Optimization improves timing on the net.
INFO: [Physopt 32-619] Estimated Timing Summary | WNS=-9.559 | TNS=-380.708 |
INFO: [Physopt 32-608] Optimized 1 net.  Swapped 19 pins.
INFO: [Physopt 32-735] Processed net Final_Project_i/frogger1_0/U0/frogger1_slave_lite_v1_0_S00_AXI_inst/froggerGraphics/inst_dvid/dc_bias[3]_i_24_n_0. Optimization improves timing on the net.
INFO: [Physopt 32-619] Estimated Timing Summary | WNS=-9.551 | TNS=-380.649 |
INFO: [Physopt 32-702] Processed net Final_Project_i/frogger1_0/U0/frogger1_slave_lite_v1_0_S00_AXI_inst/froggerGraphics/inst_dvid/dc_bias[3]_i_5_n_0. Optimizations did not improve timing on the net.
INFO: [Physopt 32-663] Processed net Final_Project_i/frogger1_0/U0/frogger1_slave_lite_v1_0_S00_AXI_inst/froggerGraphics/inst_dvid/dc_bias[3]_i_12_n_0.  Re-placed instance Final_Project_i/frogger1_0/U0/frogger1_slave_lite_v1_0_S00_AXI_inst/froggerGraphics/inst_dvid/dc_bias[3]_i_12
INFO: [Physopt 32-735] Processed net Final_Project_i/frogger1_0/U0/frogger1_slave_lite_v1_0_S00_AXI_inst/froggerGraphics/inst_dvid/dc_bias[3]_i_12_n_0. Optimization improves timing on the net.
INFO: [Physopt 32-619] Estimated Timing Summary | WNS=-9.548 | TNS=-380.637 |
INFO: [Physopt 32-702] Processed net Final_Project_i/frogger1_0/U0/frogger1_slave_lite_v1_0_S00_AXI_inst/froggerGraphics/inst_dvid/TDMS_encoder_red/dc_bias_reg[3]_0[1]. Optimizations did not improve timing on the net.
INFO: [Physopt 32-702] Processed net Final_Project_i/frogger1_0/U0/frogger1_slave_lite_v1_0_S00_AXI_inst/froggerGraphics/inst_dvid/dc_bias[1]_i_2_n_0. Optimizations did not improve timing on the net.
INFO: [Physopt 32-608] Optimized 1 net.  Swapped 20 pins.
INFO: [Physopt 32-735] Processed net Final_Project_i/frogger1_0/U0/frogger1_slave_lite_v1_0_S00_AXI_inst/froggerGraphics/inst_dvid/dc_bias[1]_i_8_n_0. Optimization improves timing on the net.
INFO: [Physopt 32-619] Estimated Timing Summary | WNS=-9.544 | TNS=-380.536 |
INFO: [Physopt 32-702] Processed net Final_Project_i/frogger1_0/U0/frogger1_slave_lite_v1_0_S00_AXI_inst/froggerGraphics/inst_dvid/dc_bias[3]_i_4__1_n_0. Optimizations did not improve timing on the net.
INFO: [Physopt 32-663] Processed net Final_Project_i/frogger1_0/U0/frogger1_slave_lite_v1_0_S00_AXI_inst/froggerGraphics/inst_dvid/dc_bias[3]_i_13__1_n_0.  Re-placed instance Final_Project_i/frogger1_0/U0/frogger1_slave_lite_v1_0_S00_AXI_inst/froggerGraphics/inst_dvid/dc_bias[3]_i_13__1
INFO: [Physopt 32-735] Processed net Final_Project_i/frogger1_0/U0/frogger1_slave_lite_v1_0_S00_AXI_inst/froggerGraphics/inst_dvid/dc_bias[3]_i_13__1_n_0. Optimization improves timing on the net.
INFO: [Physopt 32-619] Estimated Timing Summary | WNS=-9.539 | TNS=-380.510 |
INFO: [Physopt 32-702] Processed net Final_Project_i/frogger1_0/U0/frogger1_slave_lite_v1_0_S00_AXI_inst/froggerGraphics/inst_dvid/dc_bias[3]_i_12_n_0. Optimizations did not improve timing on the net.
INFO: [Physopt 32-663] Processed net Final_Project_i/frogger1_0/U0/frogger1_slave_lite_v1_0_S00_AXI_inst/froggerGraphics/inst_dvid/i__i_7_n_0.  Re-placed instance Final_Project_i/frogger1_0/U0/frogger1_slave_lite_v1_0_S00_AXI_inst/froggerGraphics/inst_dvid/i__i_7
INFO: [Physopt 32-735] Processed net Final_Project_i/frogger1_0/U0/frogger1_slave_lite_v1_0_S00_AXI_inst/froggerGraphics/inst_dvid/i__i_7_n_0. Optimization improves timing on the net.
INFO: [Physopt 32-619] Estimated Timing Summary | WNS=-9.538 | TNS=-380.497 |
INFO: [Physopt 32-702] Processed net Final_Project_i/frogger1_0/U0/frogger1_slave_lite_v1_0_S00_AXI_inst/froggerGraphics/inst_dvid/TDMS_encoder_green/Q[1]. Optimizations did not improve timing on the net.
INFO: [Physopt 32-608] Optimized 1 net.  Swapped 20 pins.
INFO: [Physopt 32-735] Processed net Final_Project_i/frogger1_0/U0/frogger1_slave_lite_v1_0_S00_AXI_inst/froggerGraphics/inst_dvid/dc_bias[1]_i_2__0_n_0. Optimization improves timing on the net.
INFO: [Physopt 32-619] Estimated Timing Summary | WNS=-9.526 | TNS=-380.373 |
INFO: [Physopt 32-608] Optimized 1 net.  Swapped 23 pins.
INFO: [Physopt 32-735] Processed net Final_Project_i/frogger1_0/U0/frogger1_slave_lite_v1_0_S00_AXI_inst/froggerGraphics/inst_dvid/dc_bias[3]_i_6_n_0. Optimization improves timing on the net.
INFO: [Physopt 32-619] Estimated Timing Summary | WNS=-9.524 | TNS=-380.354 |
INFO: [Physopt 32-608] Optimized 1 net.  Swapped 23 pins.
INFO: [Physopt 32-735] Processed net Final_Project_i/frogger1_0/U0/frogger1_slave_lite_v1_0_S00_AXI_inst/froggerGraphics/inst_dvid/dc_bias[2]_i_2_n_0. Optimization improves timing on the net.
INFO: [Physopt 32-619] Estimated Timing Summary | WNS=-9.518 | TNS=-380.331 |
INFO: [Physopt 32-702] Processed net Final_Project_i/frogger1_0/U0/frogger1_slave_lite_v1_0_S00_AXI_inst/froggerGraphics/inst_dvid/dc_bias[3]_i_13__1_n_0. Optimizations did not improve timing on the net.
INFO: [Physopt 32-710] Processed net Final_Project_i/frogger1_0/U0/frogger1_slave_lite_v1_0_S00_AXI_inst/froggerGraphics/inst_dvid/i__i_5__2_n_0. Critical path length was reduced through logic transformation on cell Final_Project_i/frogger1_0/U0/frogger1_slave_lite_v1_0_S00_AXI_inst/froggerGraphics/inst_dvid/i__i_5__2_comp.
INFO: [Physopt 32-735] Processed net Final_Project_i/frogger1_0/U0/frogger1_slave_lite_v1_0_S00_AXI_inst/froggerGraphics/Inst_vga/uut2/blue[3]. Optimization improves timing on the net.
INFO: [Physopt 32-619] Estimated Timing Summary | WNS=-9.516 | TNS=-380.305 |
INFO: [Physopt 32-601] Processed net Final_Project_i/frogger1_0/U0/frogger1_slave_lite_v1_0_S00_AXI_inst/froggerGraphics/Inst_vga/uut2/blue[4]. Net driver Final_Project_i/frogger1_0/U0/frogger1_slave_lite_v1_0_S00_AXI_inst/froggerGraphics/Inst_vga/uut2/i__i_1__4 was replaced.
INFO: [Physopt 32-735] Processed net Final_Project_i/frogger1_0/U0/frogger1_slave_lite_v1_0_S00_AXI_inst/froggerGraphics/Inst_vga/uut2/blue[4]. Optimization improves timing on the net.
INFO: [Physopt 32-619] Estimated Timing Summary | WNS=-9.508 | TNS=-380.188 |
INFO: [Physopt 32-702] Processed net Final_Project_i/frogger1_0/U0/frogger1_slave_lite_v1_0_S00_AXI_inst/froggerGraphics/inst_dvid/TDMS_encoder_red/dc_bias_reg[3]_0[0]. Optimizations did not improve timing on the net.
INFO: [Physopt 32-608] Optimized 1 net.  Swapped 21 pins.
INFO: [Physopt 32-735] Processed net Final_Project_i/frogger1_0/U0/frogger1_slave_lite_v1_0_S00_AXI_inst/froggerGraphics/inst_dvid/dc_bias_reg[0]_repN. Optimization improves timing on the net.
INFO: [Physopt 32-619] Estimated Timing Summary | WNS=-9.507 | TNS=-379.946 |
INFO: [Physopt 32-702] Processed net Final_Project_i/frogger1_0/U0/frogger1_slave_lite_v1_0_S00_AXI_inst/froggerGraphics/inst_dvid/dc_bias[3]_i_9_n_0. Optimizations did not improve timing on the net.
INFO: [Physopt 32-81] Processed net Final_Project_i/frogger1_0/U0/frogger1_slave_lite_v1_0_S00_AXI_inst/froggerGraphics/inst_dvid/i__i_1_n_0. Replicated 1 times.
INFO: [Physopt 32-735] Processed net Final_Project_i/frogger1_0/U0/frogger1_slave_lite_v1_0_S00_AXI_inst/froggerGraphics/inst_dvid/i__i_1_n_0. Optimization improves timing on the net.
INFO: [Physopt 32-619] Estimated Timing Summary | WNS=-9.507 | TNS=-379.642 |
INFO: [Physopt 32-702] Processed net Final_Project_i/frogger1_0/U0/frogger1_slave_lite_v1_0_S00_AXI_inst/froggerGraphics/inst_dvid/i__i_1_n_0. Optimizations did not improve timing on the net.
INFO: [Physopt 32-710] Processed net Final_Project_i/frogger1_0/U0/frogger1_slave_lite_v1_0_S00_AXI_inst/froggerGraphics/inst_dvid/i__i_1_n_0. Critical path length was reduced through logic transformation on cell Final_Project_i/frogger1_0/U0/frogger1_slave_lite_v1_0_S00_AXI_inst/froggerGraphics/inst_dvid/i__i_1_comp.
INFO: [Physopt 32-735] Processed net Final_Project_i/frogger1_0/U0/frogger1_slave_lite_v1_0_S00_AXI_inst/froggerGraphics/inst_dvid/i__i_5_n_0. Optimization improves timing on the net.
INFO: [Physopt 32-619] Estimated Timing Summary | WNS=-9.507 | TNS=-379.614 |
INFO: [Physopt 32-702] Processed net Final_Project_i/frogger1_0/U0/frogger1_slave_lite_v1_0_S00_AXI_inst/froggerGraphics/inst_dvid/i__i_7__2_n_0. Optimizations did not improve timing on the net.
INFO: [Physopt 32-663] Processed net Final_Project_i/frogger1_0/U0/frogger1_slave_lite_v1_0_S00_AXI_inst/froggerGraphics/Inst_vga/uut2/blue[2].  Re-placed instance Final_Project_i/frogger1_0/U0/frogger1_slave_lite_v1_0_S00_AXI_inst/froggerGraphics/Inst_vga/uut2/i__i_1__0
INFO: [Physopt 32-735] Processed net Final_Project_i/frogger1_0/U0/frogger1_slave_lite_v1_0_S00_AXI_inst/froggerGraphics/Inst_vga/uut2/blue[2]. Optimization improves timing on the net.
INFO: [Physopt 32-619] Estimated Timing Summary | WNS=-9.504 | TNS=-378.734 |
INFO: [Physopt 32-608] Optimized 1 net.  Swapped 23 pins.
INFO: [Physopt 32-735] Processed net Final_Project_i/frogger1_0/U0/frogger1_slave_lite_v1_0_S00_AXI_inst/froggerGraphics/inst_dvid/dc_bias[2]_i_2_n_0. Optimization improves timing on the net.
INFO: [Physopt 32-619] Estimated Timing Summary | WNS=-9.502 | TNS=-378.720 |
INFO: [Physopt 32-608] Optimized 1 net.  Swapped 16 pins.
INFO: [Physopt 32-735] Processed net Final_Project_i/frogger1_0/U0/frogger1_slave_lite_v1_0_S00_AXI_inst/froggerGraphics/inst_dvid/dc_bias_reg[0]. Optimization improves timing on the net.
INFO: [Physopt 32-619] Estimated Timing Summary | WNS=-9.500 | TNS=-378.272 |
INFO: [Physopt 32-702] Processed net Final_Project_i/frogger1_0/U0/frogger1_slave_lite_v1_0_S00_AXI_inst/froggerGraphics/inst_dvid/dc_bias[3]_i_8__0_n_0. Optimizations did not improve timing on the net.
INFO: [Physopt 32-663] Processed net Final_Project_i/frogger1_0/U0/frogger1_slave_lite_v1_0_S00_AXI_inst/froggerGraphics/inst_dvid/i__i_1__2_n_0.  Re-placed instance Final_Project_i/frogger1_0/U0/frogger1_slave_lite_v1_0_S00_AXI_inst/froggerGraphics/inst_dvid/i__i_1__2
INFO: [Physopt 32-735] Processed net Final_Project_i/frogger1_0/U0/frogger1_slave_lite_v1_0_S00_AXI_inst/froggerGraphics/inst_dvid/i__i_1__2_n_0. Optimization improves timing on the net.
INFO: [Physopt 32-619] Estimated Timing Summary | WNS=-9.491 | TNS=-378.494 |
INFO: [Physopt 32-608] Optimized 1 net.  Swapped 19 pins.
INFO: [Physopt 32-735] Processed net Final_Project_i/frogger1_0/U0/frogger1_slave_lite_v1_0_S00_AXI_inst/froggerGraphics/inst_dvid/i___31_n_0. Optimization improves timing on the net.
INFO: [Physopt 32-619] Estimated Timing Summary | WNS=-9.490 | TNS=-378.440 |
INFO: [Physopt 32-702] Processed net Final_Project_i/frogger1_0/U0/frogger1_slave_lite_v1_0_S00_AXI_inst/froggerGraphics/inst_dvid/dc_bias[2]_i_2_n_0. Optimizations did not improve timing on the net.
INFO: [Physopt 32-702] Processed net Final_Project_i/frogger1_0/U0/frogger1_slave_lite_v1_0_S00_AXI_inst/froggerGraphics/inst_dvid/i___2_n_0. Optimizations did not improve timing on the net.
INFO: [Physopt 32-710] Processed net Final_Project_i/frogger1_0/U0/frogger1_slave_lite_v1_0_S00_AXI_inst/froggerGraphics/inst_dvid/i__i_1_n_0. Critical path length was reduced through logic transformation on cell Final_Project_i/frogger1_0/U0/frogger1_slave_lite_v1_0_S00_AXI_inst/froggerGraphics/inst_dvid/i__i_1_comp_1.
INFO: [Physopt 32-735] Processed net Final_Project_i/frogger1_0/U0/frogger1_slave_lite_v1_0_S00_AXI_inst/froggerGraphics/inst_dvid/i__i_6_n_0. Optimization improves timing on the net.
INFO: [Physopt 32-619] Estimated Timing Summary | WNS=-9.483 | TNS=-378.378 |
INFO: [Physopt 32-710] Processed net Final_Project_i/frogger1_0/U0/frogger1_slave_lite_v1_0_S00_AXI_inst/froggerGraphics/inst_dvid/dc_bias[3]_i_12_n_0. Critical path length was reduced through logic transformation on cell Final_Project_i/frogger1_0/U0/frogger1_slave_lite_v1_0_S00_AXI_inst/froggerGraphics/inst_dvid/dc_bias[3]_i_12_comp.
INFO: [Physopt 32-735] Processed net Final_Project_i/frogger1_0/U0/frogger1_slave_lite_v1_0_S00_AXI_inst/froggerGraphics/inst_dvid/i__i_7_n_0. Optimization improves timing on the net.
INFO: [Physopt 32-619] Estimated Timing Summary | WNS=-9.482 | TNS=-378.353 |
INFO: [Physopt 32-710] Processed net Final_Project_i/frogger1_0/U0/frogger1_slave_lite_v1_0_S00_AXI_inst/froggerGraphics/inst_dvid/i__i_1_n_0. Critical path length was reduced through logic transformation on cell Final_Project_i/frogger1_0/U0/frogger1_slave_lite_v1_0_S00_AXI_inst/froggerGraphics/inst_dvid/i__i_1_comp.
INFO: [Physopt 32-735] Processed net Final_Project_i/frogger1_0/U0/frogger1_slave_lite_v1_0_S00_AXI_inst/froggerGraphics/inst_dvid/i__i_5_n_0_repN. Optimization improves timing on the net.
INFO: [Physopt 32-619] Estimated Timing Summary | WNS=-9.472 | TNS=-378.138 |
INFO: [Physopt 32-702] Processed net Final_Project_i/frogger1_0/U0/frogger1_slave_lite_v1_0_S00_AXI_inst/froggerGraphics/inst_dvid/dc_bias[2]_i_3_n_0. Optimizations did not improve timing on the net.
INFO: [Physopt 32-608] Optimized 1 net.  Swapped 23 pins.
INFO: [Physopt 32-735] Processed net Final_Project_i/frogger1_0/U0/frogger1_slave_lite_v1_0_S00_AXI_inst/froggerGraphics/inst_dvid/dc_bias[2]_i_9_n_0. Optimization improves timing on the net.
INFO: [Physopt 32-619] Estimated Timing Summary | WNS=-9.464 | TNS=-378.092 |
INFO: [Physopt 32-702] Processed net Final_Project_i/frogger1_0/U0/frogger1_slave_lite_v1_0_S00_AXI_inst/froggerGraphics/inst_dvid/i___31_n_0. Optimizations did not improve timing on the net.
INFO: [Physopt 32-710] Processed net Final_Project_i/frogger1_0/U0/frogger1_slave_lite_v1_0_S00_AXI_inst/froggerGraphics/inst_dvid/i___31_n_0. Critical path length was reduced through logic transformation on cell Final_Project_i/frogger1_0/U0/frogger1_slave_lite_v1_0_S00_AXI_inst/froggerGraphics/inst_dvid/i___31_comp.
INFO: [Physopt 32-735] Processed net Final_Project_i/frogger1_0/U0/frogger1_slave_lite_v1_0_S00_AXI_inst/froggerGraphics/inst_dvid/i__i_4__3_n_0. Optimization improves timing on the net.
INFO: [Physopt 32-619] Estimated Timing Summary | WNS=-9.458 | TNS=-377.996 |
INFO: [Physopt 32-663] Processed net Final_Project_i/frogger1_0/U0/frogger1_slave_lite_v1_0_S00_AXI_inst/froggerGraphics/inst_dvid/dc_bias[1]_i_5_n_0.  Re-placed instance Final_Project_i/frogger1_0/U0/frogger1_slave_lite_v1_0_S00_AXI_inst/froggerGraphics/inst_dvid/dc_bias[1]_i_5
INFO: [Physopt 32-735] Processed net Final_Project_i/frogger1_0/U0/frogger1_slave_lite_v1_0_S00_AXI_inst/froggerGraphics/inst_dvid/dc_bias[1]_i_5_n_0. Optimization improves timing on the net.
INFO: [Physopt 32-619] Estimated Timing Summary | WNS=-9.457 | TNS=-377.977 |
INFO: [Physopt 32-710] Processed net Final_Project_i/frogger1_0/U0/frogger1_slave_lite_v1_0_S00_AXI_inst/froggerGraphics/inst_dvid/dc_bias[3]_i_8__0_n_0. Critical path length was reduced through logic transformation on cell Final_Project_i/frogger1_0/U0/frogger1_slave_lite_v1_0_S00_AXI_inst/froggerGraphics/inst_dvid/dc_bias[3]_i_8__0_comp.
INFO: [Physopt 32-735] Processed net Final_Project_i/frogger1_0/U0/frogger1_slave_lite_v1_0_S00_AXI_inst/froggerGraphics/inst_dvid/i__i_1__2_n_0. Optimization improves timing on the net.
INFO: [Physopt 32-619] Estimated Timing Summary | WNS=-9.450 | TNS=-377.945 |
INFO: [Physopt 32-702] Processed net Final_Project_i/frogger1_0/U0/frogger1_slave_lite_v1_0_S00_AXI_inst/froggerGraphics/inst_dvid/dc_bias[3]_i_16__1_n_0. Optimizations did not improve timing on the net.
INFO: [Physopt 32-663] Processed net Final_Project_i/frogger1_0/U0/frogger1_slave_lite_v1_0_S00_AXI_inst/froggerGraphics/inst_dvid/dc_bias[3]_i_10__1_n_0.  Re-placed instance Final_Project_i/frogger1_0/U0/frogger1_slave_lite_v1_0_S00_AXI_inst/froggerGraphics/inst_dvid/dc_bias[3]_i_10__1
INFO: [Physopt 32-735] Processed net Final_Project_i/frogger1_0/U0/frogger1_slave_lite_v1_0_S00_AXI_inst/froggerGraphics/inst_dvid/dc_bias[3]_i_10__1_n_0. Optimization improves timing on the net.
INFO: [Physopt 32-619] Estimated Timing Summary | WNS=-9.448 | TNS=-377.937 |
INFO: [Physopt 32-601] Processed net Final_Project_i/frogger1_0/U0/frogger1_slave_lite_v1_0_S00_AXI_inst/froggerGraphics/inst_dvid/i__i_6__0_n_0. Net driver Final_Project_i/frogger1_0/U0/frogger1_slave_lite_v1_0_S00_AXI_inst/froggerGraphics/inst_dvid/i__i_6__0 was replaced.
INFO: [Physopt 32-735] Processed net Final_Project_i/frogger1_0/U0/frogger1_slave_lite_v1_0_S00_AXI_inst/froggerGraphics/inst_dvid/i__i_6__0_n_0. Optimization improves timing on the net.
INFO: [Physopt 32-619] Estimated Timing Summary | WNS=-9.445 | TNS=-377.621 |
INFO: [Physopt 32-663] Processed net Final_Project_i/frogger1_0/U0/frogger1_slave_lite_v1_0_S00_AXI_inst/froggerGraphics/inst_dvid/dc_bias[1]_i_5__1_n_0.  Re-placed instance Final_Project_i/frogger1_0/U0/frogger1_slave_lite_v1_0_S00_AXI_inst/froggerGraphics/inst_dvid/dc_bias[1]_i_5__1
INFO: [Physopt 32-735] Processed net Final_Project_i/frogger1_0/U0/frogger1_slave_lite_v1_0_S00_AXI_inst/froggerGraphics/inst_dvid/dc_bias[1]_i_5__1_n_0. Optimization improves timing on the net.
INFO: [Physopt 32-619] Estimated Timing Summary | WNS=-9.443 | TNS=-377.619 |
INFO: [Physopt 32-608] Optimized 1 net.  Swapped 18 pins.
INFO: [Physopt 32-735] Processed net Final_Project_i/frogger1_0/U0/frogger1_slave_lite_v1_0_S00_AXI_inst/froggerGraphics/inst_dvid/dc_bias[3]_i_23__0_n_0. Optimization improves timing on the net.
INFO: [Physopt 32-619] Estimated Timing Summary | WNS=-9.439 | TNS=-377.613 |
INFO: [Physopt 32-608] Optimized 1 net.  Swapped 21 pins.
INFO: [Physopt 32-735] Processed net Final_Project_i/frogger1_0/U0/frogger1_slave_lite_v1_0_S00_AXI_inst/froggerGraphics/inst_dvid/i__i_6_n_0. Optimization improves timing on the net.
INFO: [Physopt 32-619] Estimated Timing Summary | WNS=-9.437 | TNS=-377.217 |
INFO: [Physopt 32-663] Processed net Final_Project_i/frogger1_0/U0/frogger1_slave_lite_v1_0_S00_AXI_inst/froggerGraphics/Inst_vga/uut1/blue[2].  Re-placed instance Final_Project_i/frogger1_0/U0/frogger1_slave_lite_v1_0_S00_AXI_inst/froggerGraphics/Inst_vga/uut1/i__i_1__2
INFO: [Physopt 32-735] Processed net Final_Project_i/frogger1_0/U0/frogger1_slave_lite_v1_0_S00_AXI_inst/froggerGraphics/Inst_vga/uut1/blue[2]. Optimization improves timing on the net.
INFO: [Physopt 32-619] Estimated Timing Summary | WNS=-9.432 | TNS=-376.993 |
INFO: [Physopt 32-702] Processed net Final_Project_i/frogger1_0/U0/frogger1_slave_lite_v1_0_S00_AXI_inst/froggerGraphics/inst_dvid/i___10_n_0. Optimizations did not improve timing on the net.
INFO: [Physopt 32-702] Processed net Final_Project_i/frogger1_0/U0/frogger1_slave_lite_v1_0_S00_AXI_inst/froggerGraphics/inst_dvid/i__i_3__3_n_0. Optimizations did not improve timing on the net.
INFO: [Physopt 32-702] Processed net Final_Project_i/frogger1_0/U0/frogger1_slave_lite_v1_0_S00_AXI_inst/froggerGraphics/inst_dvid/i__i_12_0. Optimizations did not improve timing on the net.
INFO: [Physopt 32-663] Processed net Final_Project_i/frogger1_0/U0/frogger1_slave_lite_v1_0_S00_AXI_inst/froggerGraphics/inst_dvid/i__i_10__0_n_0.  Re-placed instance Final_Project_i/frogger1_0/U0/frogger1_slave_lite_v1_0_S00_AXI_inst/froggerGraphics/inst_dvid/i__i_10__0
INFO: [Physopt 32-735] Processed net Final_Project_i/frogger1_0/U0/frogger1_slave_lite_v1_0_S00_AXI_inst/froggerGraphics/inst_dvid/i__i_10__0_n_0. Optimization improves timing on the net.
INFO: [Physopt 32-619] Estimated Timing Summary | WNS=-9.426 | TNS=-376.323 |
INFO: [Physopt 32-702] Processed net Final_Project_i/frogger1_0/U0/frogger1_slave_lite_v1_0_S00_AXI_inst/froggerGraphics/inst_dvid/i__i_4_n_0. Optimizations did not improve timing on the net.
INFO: [Physopt 32-702] Processed net Final_Project_i/frogger1_0/U0/frogger1_slave_lite_v1_0_S00_AXI_inst/froggerGraphics/inst_dvid/i__i_11_0. Optimizations did not improve timing on the net.
INFO: [Physopt 32-702] Processed net Final_Project_i/frogger1_0/U0/frogger1_slave_lite_v1_0_S00_AXI_inst/froggerGraphics/inst_dvid/i__i_9_n_0. Optimizations did not improve timing on the net.
INFO: [Physopt 32-608] Optimized 1 net.  Swapped 23 pins.
INFO: [Physopt 32-735] Processed net Final_Project_i/frogger1_0/U0/frogger1_slave_lite_v1_0_S00_AXI_inst/froggerGraphics/Inst_vga/uut1/red[0]. Optimization improves timing on the net.
INFO: [Physopt 32-619] Estimated Timing Summary | WNS=-9.422 | TNS=-376.267 |
INFO: [Physopt 32-702] Processed net Final_Project_i/frogger1_0/U0/frogger1_slave_lite_v1_0_S00_AXI_inst/froggerGraphics/inst_dvid/i___6_n_0. Optimizations did not improve timing on the net.
INFO: [Physopt 32-601] Processed net Final_Project_i/frogger1_0/U0/frogger1_slave_lite_v1_0_S00_AXI_inst/froggerGraphics/Inst_vga/uut1/red[3]. Net driver Final_Project_i/frogger1_0/U0/frogger1_slave_lite_v1_0_S00_AXI_inst/froggerGraphics/Inst_vga/uut1/i__i_1__12 was replaced.
INFO: [Physopt 32-735] Processed net Final_Project_i/frogger1_0/U0/frogger1_slave_lite_v1_0_S00_AXI_inst/froggerGraphics/Inst_vga/uut1/red[3]. Optimization improves timing on the net.
INFO: [Physopt 32-619] Estimated Timing Summary | WNS=-9.421 | TNS=-375.791 |
INFO: [Physopt 32-81] Processed net Final_Project_i/frogger1_0/U0/frogger1_slave_lite_v1_0_S00_AXI_inst/froggerGraphics/Inst_vga/uut1/blue[0]. Replicated 1 times.
INFO: [Physopt 32-735] Processed net Final_Project_i/frogger1_0/U0/frogger1_slave_lite_v1_0_S00_AXI_inst/froggerGraphics/Inst_vga/uut1/blue[0]. Optimization improves timing on the net.
INFO: [Physopt 32-619] Estimated Timing Summary | WNS=-9.418 | TNS=-375.749 |
INFO: [Physopt 32-81] Processed net Final_Project_i/frogger1_0/U0/frogger1_slave_lite_v1_0_S00_AXI_inst/froggerGraphics/Inst_vga/uut2/blue[1]. Replicated 1 times.
INFO: [Physopt 32-735] Processed net Final_Project_i/frogger1_0/U0/frogger1_slave_lite_v1_0_S00_AXI_inst/froggerGraphics/Inst_vga/uut2/blue[1]. Optimization improves timing on the net.
INFO: [Physopt 32-619] Estimated Timing Summary | WNS=-9.418 | TNS=-375.424 |
INFO: [Physopt 32-601] Processed net Final_Project_i/frogger1_0/U0/frogger1_slave_lite_v1_0_S00_AXI_inst/froggerGraphics/inst_dvid/dc_bias[1]_i_5__1_n_0. Net driver Final_Project_i/frogger1_0/U0/frogger1_slave_lite_v1_0_S00_AXI_inst/froggerGraphics/inst_dvid/dc_bias[1]_i_5__1 was replaced.
INFO: [Physopt 32-735] Processed net Final_Project_i/frogger1_0/U0/frogger1_slave_lite_v1_0_S00_AXI_inst/froggerGraphics/inst_dvid/dc_bias[1]_i_5__1_n_0. Optimization improves timing on the net.
INFO: [Physopt 32-619] Estimated Timing Summary | WNS=-9.415 | TNS=-375.421 |
INFO: [Physopt 32-702] Processed net Final_Project_i/frogger1_0/U0/frogger1_slave_lite_v1_0_S00_AXI_inst/froggerGraphics/inst_dvid/dc_bias[1]_i_5__1_n_0. Optimizations did not improve timing on the net.
INFO: [Physopt 32-663] Processed net Final_Project_i/frogger1_0/U0/frogger1_slave_lite_v1_0_S00_AXI_inst/froggerGraphics/inst_dvid/dc_bias[0]_i_2__0_n_0.  Re-placed instance Final_Project_i/frogger1_0/U0/frogger1_slave_lite_v1_0_S00_AXI_inst/froggerGraphics/inst_dvid/dc_bias[0]_i_2__0
INFO: [Physopt 32-735] Processed net Final_Project_i/frogger1_0/U0/frogger1_slave_lite_v1_0_S00_AXI_inst/froggerGraphics/inst_dvid/dc_bias[0]_i_2__0_n_0. Optimization improves timing on the net.
INFO: [Physopt 32-619] Estimated Timing Summary | WNS=-9.406 | TNS=-375.412 |
INFO: [Physopt 32-710] Processed net Final_Project_i/frogger1_0/U0/frogger1_slave_lite_v1_0_S00_AXI_inst/froggerGraphics/inst_dvid/dc_bias[1]_i_5__1_n_0. Critical path length was reduced through logic transformation on cell Final_Project_i/frogger1_0/U0/frogger1_slave_lite_v1_0_S00_AXI_inst/froggerGraphics/inst_dvid/dc_bias[1]_i_5__1_comp.
INFO: [Physopt 32-735] Processed net Final_Project_i/frogger1_0/U0/frogger1_slave_lite_v1_0_S00_AXI_inst/froggerGraphics/inst_dvid/dc_bias[0]_i_2__0_n_0. Optimization improves timing on the net.
INFO: [Physopt 32-619] Estimated Timing Summary | WNS=-9.402 | TNS=-375.399 |
INFO: [Physopt 32-608] Optimized 1 net.  Swapped 20 pins.
INFO: [Physopt 32-735] Processed net Final_Project_i/frogger1_0/U0/frogger1_slave_lite_v1_0_S00_AXI_inst/froggerGraphics/inst_dvid/dc_bias[3]_i_10__0_n_0. Optimization improves timing on the net.
INFO: [Physopt 32-619] Estimated Timing Summary | WNS=-9.393 | TNS=-375.355 |
INFO: [Physopt 32-601] Processed net Final_Project_i/frogger1_0/U0/frogger1_slave_lite_v1_0_S00_AXI_inst/froggerGraphics/Inst_vga/uut2/blue[3]. Net driver Final_Project_i/frogger1_0/U0/frogger1_slave_lite_v1_0_S00_AXI_inst/froggerGraphics/Inst_vga/uut2/i__i_1__3 was replaced.
INFO: [Physopt 32-735] Processed net Final_Project_i/frogger1_0/U0/frogger1_slave_lite_v1_0_S00_AXI_inst/froggerGraphics/Inst_vga/uut2/blue[3]. Optimization improves timing on the net.
INFO: [Physopt 32-619] Estimated Timing Summary | WNS=-9.388 | TNS=-375.075 |
INFO: [Physopt 32-81] Processed net Final_Project_i/frogger1_0/U0/frogger1_slave_lite_v1_0_S00_AXI_inst/froggerGraphics/Inst_vga/uut2/red[2]. Replicated 2 times.
INFO: [Physopt 32-735] Processed net Final_Project_i/frogger1_0/U0/frogger1_slave_lite_v1_0_S00_AXI_inst/froggerGraphics/Inst_vga/uut2/red[2]. Optimization improves timing on the net.
INFO: [Physopt 32-619] Estimated Timing Summary | WNS=-9.381 | TNS=-374.767 |
INFO: [Physopt 32-702] Processed net Final_Project_i/frogger1_0/U0/frogger1_slave_lite_v1_0_S00_AXI_inst/froggerGraphics/inst_dvid/i__i_9__0_n_0. Optimizations did not improve timing on the net.
INFO: [Physopt 32-663] Processed net Final_Project_i/frogger1_0/U0/frogger1_slave_lite_v1_0_S00_AXI_inst/froggerGraphics/Inst_vga/uut2/green[2].  Re-placed instance Final_Project_i/frogger1_0/U0/frogger1_slave_lite_v1_0_S00_AXI_inst/froggerGraphics/Inst_vga/uut2/i__i_2__7
INFO: [Physopt 32-735] Processed net Final_Project_i/frogger1_0/U0/frogger1_slave_lite_v1_0_S00_AXI_inst/froggerGraphics/Inst_vga/uut2/green[2]. Optimization improves timing on the net.
INFO: [Physopt 32-619] Estimated Timing Summary | WNS=-9.379 | TNS=-374.739 |
INFO: [Physopt 32-663] Processed net Final_Project_i/frogger1_0/U0/frogger1_slave_lite_v1_0_S00_AXI_inst/froggerGraphics/Inst_vga/uut1/green[0].  Re-placed instance Final_Project_i/frogger1_0/U0/frogger1_slave_lite_v1_0_S00_AXI_inst/froggerGraphics/Inst_vga/uut1/i__i_1__6
INFO: [Physopt 32-735] Processed net Final_Project_i/frogger1_0/U0/frogger1_slave_lite_v1_0_S00_AXI_inst/froggerGraphics/Inst_vga/uut1/green[0]. Optimization improves timing on the net.
INFO: [Physopt 32-619] Estimated Timing Summary | WNS=-9.373 | TNS=-374.515 |
INFO: [Physopt 32-702] Processed net Final_Project_i/frogger1_0/U0/frogger1_slave_lite_v1_0_S00_AXI_inst/froggerGraphics/inst_dvid/i__i_8__1_n_0. Optimizations did not improve timing on the net.
INFO: [Physopt 32-663] Processed net Final_Project_i/frogger1_0/U0/frogger1_slave_lite_v1_0_S00_AXI_inst/froggerGraphics/Inst_vga/uut1/blue[1].  Re-placed instance Final_Project_i/frogger1_0/U0/frogger1_slave_lite_v1_0_S00_AXI_inst/froggerGraphics/Inst_vga/uut1/i__i_1__1
INFO: [Physopt 32-735] Processed net Final_Project_i/frogger1_0/U0/frogger1_slave_lite_v1_0_S00_AXI_inst/froggerGraphics/Inst_vga/uut1/blue[1]. Optimization improves timing on the net.
INFO: [Physopt 32-619] Estimated Timing Summary | WNS=-9.366 | TNS=-374.291 |
INFO: [Physopt 32-81] Processed net Final_Project_i/frogger1_0/U0/frogger1_slave_lite_v1_0_S00_AXI_inst/froggerGraphics/Inst_vga/uut1/red[4]. Replicated 1 times.
INFO: [Physopt 32-735] Processed net Final_Project_i/frogger1_0/U0/frogger1_slave_lite_v1_0_S00_AXI_inst/froggerGraphics/Inst_vga/uut1/red[4]. Optimization improves timing on the net.
INFO: [Physopt 32-619] Estimated Timing Summary | WNS=-9.363 | TNS=-373.941 |
INFO: [Physopt 32-663] Processed net Final_Project_i/frogger1_0/U0/frogger1_slave_lite_v1_0_S00_AXI_inst/froggerGraphics/Inst_vga/uut1/green[2].  Re-placed instance Final_Project_i/frogger1_0/U0/frogger1_slave_lite_v1_0_S00_AXI_inst/froggerGraphics/Inst_vga/uut1/i__i_2__9
INFO: [Physopt 32-735] Processed net Final_Project_i/frogger1_0/U0/frogger1_slave_lite_v1_0_S00_AXI_inst/froggerGraphics/Inst_vga/uut1/green[2]. Optimization improves timing on the net.
INFO: [Physopt 32-619] Estimated Timing Summary | WNS=-9.360 | TNS=-373.899 |
INFO: [Physopt 32-81] Processed net Final_Project_i/frogger1_0/U0/frogger1_slave_lite_v1_0_S00_AXI_inst/froggerGraphics/Inst_vga/uut2/green[1]. Replicated 1 times.
INFO: [Physopt 32-735] Processed net Final_Project_i/frogger1_0/U0/frogger1_slave_lite_v1_0_S00_AXI_inst/froggerGraphics/Inst_vga/uut2/green[1]. Optimization improves timing on the net.
INFO: [Physopt 32-619] Estimated Timing Summary | WNS=-9.359 | TNS=-373.885 |
INFO: [Physopt 32-81] Processed net Final_Project_i/frogger1_0/U0/frogger1_slave_lite_v1_0_S00_AXI_inst/froggerGraphics/Inst_vga/uut2/green[2]. Replicated 1 times.
INFO: [Physopt 32-735] Processed net Final_Project_i/frogger1_0/U0/frogger1_slave_lite_v1_0_S00_AXI_inst/froggerGraphics/Inst_vga/uut2/green[2]. Optimization improves timing on the net.
INFO: [Physopt 32-619] Estimated Timing Summary | WNS=-9.357 | TNS=-373.773 |
INFO: [Physopt 32-702] Processed net Final_Project_i/frogger1_0/U0/frogger1_slave_lite_v1_0_S00_AXI_inst/froggerGraphics/Inst_vga/uut2/blue[2]. Optimizations did not improve timing on the net.
INFO: [Physopt 32-710] Processed net Final_Project_i/frogger1_0/U0/frogger1_slave_lite_v1_0_S00_AXI_inst/froggerGraphics/Inst_vga/uut2/blue[2]. Critical path length was reduced through logic transformation on cell Final_Project_i/frogger1_0/U0/frogger1_slave_lite_v1_0_S00_AXI_inst/froggerGraphics/Inst_vga/uut2/i__i_1__0_comp.
INFO: [Physopt 32-735] Processed net Final_Project_i/frogger1_0/U0/frogger1_slave_lite_v1_0_S00_AXI_inst/froggerGraphics/Inst_vga/uut2/i__i_7__6_n_0. Optimization improves timing on the net.
INFO: [Physopt 32-619] Estimated Timing Summary | WNS=-9.351 | TNS=-373.570 |
INFO: [Physopt 32-601] Processed net Final_Project_i/frogger1_0/U0/frogger1_slave_lite_v1_0_S00_AXI_inst/froggerGraphics/Inst_vga/uut2/green[2]. Net driver Final_Project_i/frogger1_0/U0/frogger1_slave_lite_v1_0_S00_AXI_inst/froggerGraphics/Inst_vga/uut2/i__i_2__7 was replaced.
INFO: [Physopt 32-735] Processed net Final_Project_i/frogger1_0/U0/frogger1_slave_lite_v1_0_S00_AXI_inst/froggerGraphics/Inst_vga/uut2/green[2]. Optimization improves timing on the net.
INFO: [Physopt 32-619] Estimated Timing Summary | WNS=-9.349 | TNS=-373.514 |
INFO: [Physopt 32-81] Processed net Final_Project_i/frogger1_0/U0/frogger1_slave_lite_v1_0_S00_AXI_inst/froggerGraphics/inst_dvid/dc_bias[3]_i_10__1_n_0. Replicated 1 times.
INFO: [Physopt 32-735] Processed net Final_Project_i/frogger1_0/U0/frogger1_slave_lite_v1_0_S00_AXI_inst/froggerGraphics/inst_dvid/dc_bias[3]_i_10__1_n_0. Optimization improves timing on the net.
INFO: [Physopt 32-619] Estimated Timing Summary | WNS=-9.347 | TNS=-373.507 |
INFO: [Physopt 32-702] Processed net Final_Project_i/frogger1_0/U0/frogger1_slave_lite_v1_0_S00_AXI_inst/froggerGraphics/Inst_vga/uut2/green[1]. Optimizations did not improve timing on the net.
INFO: [Physopt 32-710] Processed net Final_Project_i/frogger1_0/U0/frogger1_slave_lite_v1_0_S00_AXI_inst/froggerGraphics/Inst_vga/uut2/green[1]. Critical path length was reduced through logic transformation on cell Final_Project_i/frogger1_0/U0/frogger1_slave_lite_v1_0_S00_AXI_inst/froggerGraphics/Inst_vga/uut2/i__i_1__7_comp.
INFO: [Physopt 32-735] Processed net Final_Project_i/frogger1_0/U0/frogger1_slave_lite_v1_0_S00_AXI_inst/froggerGraphics/Inst_vga/uut2/i__i_2__3_n_0. Optimization improves timing on the net.
INFO: [Physopt 32-619] Estimated Timing Summary | WNS=-9.342 | TNS=-373.423 |
INFO: [Physopt 32-702] Processed net Final_Project_i/frogger1_0/U0/frogger1_slave_lite_v1_0_S00_AXI_inst/froggerGraphics/inst_dvid/i__i_6__3_n_0. Optimizations did not improve timing on the net.
INFO: [Physopt 32-710] Processed net Final_Project_i/frogger1_0/U0/frogger1_slave_lite_v1_0_S00_AXI_inst/froggerGraphics/inst_dvid/i__i_6__3_n_0. Critical path length was reduced through logic transformation on cell Final_Project_i/frogger1_0/U0/frogger1_slave_lite_v1_0_S00_AXI_inst/froggerGraphics/inst_dvid/i__i_6__3_comp.
INFO: [Physopt 32-735] Processed net Final_Project_i/frogger1_0/U0/frogger1_slave_lite_v1_0_S00_AXI_inst/froggerGraphics/Inst_vga/uut2/blue[1]_repN. Optimization improves timing on the net.
INFO: [Physopt 32-619] Estimated Timing Summary | WNS=-9.341 | TNS=-373.243 |
INFO: [Physopt 32-702] Processed net Final_Project_i/frogger1_0/U0/frogger1_slave_lite_v1_0_S00_AXI_inst/froggerGraphics/Inst_vga/uut2/green[2]. Optimizations did not improve timing on the net.
INFO: [Physopt 32-710] Processed net Final_Project_i/frogger1_0/U0/frogger1_slave_lite_v1_0_S00_AXI_inst/froggerGraphics/Inst_vga/uut2/green[2]. Critical path length was reduced through logic transformation on cell Final_Project_i/frogger1_0/U0/frogger1_slave_lite_v1_0_S00_AXI_inst/froggerGraphics/Inst_vga/uut2/i__i_2__7_comp.
INFO: [Physopt 32-735] Processed net Final_Project_i/frogger1_0/U0/frogger1_slave_lite_v1_0_S00_AXI_inst/froggerGraphics/Inst_vga/uut2/i__i_4__3_n_0. Optimization improves timing on the net.
INFO: [Physopt 32-619] Estimated Timing Summary | WNS=-9.341 | TNS=-372.823 |
INFO: [Physopt 32-608] Optimized 1 net.  Swapped 15 pins.
INFO: [Physopt 32-735] Processed net Final_Project_i/frogger1_0/U0/frogger1_slave_lite_v1_0_S00_AXI_inst/froggerGraphics/Inst_vga/uut2/red[2]. Optimization improves timing on the net.
INFO: [Physopt 32-619] Estimated Timing Summary | WNS=-9.340 | TNS=-372.784 |
INFO: [Physopt 32-663] Processed net Final_Project_i/frogger1_0/U0/frogger1_slave_lite_v1_0_S00_AXI_inst/froggerGraphics/inst_dvid/i__i_3__0_n_0.  Re-placed instance Final_Project_i/frogger1_0/U0/frogger1_slave_lite_v1_0_S00_AXI_inst/froggerGraphics/inst_dvid/i__i_3__0
INFO: [Physopt 32-735] Processed net Final_Project_i/frogger1_0/U0/frogger1_slave_lite_v1_0_S00_AXI_inst/froggerGraphics/inst_dvid/i__i_3__0_n_0. Optimization improves timing on the net.
INFO: [Physopt 32-619] Estimated Timing Summary | WNS=-9.335 | TNS=-372.739 |
INFO: [Physopt 32-81] Processed net Final_Project_i/frogger1_0/U0/frogger1_slave_lite_v1_0_S00_AXI_inst/froggerGraphics/Inst_vga/uut2/red[0]. Replicated 1 times.
INFO: [Physopt 32-735] Processed net Final_Project_i/frogger1_0/U0/frogger1_slave_lite_v1_0_S00_AXI_inst/froggerGraphics/Inst_vga/uut2/red[0]. Optimization improves timing on the net.
INFO: [Physopt 32-619] Estimated Timing Summary | WNS=-9.331 | TNS=-372.599 |
INFO: [Physopt 32-608] Optimized 1 net.  Swapped 18 pins.
INFO: [Physopt 32-735] Processed net Final_Project_i/frogger1_0/U0/frogger1_slave_lite_v1_0_S00_AXI_inst/froggerGraphics/inst_dvid/dc_bias[3]_i_10__1_n_0. Optimization improves timing on the net.
INFO: [Physopt 32-619] Estimated Timing Summary | WNS=-9.329 | TNS=-372.597 |
INFO: [Physopt 32-702] Processed net Final_Project_i/frogger1_0/U0/frogger1_slave_lite_v1_0_S00_AXI_inst/froggerGraphics/Inst_vga/uut1/blue[0]_repN. Optimizations did not improve timing on the net.
INFO: [Physopt 32-710] Processed net Final_Project_i/frogger1_0/U0/frogger1_slave_lite_v1_0_S00_AXI_inst/froggerGraphics/Inst_vga/uut1/blue[0]_repN. Critical path length was reduced through logic transformation on cell Final_Project_i/frogger1_0/U0/frogger1_slave_lite_v1_0_S00_AXI_inst/froggerGraphics/Inst_vga/uut1/i__i_1_replica_comp.
INFO: [Physopt 32-735] Processed net Final_Project_i/frogger1_0/U0/frogger1_slave_lite_v1_0_S00_AXI_inst/froggerGraphics/Inst_vga/uut1/i__i_4__2_n_0. Optimization improves timing on the net.
INFO: [Physopt 32-619] Estimated Timing Summary | WNS=-9.329 | TNS=-372.545 |
INFO: [Physopt 32-702] Processed net Final_Project_i/frogger1_0/U0/frogger1_slave_lite_v1_0_S00_AXI_inst/froggerGraphics/inst_dvid/i___31_n_0_repN. Optimizations did not improve timing on the net.
INFO: [Physopt 32-663] Processed net Final_Project_i/frogger1_0/U0/frogger1_slave_lite_v1_0_S00_AXI_inst/froggerGraphics/inst_dvid/i__i_4__3_n_0.  Re-placed instance Final_Project_i/frogger1_0/U0/frogger1_slave_lite_v1_0_S00_AXI_inst/froggerGraphics/inst_dvid/i__i_4__3
INFO: [Physopt 32-735] Processed net Final_Project_i/frogger1_0/U0/frogger1_slave_lite_v1_0_S00_AXI_inst/froggerGraphics/inst_dvid/i__i_4__3_n_0. Optimization improves timing on the net.
INFO: [Physopt 32-619] Estimated Timing Summary | WNS=-9.325 | TNS=-372.541 |
INFO: [Physopt 32-134] Processed net Final_Project_i/frogger1_0/U0/frogger1_slave_lite_v1_0_S00_AXI_inst/froggerGraphics/Inst_vga/uut1/blue[1]. Rewiring did not optimize the net.
INFO: [Physopt 32-702] Processed net Final_Project_i/frogger1_0/U0/frogger1_slave_lite_v1_0_S00_AXI_inst/froggerGraphics/Inst_vga/uut1/blue[1]. Optimizations did not improve timing on the net.
INFO: [Physopt 32-710] Processed net Final_Project_i/frogger1_0/U0/frogger1_slave_lite_v1_0_S00_AXI_inst/froggerGraphics/Inst_vga/uut1/blue[1]. Critical path length was reduced through logic transformation on cell Final_Project_i/frogger1_0/U0/frogger1_slave_lite_v1_0_S00_AXI_inst/froggerGraphics/Inst_vga/uut1/i__i_1__1_comp.
INFO: [Physopt 32-735] Processed net Final_Project_i/frogger1_0/U0/frogger1_slave_lite_v1_0_S00_AXI_inst/froggerGraphics/Inst_vga/uut1/i__i_2_n_0. Optimization improves timing on the net.
INFO: [Physopt 32-619] Estimated Timing Summary | WNS=-9.325 | TNS=-372.303 |
INFO: [Physopt 32-702] Processed net Final_Project_i/frogger1_0/U0/frogger1_slave_lite_v1_0_S00_AXI_inst/froggerGraphics/inst_dvid/i__i_10_n_0. Optimizations did not improve timing on the net.
INFO: [Physopt 32-81] Processed net Final_Project_i/frogger1_0/U0/frogger1_slave_lite_v1_0_S00_AXI_inst/froggerGraphics/Inst_vga/uut2/red[1]. Replicated 1 times.
INFO: [Physopt 32-735] Processed net Final_Project_i/frogger1_0/U0/frogger1_slave_lite_v1_0_S00_AXI_inst/froggerGraphics/Inst_vga/uut2/red[1]. Optimization improves timing on the net.
INFO: [Physopt 32-619] Estimated Timing Summary | WNS=-9.323 | TNS=-372.177 |
INFO: [Physopt 32-702] Processed net Final_Project_i/frogger1_0/U0/frogger1_slave_lite_v1_0_S00_AXI_inst/froggerGraphics/inst_dvid/TDMS_encoder_red/dc_bias_reg[3]_0[2]. Optimizations did not improve timing on the net.
INFO: [Physopt 32-702] Processed net Final_Project_i/clk_wiz_1/inst/clk_out1_Final_Project_clk_wiz_1_0. Optimizations did not improve timing on the net.
INFO: [Physopt 32-608] Optimized 1 net.  Swapped 23 pins.
INFO: [Physopt 32-735] Processed net Final_Project_i/frogger1_0/U0/frogger1_slave_lite_v1_0_S00_AXI_inst/froggerGraphics/inst_dvid/dc_bias[2]_i_2_n_0. Optimization improves timing on the net.
INFO: [Physopt 32-619] Estimated Timing Summary | WNS=-9.311 | TNS=-372.115 |
INFO: [Physopt 32-702] Processed net Final_Project_i/frogger1_0/U0/frogger1_slave_lite_v1_0_S00_AXI_inst/froggerGraphics/inst_dvid/TDMS_encoder_green/Q[3]. Optimizations did not improve timing on the net.
INFO: [Physopt 32-702] Processed net Final_Project_i/frogger1_0/U0/frogger1_slave_lite_v1_0_S00_AXI_inst/froggerGraphics/inst_dvid/dc_bias_reg[3]_i_6_n_0. Optimizations did not improve timing on the net.
INFO: [Physopt 32-702] Processed net Final_Project_i/frogger1_0/U0/frogger1_slave_lite_v1_0_S00_AXI_inst/froggerGraphics/inst_dvid/dc_bias[3]_i_15__0_n_0. Optimizations did not improve timing on the net.
INFO: [Physopt 32-702] Processed net Final_Project_i/frogger1_0/U0/frogger1_slave_lite_v1_0_S00_AXI_inst/froggerGraphics/inst_dvid/i___10_n_0. Optimizations did not improve timing on the net.
INFO: [Physopt 32-702] Processed net Final_Project_i/frogger1_0/U0/frogger1_slave_lite_v1_0_S00_AXI_inst/froggerGraphics/inst_dvid/i__i_3__3_n_0. Optimizations did not improve timing on the net.
INFO: [Physopt 32-702] Processed net Final_Project_i/frogger1_0/U0/frogger1_slave_lite_v1_0_S00_AXI_inst/froggerGraphics/inst_dvid/i__i_12_0. Optimizations did not improve timing on the net.
INFO: [Physopt 32-702] Processed net Final_Project_i/frogger1_0/U0/frogger1_slave_lite_v1_0_S00_AXI_inst/froggerGraphics/Inst_vga/uut2/green[3]. Optimizations did not improve timing on the net.
INFO: [Physopt 32-702] Processed net Final_Project_i/frogger1_0/U0/frogger1_slave_lite_v1_0_S00_AXI_inst/froggerGraphics/Inst_vga/uut2/encoded_reg[7]_i_3_n_0. Optimizations did not improve timing on the net.
INFO: [Physopt 32-702] Processed net Final_Project_i/frogger1_0/U0/frogger1_slave_lite_v1_0_S00_AXI_inst/froggerGraphics/Inst_vga/uut2/encoded[7]_i_4_n_0. Optimizations did not improve timing on the net.
INFO: [Physopt 32-663] Processed net Final_Project_i/frogger1_0/U0/frogger1_slave_lite_v1_0_S00_AXI_inst/froggerGraphics/Inst_vga/uut2/encoded[7]_i_8_n_0.  Re-placed instance Final_Project_i/frogger1_0/U0/frogger1_slave_lite_v1_0_S00_AXI_inst/froggerGraphics/Inst_vga/uut2/encoded[7]_i_8
INFO: [Physopt 32-735] Processed net Final_Project_i/frogger1_0/U0/frogger1_slave_lite_v1_0_S00_AXI_inst/froggerGraphics/Inst_vga/uut2/encoded[7]_i_8_n_0. Optimization improves timing on the net.
INFO: [Physopt 32-619] Estimated Timing Summary | WNS=-9.308 | TNS=-371.989 |
INFO: [Physopt 32-702] Processed net Final_Project_i/frogger1_0/U0/frogger1_slave_lite_v1_0_S00_AXI_inst/froggerGraphics/inst_dvid/TDMS_encoder_blue/dc_bias_reg[3]_0[3]. Optimizations did not improve timing on the net.
INFO: [Physopt 32-663] Processed net Final_Project_i/frogger1_0/U0/frogger1_slave_lite_v1_0_S00_AXI_inst/froggerGraphics/inst_dvid/dc_bias[3]_i_7__1_n_0.  Re-placed instance Final_Project_i/frogger1_0/U0/frogger1_slave_lite_v1_0_S00_AXI_inst/froggerGraphics/inst_dvid/dc_bias[3]_i_7__1
INFO: [Physopt 32-735] Processed net Final_Project_i/frogger1_0/U0/frogger1_slave_lite_v1_0_S00_AXI_inst/froggerGraphics/inst_dvid/dc_bias[3]_i_7__1_n_0. Optimization improves timing on the net.
INFO: [Physopt 32-619] Estimated Timing Summary | WNS=-9.305 | TNS=-371.985 |
INFO: [Physopt 32-702] Processed net Final_Project_i/frogger1_0/U0/frogger1_slave_lite_v1_0_S00_AXI_inst/froggerGraphics/inst_dvid/TDMS_encoder_red/dc_bias_reg[3]_0[3]. Optimizations did not improve timing on the net.
INFO: [Physopt 32-702] Processed net Final_Project_i/frogger1_0/U0/frogger1_slave_lite_v1_0_S00_AXI_inst/froggerGraphics/inst_dvid/dc_bias[3]_i_4_n_0. Optimizations did not improve timing on the net.
INFO: [Physopt 32-663] Processed net Final_Project_i/frogger1_0/U0/frogger1_slave_lite_v1_0_S00_AXI_inst/froggerGraphics/inst_dvid/dc_bias[3]_i_7_n_0.  Re-placed instance Final_Project_i/frogger1_0/U0/frogger1_slave_lite_v1_0_S00_AXI_inst/froggerGraphics/inst_dvid/dc_bias[3]_i_7
INFO: [Physopt 32-735] Processed net Final_Project_i/frogger1_0/U0/frogger1_slave_lite_v1_0_S00_AXI_inst/froggerGraphics/inst_dvid/dc_bias[3]_i_7_n_0. Optimization improves timing on the net.
INFO: [Physopt 32-619] Estimated Timing Summary | WNS=-9.304 | TNS=-371.966 |
INFO: [Physopt 32-702] Processed net Final_Project_i/frogger1_0/U0/frogger1_slave_lite_v1_0_S00_AXI_inst/froggerGraphics/inst_dvid/dc_bias[3]_i_4__1_n_0. Optimizations did not improve timing on the net.
INFO: [Physopt 32-663] Processed net Final_Project_i/frogger1_0/U0/frogger1_slave_lite_v1_0_S00_AXI_inst/froggerGraphics/inst_dvid/dc_bias[3]_i_13__1_n_0.  Re-placed instance Final_Project_i/frogger1_0/U0/frogger1_slave_lite_v1_0_S00_AXI_inst/froggerGraphics/inst_dvid/dc_bias[3]_i_13__1
INFO: [Physopt 32-735] Processed net Final_Project_i/frogger1_0/U0/frogger1_slave_lite_v1_0_S00_AXI_inst/froggerGraphics/inst_dvid/dc_bias[3]_i_13__1_n_0. Optimization improves timing on the net.
INFO: [Physopt 32-619] Estimated Timing Summary | WNS=-9.302 | TNS=-371.945 |
INFO: [Common 17-14] Message 'Physopt 32-619' appears 100 times and further instances of the messages will be disabled. Use the Tcl command set_msg_config to change the current settings.
INFO: [Physopt 32-702] Processed net Final_Project_i/frogger1_0/U0/frogger1_slave_lite_v1_0_S00_AXI_inst/froggerGraphics/inst_dvid/i__i_9__0_n_0. Optimizations did not improve timing on the net.
INFO: [Physopt 32-702] Processed net Final_Project_i/frogger1_0/U0/frogger1_slave_lite_v1_0_S00_AXI_inst/froggerGraphics/Inst_vga/uut1/green[3]. Optimizations did not improve timing on the net.
INFO: [Physopt 32-702] Processed net Final_Project_i/frogger1_0/U0/frogger1_slave_lite_v1_0_S00_AXI_inst/froggerGraphics/Inst_vga/uut1/i__i_5__6_n_0. Optimizations did not improve timing on the net.
INFO: [Physopt 32-702] Processed net Final_Project_i/frogger1_0/U0/frogger1_slave_lite_v1_0_S00_AXI_inst/froggerGraphics/Inst_vga/uut1/i__i_11__2_n_0. Optimizations did not improve timing on the net.
INFO: [Physopt 32-702] Processed net Final_Project_i/frogger1_0/U0/frogger1_slave_lite_v1_0_S00_AXI_inst/froggerGraphics/Inst_vga/uut2/i__i_60__7_0. Optimizations did not improve timing on the net.
INFO: [Physopt 32-702] Processed net Final_Project_i/frogger1_0/U0/frogger1_slave_lite_v1_0_S00_AXI_inst/froggerGraphics/Inst_vga/uut2/i__i_59__2_n_0. Optimizations did not improve timing on the net.
INFO: [Physopt 32-702] Processed net Final_Project_i/frogger1_0/U0/frogger1_slave_lite_v1_0_S00_AXI_inst/froggerGraphics/Inst_vga/uut1/i__i_120__2_0. Optimizations did not improve timing on the net.
INFO: [Physopt 32-702] Processed net Final_Project_i/frogger1_0/U0/frogger1_slave_lite_v1_0_S00_AXI_inst/froggerGraphics/Inst_vga/uut1/i__i_120__2_n_0. Optimizations did not improve timing on the net.
INFO: [Physopt 32-702] Processed net Final_Project_i/frogger1_0/U0/frogger1_slave_lite_v1_0_S00_AXI_inst/froggerGraphics/Inst_vga/uut1/i__i_149_n_0. Optimizations did not improve timing on the net.
INFO: [Physopt 32-702] Processed net Final_Project_i/frogger1_0/U0/frogger1_slave_lite_v1_0_S00_AXI_inst/froggerGraphics/Inst_vga/uut1/i__i_177__3_n_0. Optimizations did not improve timing on the net.
INFO: [Physopt 32-702] Processed net Final_Project_i/frogger1_0/U0/frogger1_slave_lite_v1_0_S00_AXI_inst/froggerGraphics/Inst_vga/uut1/i__i_206__2_n_0. Optimizations did not improve timing on the net.
INFO: [Physopt 32-702] Processed net Final_Project_i/frogger1_0/U0/frogger1_slave_lite_v1_0_S00_AXI_inst/froggerGraphics/Inst_vga/uut1/i__i_230__5_n_0. Optimizations did not improve timing on the net.
INFO: [Physopt 32-663] Processed net Final_Project_i/frogger1_0/U0/frogger1_slave_lite_v1_0_S00_AXI_inst/froggerGraphics/Inst_vga/uut1/i__i_246__3_n_0.  Re-placed instance Final_Project_i/frogger1_0/U0/frogger1_slave_lite_v1_0_S00_AXI_inst/froggerGraphics/Inst_vga/uut1/i__i_246__3
INFO: [Physopt 32-735] Processed net Final_Project_i/frogger1_0/U0/frogger1_slave_lite_v1_0_S00_AXI_inst/froggerGraphics/Inst_vga/uut1/i__i_246__3_n_0. Optimization improves timing on the net.
INFO: [Physopt 32-702] Processed net Final_Project_i/frogger1_0/U0/frogger1_slave_lite_v1_0_S00_AXI_inst/froggerGraphics/Inst_vga/uut1/i__i_246__3_n_0. Optimizations did not improve timing on the net.
INFO: [Physopt 32-702] Processed net Final_Project_i/frogger1_0/U0/frogger1_slave_lite_v1_0_S00_AXI_inst/froggerGraphics/Inst_vga/uut1/i__i_268__4_n_0. Optimizations did not improve timing on the net.
INFO: [Physopt 32-663] Processed net Final_Project_i/frogger1_0/U0/frogger1_slave_lite_v1_0_S00_AXI_inst/froggerGraphics/Inst_vga/uut1/i__i_287_n_0.  Re-placed instance Final_Project_i/frogger1_0/U0/frogger1_slave_lite_v1_0_S00_AXI_inst/froggerGraphics/Inst_vga/uut1/i__i_287
INFO: [Physopt 32-735] Processed net Final_Project_i/frogger1_0/U0/frogger1_slave_lite_v1_0_S00_AXI_inst/froggerGraphics/Inst_vga/uut1/i__i_287_n_0. Optimization improves timing on the net.
INFO: [Physopt 32-702] Processed net Final_Project_i/frogger1_0/U0/frogger1_slave_lite_v1_0_S00_AXI_inst/froggerGraphics/Inst_vga/uut1/i__i_287_n_0. Optimizations did not improve timing on the net.
INFO: [Physopt 32-702] Processed net Final_Project_i/frogger1_0/U0/frogger1_slave_lite_v1_0_S00_AXI_inst/froggerGraphics/Inst_vga/uut1/i__i_306__0_n_0. Optimizations did not improve timing on the net.
INFO: [Physopt 32-702] Processed net Final_Project_i/frogger1_0/U0/frogger1_slave_lite_v1_0_S00_AXI_inst/froggerGraphics/Inst_vga/uut1/i__i_331__0_n_0. Optimizations did not improve timing on the net.
INFO: [Physopt 32-702] Processed net Final_Project_i/frogger1_0/U0/frogger1_slave_lite_v1_0_S00_AXI_inst/froggerGraphics/Inst_vga/uut1/i__i_361__1_n_0. Optimizations did not improve timing on the net.
INFO: [Physopt 32-663] Processed net Final_Project_i/frogger1_0/U0/frogger1_slave_lite_v1_0_S00_AXI_inst/froggerGraphics/Inst_vga/uut1/i__i_387_n_0.  Re-placed instance Final_Project_i/frogger1_0/U0/frogger1_slave_lite_v1_0_S00_AXI_inst/froggerGraphics/Inst_vga/uut1/i__i_387
INFO: [Physopt 32-735] Processed net Final_Project_i/frogger1_0/U0/frogger1_slave_lite_v1_0_S00_AXI_inst/froggerGraphics/Inst_vga/uut1/i__i_387_n_0. Optimization improves timing on the net.
INFO: [Common 17-14] Message 'Physopt 32-735' appears 100 times and further instances of the messages will be disabled. Use the Tcl command set_msg_config to change the current settings.
INFO: [Physopt 32-608] Optimized 1 net.  Swapped 17 pins.
INFO: [Physopt 32-702] Processed net Final_Project_i/frogger1_0/U0/frogger1_slave_lite_v1_0_S00_AXI_inst/froggerGraphics/inst_dvid/dc_bias_reg[3]_i_2__0_n_0. Optimizations did not improve timing on the net.
INFO: [Physopt 32-702] Processed net Final_Project_i/frogger1_0/U0/frogger1_slave_lite_v1_0_S00_AXI_inst/froggerGraphics/inst_dvid/dc_bias[3]_i_9__1_n_0. Optimizations did not improve timing on the net.
INFO: [Physopt 32-702] Processed net Final_Project_i/frogger1_0/U0/frogger1_slave_lite_v1_0_S00_AXI_inst/froggerGraphics/inst_dvid/dc_bias_reg[3]_1. Optimizations did not improve timing on the net.
INFO: [Physopt 32-702] Processed net Final_Project_i/frogger1_0/U0/frogger1_slave_lite_v1_0_S00_AXI_inst/froggerGraphics/inst_dvid/i___31_n_0_repN. Optimizations did not improve timing on the net.
INFO: [Physopt 32-608] Optimized 1 net.  Swapped 4 pins.
INFO: [Physopt 32-702] Processed net Final_Project_i/frogger1_0/U0/frogger1_slave_lite_v1_0_S00_AXI_inst/froggerGraphics/inst_dvid/TDMS_encoder_red/D[9]. Optimizations did not improve timing on the net.
INFO: [Physopt 32-702] Processed net Final_Project_i/frogger1_0/U0/frogger1_slave_lite_v1_0_S00_AXI_inst/froggerGraphics/inst_dvid/dc_bias_reg[0]. Optimizations did not improve timing on the net.
INFO: [Physopt 32-663] Processed net Final_Project_i/frogger1_0/U0/frogger1_slave_lite_v1_0_S00_AXI_inst/froggerGraphics/inst_dvid/i__i_1_n_0.  Re-placed instance Final_Project_i/frogger1_0/U0/frogger1_slave_lite_v1_0_S00_AXI_inst/froggerGraphics/inst_dvid/i__i_1_comp
INFO: [Physopt 32-702] Processed net Final_Project_i/frogger1_0/U0/frogger1_slave_lite_v1_0_S00_AXI_inst/froggerGraphics/inst_dvid/dc_bias[3]_i_5_n_0. Optimizations did not improve timing on the net.
INFO: [Physopt 32-663] Processed net Final_Project_i/frogger1_0/U0/frogger1_slave_lite_v1_0_S00_AXI_inst/froggerGraphics/inst_dvid/dc_bias[3]_i_12_n_0.  Re-placed instance Final_Project_i/frogger1_0/U0/frogger1_slave_lite_v1_0_S00_AXI_inst/froggerGraphics/inst_dvid/dc_bias[3]_i_12_comp
INFO: [Physopt 32-702] Processed net Final_Project_i/frogger1_0/U0/frogger1_slave_lite_v1_0_S00_AXI_inst/froggerGraphics/inst_dvid/TDMS_encoder_red/dc_bias_reg[3]_0[1]. Optimizations did not improve timing on the net.
INFO: [Physopt 32-608] Optimized 1 net.  Swapped 23 pins.
INFO: [Physopt 32-702] Processed net Final_Project_i/frogger1_0/U0/frogger1_slave_lite_v1_0_S00_AXI_inst/froggerGraphics/inst_dvid/i__i_4__2_n_0. Optimizations did not improve timing on the net.
INFO: [Physopt 32-702] Processed net Final_Project_i/frogger1_0/U0/frogger1_slave_lite_v1_0_S00_AXI_inst/froggerGraphics/inst_dvid/i__i_3__10. Optimizations did not improve timing on the net.
INFO: [Physopt 32-608] Optimized 1 net.  Swapped 22 pins.
INFO: [Physopt 32-702] Processed net Final_Project_i/frogger1_0/U0/frogger1_slave_lite_v1_0_S00_AXI_inst/froggerGraphics/inst_dvid/dc_bias[2]_i_2_n_0. Optimizations did not improve timing on the net.
INFO: [Physopt 32-663] Processed net Final_Project_i/frogger1_0/U0/frogger1_slave_lite_v1_0_S00_AXI_inst/froggerGraphics/inst_dvid/dc_bias_reg[3].  Re-placed instance Final_Project_i/frogger1_0/U0/frogger1_slave_lite_v1_0_S00_AXI_inst/froggerGraphics/inst_dvid/i__i_2_comp
INFO: [Physopt 32-608] Optimized 1 net.  Swapped 20 pins.
INFO: [Physopt 32-702] Processed net Final_Project_i/frogger1_0/U0/frogger1_slave_lite_v1_0_S00_AXI_inst/froggerGraphics/inst_dvid/i___1_n_0. Optimizations did not improve timing on the net.
INFO: [Physopt 32-608] Optimized 1 net.  Swapped 19 pins.
INFO: [Physopt 32-702] Processed net Final_Project_i/frogger1_0/U0/frogger1_slave_lite_v1_0_S00_AXI_inst/froggerGraphics/inst_dvid/dc_bias[3]_i_3_n_0. Optimizations did not improve timing on the net.
INFO: [Physopt 32-702] Processed net Final_Project_i/frogger1_0/U0/frogger1_slave_lite_v1_0_S00_AXI_inst/froggerGraphics/inst_dvid/dc_bias[3]_i_8__0_n_0. Optimizations did not improve timing on the net.
INFO: [Physopt 32-702] Processed net Final_Project_i/frogger1_0/U0/frogger1_slave_lite_v1_0_S00_AXI_inst/froggerGraphics/inst_dvid/i___34_n_0. Optimizations did not improve timing on the net.
INFO: [Physopt 32-608] Optimized 1 net.  Swapped 22 pins.
INFO: [Physopt 32-608] Optimized 1 net.  Swapped 20 pins.
INFO: [Physopt 32-663] Processed net Final_Project_i/frogger1_0/U0/frogger1_slave_lite_v1_0_S00_AXI_inst/froggerGraphics/Inst_vga/uut1/green[0].  Re-placed instance Final_Project_i/frogger1_0/U0/frogger1_slave_lite_v1_0_S00_AXI_inst/froggerGraphics/Inst_vga/uut1/i__i_1__6
INFO: [Physopt 32-702] Processed net Final_Project_i/frogger1_0/U0/frogger1_slave_lite_v1_0_S00_AXI_inst/froggerGraphics/inst_dvid/i__i_7__2_n_0. Optimizations did not improve timing on the net.
INFO: [Physopt 32-702] Processed net Final_Project_i/frogger1_0/U0/frogger1_slave_lite_v1_0_S00_AXI_inst/froggerGraphics/Inst_vga/uut1/blue[2]. Optimizations did not improve timing on the net.
INFO: [Physopt 32-702] Processed net Final_Project_i/frogger1_0/U0/frogger1_slave_lite_v1_0_S00_AXI_inst/froggerGraphics/Inst_vga/uut1/i__i_2__0_n_0. Optimizations did not improve timing on the net.
INFO: [Physopt 32-663] Processed net Final_Project_i/frogger1_0/U0/frogger1_slave_lite_v1_0_S00_AXI_inst/froggerGraphics/Inst_vga/uut1/i__i_5__2_n_0.  Re-placed instance Final_Project_i/frogger1_0/U0/frogger1_slave_lite_v1_0_S00_AXI_inst/froggerGraphics/Inst_vga/uut1/i__i_5__2
INFO: [Physopt 32-702] Processed net Final_Project_i/frogger1_0/U0/frogger1_slave_lite_v1_0_S00_AXI_inst/froggerGraphics/Inst_vga/uut1/i__i_5__2_n_0. Optimizations did not improve timing on the net.
INFO: [Physopt 32-702] Processed net Final_Project_i/frogger1_0/U0/frogger1_slave_lite_v1_0_S00_AXI_inst/froggerGraphics/Inst_vga/uut1/i__i_12__7_n_0. Optimizations did not improve timing on the net.
INFO: [Physopt 32-702] Processed net Final_Project_i/frogger1_0/U0/frogger1_slave_lite_v1_0_S00_AXI_inst/froggerGraphics/Inst_vga/uut1/i__i_28__8_n_0. Optimizations did not improve timing on the net.
INFO: [Physopt 32-663] Processed net Final_Project_i/frogger1_0/U0/frogger1_slave_lite_v1_0_S00_AXI_inst/froggerGraphics/Inst_vga/uut1/i__i_44__4_n_0.  Re-placed instance Final_Project_i/frogger1_0/U0/frogger1_slave_lite_v1_0_S00_AXI_inst/froggerGraphics/Inst_vga/uut1/i__i_44__4
INFO: [Physopt 32-663] Processed net Final_Project_i/frogger1_0/U0/frogger1_slave_lite_v1_0_S00_AXI_inst/froggerGraphics/Inst_vga/uut2/blue[1]_repN.  Re-placed instance Final_Project_i/frogger1_0/U0/frogger1_slave_lite_v1_0_S00_AXI_inst/froggerGraphics/Inst_vga/uut2/i__i_2__6_replica
INFO: [Physopt 32-702] Processed net Final_Project_i/frogger1_0/U0/frogger1_slave_lite_v1_0_S00_AXI_inst/froggerGraphics/Inst_vga/uut2/blue[3]. Optimizations did not improve timing on the net.
INFO: [Physopt 32-663] Processed net Final_Project_i/frogger1_0/U0/frogger1_slave_lite_v1_0_S00_AXI_inst/froggerGraphics/Inst_vga/uut2/i__i_2__1_n_0.  Re-placed instance Final_Project_i/frogger1_0/U0/frogger1_slave_lite_v1_0_S00_AXI_inst/froggerGraphics/Inst_vga/uut2/i__i_2__1
INFO: [Physopt 32-702] Processed net Final_Project_i/frogger1_0/U0/frogger1_slave_lite_v1_0_S00_AXI_inst/froggerGraphics/Inst_vga/uut1/green[0]. Optimizations did not improve timing on the net.
INFO: [Physopt 32-702] Processed net Final_Project_i/frogger1_0/U0/frogger1_slave_lite_v1_0_S00_AXI_inst/froggerGraphics/Inst_vga/uut1/i__i_3__6_n_0. Optimizations did not improve timing on the net.
INFO: [Physopt 32-663] Processed net Final_Project_i/frogger1_0/U0/frogger1_slave_lite_v1_0_S00_AXI_inst/froggerGraphics/Inst_vga/uut1/i__i_7__8_n_0.  Re-placed instance Final_Project_i/frogger1_0/U0/frogger1_slave_lite_v1_0_S00_AXI_inst/froggerGraphics/Inst_vga/uut1/i__i_7__8
INFO: [Physopt 32-702] Processed net Final_Project_i/frogger1_0/U0/frogger1_slave_lite_v1_0_S00_AXI_inst/froggerGraphics/inst_dvid/i__i_4_n_0. Optimizations did not improve timing on the net.
INFO: [Physopt 32-702] Processed net Final_Project_i/frogger1_0/U0/frogger1_slave_lite_v1_0_S00_AXI_inst/froggerGraphics/inst_dvid/i__i_11_0. Optimizations did not improve timing on the net.
INFO: [Physopt 32-702] Processed net Final_Project_i/frogger1_0/U0/frogger1_slave_lite_v1_0_S00_AXI_inst/froggerGraphics/inst_dvid/i__i_9_n_0. Optimizations did not improve timing on the net.
INFO: [Physopt 32-702] Processed net Final_Project_i/frogger1_0/U0/frogger1_slave_lite_v1_0_S00_AXI_inst/froggerGraphics/Inst_vga/uut1/red[0]. Optimizations did not improve timing on the net.
INFO: [Physopt 32-702] Processed net Final_Project_i/frogger1_0/U0/frogger1_slave_lite_v1_0_S00_AXI_inst/froggerGraphics/Inst_vga/uut1/i__i_2__4_n_0. Optimizations did not improve timing on the net.
INFO: [Physopt 32-702] Processed net Final_Project_i/frogger1_0/U0/frogger1_slave_lite_v1_0_S00_AXI_inst/froggerGraphics/Inst_vga/uut1/i__i_5__8_n_0. Optimizations did not improve timing on the net.
INFO: [Physopt 32-702] Processed net Final_Project_i/frogger1_0/U0/frogger1_slave_lite_v1_0_S00_AXI_inst/froggerGraphics/Inst_vga/uut1/i__i_12__9_n_0. Optimizations did not improve timing on the net.
INFO: [Physopt 32-702] Processed net Final_Project_i/frogger1_0/U0/frogger1_slave_lite_v1_0_S00_AXI_inst/froggerGraphics/Inst_vga/uut1/i__i_26__7_n_0. Optimizations did not improve timing on the net.
INFO: [Physopt 32-663] Processed net Final_Project_i/frogger1_0/U0/frogger1_slave_lite_v1_0_S00_AXI_inst/froggerGraphics/Inst_vga/uut1/i__i_55__2_n_0.  Re-placed instance Final_Project_i/frogger1_0/U0/frogger1_slave_lite_v1_0_S00_AXI_inst/froggerGraphics/Inst_vga/uut1/i__i_55__2
INFO: [Physopt 32-702] Processed net Final_Project_i/frogger1_0/U0/frogger1_slave_lite_v1_0_S00_AXI_inst/froggerGraphics/Inst_vga/uut2/i__i_2__1_n_0. Optimizations did not improve timing on the net.
INFO: [Physopt 32-663] Processed net Final_Project_i/frogger1_0/U0/frogger1_slave_lite_v1_0_S00_AXI_inst/froggerGraphics/Inst_vga/uut2/i__i_5__3_n_0.  Re-placed instance Final_Project_i/frogger1_0/U0/frogger1_slave_lite_v1_0_S00_AXI_inst/froggerGraphics/Inst_vga/uut2/i__i_5__3
INFO: [Physopt 32-608] Optimized 1 net.  Swapped 17 pins.
INFO: [Physopt 32-608] Optimized 1 net.  Swapped 15 pins.
INFO: [Physopt 32-608] Optimized 1 net.  Swapped 17 pins.
INFO: [Physopt 32-702] Processed net Final_Project_i/frogger1_0/U0/frogger1_slave_lite_v1_0_S00_AXI_inst/froggerGraphics/Inst_vga/uut2/encoded[7]_i_8_n_0. Optimizations did not improve timing on the net.
INFO: [Physopt 32-663] Processed net Final_Project_i/frogger1_0/U0/frogger1_slave_lite_v1_0_S00_AXI_inst/froggerGraphics/Inst_vga/uut2/encoded[7]_i_15_n_0.  Re-placed instance Final_Project_i/frogger1_0/U0/frogger1_slave_lite_v1_0_S00_AXI_inst/froggerGraphics/Inst_vga/uut2/encoded[7]_i_15
INFO: [Physopt 32-702] Processed net Final_Project_i/frogger1_0/U0/frogger1_slave_lite_v1_0_S00_AXI_inst/froggerGraphics/inst_dvid/i__i_4__3_n_0. Optimizations did not improve timing on the net.
INFO: [Physopt 32-663] Processed net Final_Project_i/frogger1_0/U0/frogger1_slave_lite_v1_0_S00_AXI_inst/froggerGraphics/inst_dvid/i___27_n_0.  Re-placed instance Final_Project_i/frogger1_0/U0/frogger1_slave_lite_v1_0_S00_AXI_inst/froggerGraphics/inst_dvid/i___27
INFO: [Physopt 32-608] Optimized 1 net.  Swapped 16 pins.
INFO: [Physopt 32-702] Processed net Final_Project_i/frogger1_0/U0/frogger1_slave_lite_v1_0_S00_AXI_inst/froggerGraphics/Inst_vga/uut1/i__i_387_n_0. Optimizations did not improve timing on the net.
INFO: [Physopt 32-702] Processed net Final_Project_i/frogger1_0/U0/frogger1_slave_lite_v1_0_S00_AXI_inst/froggerGraphics/Inst_vga/uut1/i__i_401_n_0. Optimizations did not improve timing on the net.
INFO: [Physopt 32-702] Processed net Final_Project_i/frogger1_0/U0/frogger1_slave_lite_v1_0_S00_AXI_inst/froggerGraphics/Inst_vga/uut1/i__i_427__1_n_0. Optimizations did not improve timing on the net.
INFO: [Physopt 32-702] Processed net Final_Project_i/frogger1_0/U0/frogger1_slave_lite_v1_0_S00_AXI_inst/froggerGraphics/Inst_vga/uut1/i__i_453__0_n_0. Optimizations did not improve timing on the net.
INFO: [Physopt 32-702] Processed net Final_Project_i/frogger1_0/U0/frogger1_slave_lite_v1_0_S00_AXI_inst/froggerGraphics/Inst_vga/uut1/current_color1. Optimizations did not improve timing on the net.
INFO: [Physopt 32-608] Optimized 1 net.  Swapped 24 pins.
INFO: [Physopt 32-702] Processed net Final_Project_i/frogger1_0/U0/frogger1_slave_lite_v1_0_S00_AXI_inst/froggerGraphics/Inst_vga/uut1/i__i_452__3_n_0. Optimizations did not improve timing on the net.
INFO: [Physopt 32-702] Processed net Final_Project_i/frogger1_0/U0/frogger1_slave_lite_v1_0_S00_AXI_inst/froggerGraphics/Inst_vga/uut1/i__i_464__1_n_0. Optimizations did not improve timing on the net.
INFO: [Physopt 32-702] Processed net Final_Project_i/frogger1_0/U0/frogger1_slave_lite_v1_0_S00_AXI_inst/froggerGraphics/Inst_vga/uut2/processQ_reg[2]_rep__22_17. Optimizations did not improve timing on the net.
INFO: [Physopt 32-702] Processed net Final_Project_i/frogger1_0/U0/frogger1_slave_lite_v1_0_S00_AXI_inst/froggerGraphics/Inst_vga/uut1/processQ_reg[3]_0[0]. Optimizations did not improve timing on the net.
INFO: [Physopt 32-702] Processed net Final_Project_i/frogger1_0/U0/frogger1_slave_lite_v1_0_S00_AXI_inst/froggerGraphics/Inst_vga/uut1/i__i_855_n_0. Optimizations did not improve timing on the net.
INFO: [Physopt 32-702] Processed net Final_Project_i/frogger1_0/U0/frogger1_slave_lite_v1_0_S00_AXI_inst/froggerGraphics/inst_dvid/dc_bias[3]_i_1_n_0. Optimizations did not improve timing on the net.
INFO: [Physopt 32-702] Processed net Final_Project_i/frogger1_0/U0/frogger1_slave_lite_v1_0_S00_AXI_inst/slv_reg9[0]. Optimizations did not improve timing on the net.
Netlist sorting complete. Time (s): cpu = 00:00:00 ; elapsed = 00:00:00.071 . Memory (MB): peak = 2273.637 ; gain = 0.000
Phase 3 Critical Path Optimization | Checksum: 20ea80933

Time (s): cpu = 00:00:28 ; elapsed = 00:00:48 . Memory (MB): peak = 2273.637 ; gain = 19.289

Phase 4 Critical Path Optimization
INFO: [Physopt 32-702] Processed net Final_Project_i/frogger1_0/U0/frogger1_slave_lite_v1_0_S00_AXI_inst/froggerGraphics/inst_dvid/TDMS_encoder_green/Q[3]. Optimizations did not improve timing on the net.
INFO: [Physopt 32-702] Processed net Final_Project_i/clk_wiz_1/inst/clk_out1_Final_Project_clk_wiz_1_0. Optimizations did not improve timing on the net.
INFO: [Physopt 32-702] Processed net Final_Project_i/frogger1_0/U0/frogger1_slave_lite_v1_0_S00_AXI_inst/froggerGraphics/inst_dvid/dc_bias_reg[3]_i_6_n_0. Optimizations did not improve timing on the net.
INFO: [Physopt 32-702] Processed net Final_Project_i/frogger1_0/U0/frogger1_slave_lite_v1_0_S00_AXI_inst/froggerGraphics/inst_dvid/dc_bias[3]_i_15__0_n_0. Optimizations did not improve timing on the net.
INFO: [Physopt 32-702] Processed net Final_Project_i/frogger1_0/U0/frogger1_slave_lite_v1_0_S00_AXI_inst/froggerGraphics/inst_dvid/i___10_n_0. Optimizations did not improve timing on the net.
INFO: [Physopt 32-702] Processed net Final_Project_i/frogger1_0/U0/frogger1_slave_lite_v1_0_S00_AXI_inst/froggerGraphics/inst_dvid/i__i_3__3_n_0. Optimizations did not improve timing on the net.
INFO: [Physopt 32-702] Processed net Final_Project_i/frogger1_0/U0/frogger1_slave_lite_v1_0_S00_AXI_inst/froggerGraphics/inst_dvid/i__i_12_0. Optimizations did not improve timing on the net.
INFO: [Physopt 32-702] Processed net Final_Project_i/frogger1_0/U0/frogger1_slave_lite_v1_0_S00_AXI_inst/froggerGraphics/inst_dvid/i__i_9__0_n_0. Optimizations did not improve timing on the net.
INFO: [Physopt 32-702] Processed net Final_Project_i/frogger1_0/U0/frogger1_slave_lite_v1_0_S00_AXI_inst/froggerGraphics/Inst_vga/uut1/green[3]. Optimizations did not improve timing on the net.
INFO: [Physopt 32-710] Processed net Final_Project_i/frogger1_0/U0/frogger1_slave_lite_v1_0_S00_AXI_inst/froggerGraphics/Inst_vga/uut1/green[3]. Critical path length was reduced through logic transformation on cell Final_Project_i/frogger1_0/U0/frogger1_slave_lite_v1_0_S00_AXI_inst/froggerGraphics/Inst_vga/uut1/i__i_3__11_comp.
INFO: [Physopt 32-663] Processed net Final_Project_i/frogger1_0/U0/frogger1_slave_lite_v1_0_S00_AXI_inst/froggerGraphics/inst_dvid/i__i_1__4_n_0.  Re-placed instance Final_Project_i/frogger1_0/U0/frogger1_slave_lite_v1_0_S00_AXI_inst/froggerGraphics/inst_dvid/i__i_1__4
INFO: [Physopt 32-81] Processed net Final_Project_i/frogger1_0/U0/frogger1_slave_lite_v1_0_S00_AXI_inst/froggerGraphics/Inst_vga/uut2/green[3]. Replicated 1 times.
INFO: [Physopt 32-81] Processed net Final_Project_i/frogger1_0/U0/frogger1_slave_lite_v1_0_S00_AXI_inst/froggerGraphics/Inst_vga/uut1/green[0]. Replicated 1 times.
INFO: [Physopt 32-702] Processed net Final_Project_i/frogger1_0/U0/frogger1_slave_lite_v1_0_S00_AXI_inst/froggerGraphics/Inst_vga/uut2/green[3]. Optimizations did not improve timing on the net.
INFO: [Physopt 32-702] Processed net Final_Project_i/frogger1_0/U0/frogger1_slave_lite_v1_0_S00_AXI_inst/froggerGraphics/Inst_vga/uut2/encoded_reg[7]_i_3_n_0. Optimizations did not improve timing on the net.
INFO: [Physopt 32-702] Processed net Final_Project_i/frogger1_0/U0/frogger1_slave_lite_v1_0_S00_AXI_inst/froggerGraphics/Inst_vga/uut2/encoded[7]_i_4_n_0. Optimizations did not improve timing on the net.
INFO: [Physopt 32-663] Processed net Final_Project_i/frogger1_0/U0/frogger1_slave_lite_v1_0_S00_AXI_inst/froggerGraphics/Inst_vga/uut2/encoded[7]_i_8_n_0.  Re-placed instance Final_Project_i/frogger1_0/U0/frogger1_slave_lite_v1_0_S00_AXI_inst/froggerGraphics/Inst_vga/uut2/encoded[7]_i_8
INFO: [Physopt 32-710] Processed net Final_Project_i/frogger1_0/U0/frogger1_slave_lite_v1_0_S00_AXI_inst/froggerGraphics/inst_dvid/i__i_3__3_n_0. Critical path length was reduced through logic transformation on cell Final_Project_i/frogger1_0/U0/frogger1_slave_lite_v1_0_S00_AXI_inst/froggerGraphics/inst_dvid/i__i_3__3_comp.
INFO: [Physopt 32-702] Processed net Final_Project_i/frogger1_0/U0/frogger1_slave_lite_v1_0_S00_AXI_inst/froggerGraphics/inst_dvid/TDMS_encoder_red/D[9]. Optimizations did not improve timing on the net.
INFO: [Physopt 32-702] Processed net Final_Project_i/frogger1_0/U0/frogger1_slave_lite_v1_0_S00_AXI_inst/froggerGraphics/inst_dvid/dc_bias_reg[0]. Optimizations did not improve timing on the net.
INFO: [Physopt 32-710] Processed net Final_Project_i/frogger1_0/U0/frogger1_slave_lite_v1_0_S00_AXI_inst/froggerGraphics/inst_dvid/dc_bias_reg[0]. Critical path length was reduced through logic transformation on cell Final_Project_i/frogger1_0/U0/frogger1_slave_lite_v1_0_S00_AXI_inst/froggerGraphics/inst_dvid/i__i_3_comp.
INFO: [Physopt 32-702] Processed net Final_Project_i/frogger1_0/U0/frogger1_slave_lite_v1_0_S00_AXI_inst/froggerGraphics/inst_dvid/TDMS_encoder_blue/dc_bias_reg[3]_0[3]. Optimizations did not improve timing on the net.
INFO: [Physopt 32-702] Processed net Final_Project_i/frogger1_0/U0/frogger1_slave_lite_v1_0_S00_AXI_inst/froggerGraphics/inst_dvid/dc_bias_reg[3]_i_2__0_n_0. Optimizations did not improve timing on the net.
INFO: [Physopt 32-702] Processed net Final_Project_i/frogger1_0/U0/frogger1_slave_lite_v1_0_S00_AXI_inst/froggerGraphics/inst_dvid/dc_bias[3]_i_9__1_n_0. Optimizations did not improve timing on the net.
INFO: [Physopt 32-702] Processed net Final_Project_i/frogger1_0/U0/frogger1_slave_lite_v1_0_S00_AXI_inst/froggerGraphics/inst_dvid/dc_bias[3]_i_23__0_n_0. Optimizations did not improve timing on the net.
INFO: [Physopt 32-663] Processed net Final_Project_i/frogger1_0/U0/frogger1_slave_lite_v1_0_S00_AXI_inst/froggerGraphics/inst_dvid/i___31_n_0.  Re-placed instance Final_Project_i/frogger1_0/U0/frogger1_slave_lite_v1_0_S00_AXI_inst/froggerGraphics/inst_dvid/i___31_comp
INFO: [Physopt 32-702] Processed net Final_Project_i/frogger1_0/U0/frogger1_slave_lite_v1_0_S00_AXI_inst/froggerGraphics/inst_dvid/dc_bias[3]_i_3_n_0. Optimizations did not improve timing on the net.
INFO: [Physopt 32-608] Optimized 1 net.  Swapped 17 pins.
INFO: [Physopt 32-702] Processed net Final_Project_i/frogger1_0/U0/frogger1_slave_lite_v1_0_S00_AXI_inst/froggerGraphics/inst_dvid/dc_bias_reg[3]_1. Optimizations did not improve timing on the net.
INFO: [Physopt 32-702] Processed net Final_Project_i/frogger1_0/U0/frogger1_slave_lite_v1_0_S00_AXI_inst/froggerGraphics/inst_dvid/i___31_n_0_repN. Optimizations did not improve timing on the net.
INFO: [Physopt 32-710] Processed net Final_Project_i/frogger1_0/U0/frogger1_slave_lite_v1_0_S00_AXI_inst/froggerGraphics/inst_dvid/i___31_n_0_repN. Critical path length was reduced through logic transformation on cell Final_Project_i/frogger1_0/U0/frogger1_slave_lite_v1_0_S00_AXI_inst/froggerGraphics/inst_dvid/i___31_replica_comp.
INFO: [Physopt 32-702] Processed net Final_Project_i/frogger1_0/U0/frogger1_slave_lite_v1_0_S00_AXI_inst/froggerGraphics/inst_dvid/i__i_4__2_n_0. Optimizations did not improve timing on the net.
INFO: [Physopt 32-702] Processed net Final_Project_i/frogger1_0/U0/frogger1_slave_lite_v1_0_S00_AXI_inst/froggerGraphics/inst_dvid/i__i_3__10. Optimizations did not improve timing on the net.
INFO: [Physopt 32-702] Processed net Final_Project_i/frogger1_0/U0/frogger1_slave_lite_v1_0_S00_AXI_inst/froggerGraphics/inst_dvid/i__i_7__2_n_0. Optimizations did not improve timing on the net.
INFO: [Physopt 32-663] Processed net Final_Project_i/frogger1_0/U0/frogger1_slave_lite_v1_0_S00_AXI_inst/froggerGraphics/Inst_vga/uut2/blue[1]_repN.  Re-placed instance Final_Project_i/frogger1_0/U0/frogger1_slave_lite_v1_0_S00_AXI_inst/froggerGraphics/Inst_vga/uut2/i__i_2__6_replica
INFO: [Physopt 32-702] Processed net Final_Project_i/frogger1_0/U0/frogger1_slave_lite_v1_0_S00_AXI_inst/froggerGraphics/inst_dvid/TDMS_encoder_red/dc_bias_reg[3]_0[2]. Optimizations did not improve timing on the net.
INFO: [Physopt 32-702] Processed net Final_Project_i/frogger1_0/U0/frogger1_slave_lite_v1_0_S00_AXI_inst/froggerGraphics/inst_dvid/dc_bias[2]_i_2_n_0. Optimizations did not improve timing on the net.
INFO: [Physopt 32-702] Processed net Final_Project_i/frogger1_0/U0/frogger1_slave_lite_v1_0_S00_AXI_inst/froggerGraphics/inst_dvid/dc_bias[2]_i_4_n_0. Optimizations did not improve timing on the net.
INFO: [Physopt 32-608] Optimized 1 net.  Swapped 17 pins.
INFO: [Physopt 32-702] Processed net Final_Project_i/frogger1_0/U0/frogger1_slave_lite_v1_0_S00_AXI_inst/froggerGraphics/Inst_vga/uut2/blue[1]_repN. Optimizations did not improve timing on the net.
INFO: [Physopt 32-710] Processed net Final_Project_i/frogger1_0/U0/frogger1_slave_lite_v1_0_S00_AXI_inst/froggerGraphics/Inst_vga/uut2/blue[1]_repN. Critical path length was reduced through logic transformation on cell Final_Project_i/frogger1_0/U0/frogger1_slave_lite_v1_0_S00_AXI_inst/froggerGraphics/Inst_vga/uut2/i__i_2__6_replica_comp.
INFO: [Physopt 32-663] Processed net Final_Project_i/frogger1_0/U0/frogger1_slave_lite_v1_0_S00_AXI_inst/froggerGraphics/inst_dvid/i___20_n_0.  Re-placed instance Final_Project_i/frogger1_0/U0/frogger1_slave_lite_v1_0_S00_AXI_inst/froggerGraphics/inst_dvid/i___20
INFO: [Physopt 32-608] Optimized 1 net.  Swapped 19 pins.
INFO: [Physopt 32-702] Processed net Final_Project_i/frogger1_0/U0/frogger1_slave_lite_v1_0_S00_AXI_inst/froggerGraphics/Inst_vga/uut2/blue[4]. Optimizations did not improve timing on the net.
INFO: [Physopt 32-702] Processed net Final_Project_i/frogger1_0/U0/frogger1_slave_lite_v1_0_S00_AXI_inst/froggerGraphics/Inst_vga/uut2/i__i_2__2_n_0. Optimizations did not improve timing on the net.
INFO: [Physopt 32-702] Processed net Final_Project_i/frogger1_0/U0/frogger1_slave_lite_v1_0_S00_AXI_inst/froggerGraphics/Inst_vga/uut2/i__i_3__5_n_0. Optimizations did not improve timing on the net.
INFO: [Physopt 32-663] Processed net Final_Project_i/frogger1_0/U0/frogger1_slave_lite_v1_0_S00_AXI_inst/froggerGraphics/Inst_vga/uut2/i__i_7__7_n_0.  Re-placed instance Final_Project_i/frogger1_0/U0/frogger1_slave_lite_v1_0_S00_AXI_inst/froggerGraphics/Inst_vga/uut2/i__i_7__7
INFO: [Physopt 32-702] Processed net Final_Project_i/frogger1_0/U0/frogger1_slave_lite_v1_0_S00_AXI_inst/froggerGraphics/inst_dvid/dc_bias[2]_i_3_n_0. Optimizations did not improve timing on the net.
INFO: [Physopt 32-702] Processed net Final_Project_i/frogger1_0/U0/frogger1_slave_lite_v1_0_S00_AXI_inst/froggerGraphics/inst_dvid/dc_bias[2]_i_9_n_0. Optimizations did not improve timing on the net.
INFO: [Physopt 32-702] Processed net Final_Project_i/frogger1_0/U0/frogger1_slave_lite_v1_0_S00_AXI_inst/froggerGraphics/inst_dvid/i___1_n_0. Optimizations did not improve timing on the net.
INFO: [Physopt 32-702] Processed net Final_Project_i/frogger1_0/U0/frogger1_slave_lite_v1_0_S00_AXI_inst/froggerGraphics/inst_dvid/i__i_4_n_0. Optimizations did not improve timing on the net.
INFO: [Physopt 32-702] Processed net Final_Project_i/frogger1_0/U0/frogger1_slave_lite_v1_0_S00_AXI_inst/froggerGraphics/inst_dvid/i__i_11_0. Optimizations did not improve timing on the net.
INFO: [Physopt 32-702] Processed net Final_Project_i/frogger1_0/U0/frogger1_slave_lite_v1_0_S00_AXI_inst/froggerGraphics/inst_dvid/i__i_9_n_0. Optimizations did not improve timing on the net.
INFO: [Physopt 32-663] Processed net Final_Project_i/frogger1_0/U0/frogger1_slave_lite_v1_0_S00_AXI_inst/froggerGraphics/Inst_vga/uut1/red[1].  Re-placed instance Final_Project_i/frogger1_0/U0/frogger1_slave_lite_v1_0_S00_AXI_inst/froggerGraphics/Inst_vga/uut1/i__i_1__11
INFO: [Physopt 32-702] Processed net Final_Project_i/frogger1_0/U0/frogger1_slave_lite_v1_0_S00_AXI_inst/froggerGraphics/inst_dvid/i__i_8__1_n_0. Optimizations did not improve timing on the net.
INFO: [Physopt 32-663] Processed net Final_Project_i/frogger1_0/U0/frogger1_slave_lite_v1_0_S00_AXI_inst/froggerGraphics/Inst_vga/uut2/blue[1].  Re-placed instance Final_Project_i/frogger1_0/U0/frogger1_slave_lite_v1_0_S00_AXI_inst/froggerGraphics/Inst_vga/uut2/i__i_2__6
INFO: [Physopt 32-702] Processed net Final_Project_i/frogger1_0/U0/frogger1_slave_lite_v1_0_S00_AXI_inst/froggerGraphics/Inst_vga/uut2/i__i_7__7_n_0. Optimizations did not improve timing on the net.
INFO: [Physopt 32-710] Processed net Final_Project_i/frogger1_0/U0/frogger1_slave_lite_v1_0_S00_AXI_inst/froggerGraphics/Inst_vga/uut2/i__i_7__7_n_0. Critical path length was reduced through logic transformation on cell Final_Project_i/frogger1_0/U0/frogger1_slave_lite_v1_0_S00_AXI_inst/froggerGraphics/Inst_vga/uut2/i__i_7__7_comp.
INFO: [Physopt 32-702] Processed net Final_Project_i/frogger1_0/U0/frogger1_slave_lite_v1_0_S00_AXI_inst/froggerGraphics/inst_dvid/dc_bias[3]_i_8__0_n_0. Optimizations did not improve timing on the net.
INFO: [Physopt 32-702] Processed net Final_Project_i/frogger1_0/U0/frogger1_slave_lite_v1_0_S00_AXI_inst/froggerGraphics/inst_dvid/i___34_n_0. Optimizations did not improve timing on the net.
INFO: [Physopt 32-710] Processed net Final_Project_i/frogger1_0/U0/frogger1_slave_lite_v1_0_S00_AXI_inst/froggerGraphics/inst_dvid/i___34_n_0. Critical path length was reduced through logic transformation on cell Final_Project_i/frogger1_0/U0/frogger1_slave_lite_v1_0_S00_AXI_inst/froggerGraphics/inst_dvid/i___34_comp.
INFO: [Physopt 32-702] Processed net Final_Project_i/frogger1_0/U0/frogger1_slave_lite_v1_0_S00_AXI_inst/froggerGraphics/Inst_vga/uut1/blue[2]. Optimizations did not improve timing on the net.
INFO: [Physopt 32-710] Processed net Final_Project_i/frogger1_0/U0/frogger1_slave_lite_v1_0_S00_AXI_inst/froggerGraphics/Inst_vga/uut1/blue[2]. Critical path length was reduced through logic transformation on cell Final_Project_i/frogger1_0/U0/frogger1_slave_lite_v1_0_S00_AXI_inst/froggerGraphics/Inst_vga/uut1/i__i_1__2_comp.
INFO: [Physopt 32-702] Processed net Final_Project_i/frogger1_0/U0/frogger1_slave_lite_v1_0_S00_AXI_inst/froggerGraphics/Inst_vga/uut2/blue[0]. Optimizations did not improve timing on the net.
INFO: [Physopt 32-663] Processed net Final_Project_i/frogger1_0/U0/frogger1_slave_lite_v1_0_S00_AXI_inst/froggerGraphics/Inst_vga/uut2/i__i_9__4_n_0.  Re-placed instance Final_Project_i/frogger1_0/U0/frogger1_slave_lite_v1_0_S00_AXI_inst/froggerGraphics/Inst_vga/uut2/i__i_9__4
INFO: [Physopt 32-81] Processed net Final_Project_i/frogger1_0/U0/frogger1_slave_lite_v1_0_S00_AXI_inst/froggerGraphics/Inst_vga/uut1/green[2]. Replicated 1 times.
INFO: [Physopt 32-702] Processed net Final_Project_i/frogger1_0/U0/frogger1_slave_lite_v1_0_S00_AXI_inst/froggerGraphics/Inst_vga/uut1/i__i_52__0_0. Optimizations did not improve timing on the net.
INFO: [Physopt 32-702] Processed net Final_Project_i/frogger1_0/U0/frogger1_slave_lite_v1_0_S00_AXI_inst/froggerGraphics/Inst_vga/uut1/i__i_51__5_n_0. Optimizations did not improve timing on the net.
INFO: [Physopt 32-702] Processed net Final_Project_i/frogger1_0/U0/frogger1_slave_lite_v1_0_S00_AXI_inst/froggerGraphics/Inst_vga/uut1/i__i_59__5_n_0. Optimizations did not improve timing on the net.
INFO: [Physopt 32-702] Processed net Final_Project_i/frogger1_0/U0/frogger1_slave_lite_v1_0_S00_AXI_inst/froggerGraphics/Inst_vga/uut1/i__i_68__4_n_0. Optimizations did not improve timing on the net.
INFO: [Physopt 32-702] Processed net Final_Project_i/frogger1_0/U0/frogger1_slave_lite_v1_0_S00_AXI_inst/froggerGraphics/Inst_vga/uut1/i__i_81__10_n_0. Optimizations did not improve timing on the net.
INFO: [Physopt 32-702] Processed net Final_Project_i/frogger1_0/U0/frogger1_slave_lite_v1_0_S00_AXI_inst/froggerGraphics/Inst_vga/uut1/i__i_91__7_n_0. Optimizations did not improve timing on the net.
INFO: [Physopt 32-663] Processed net Final_Project_i/frogger1_0/U0/frogger1_slave_lite_v1_0_S00_AXI_inst/froggerGraphics/Inst_vga/uut1/i__i_104__6_n_0.  Re-placed instance Final_Project_i/frogger1_0/U0/frogger1_slave_lite_v1_0_S00_AXI_inst/froggerGraphics/Inst_vga/uut1/i__i_104__6
INFO: [Physopt 32-702] Processed net Final_Project_i/frogger1_0/U0/frogger1_slave_lite_v1_0_S00_AXI_inst/froggerGraphics/Inst_vga/uut1/green[2]. Optimizations did not improve timing on the net.
INFO: [Physopt 32-710] Processed net Final_Project_i/frogger1_0/U0/frogger1_slave_lite_v1_0_S00_AXI_inst/froggerGraphics/Inst_vga/uut1/green[2]. Critical path length was reduced through logic transformation on cell Final_Project_i/frogger1_0/U0/frogger1_slave_lite_v1_0_S00_AXI_inst/froggerGraphics/Inst_vga/uut1/i__i_2__9_comp.
INFO: [Physopt 32-81] Processed net Final_Project_i/frogger1_0/U0/frogger1_slave_lite_v1_0_S00_AXI_inst/froggerGraphics/inst_dvid/i__i_1_n_0. Replicated 1 times.
INFO: [Physopt 32-702] Processed net Final_Project_i/frogger1_0/U0/frogger1_slave_lite_v1_0_S00_AXI_inst/froggerGraphics/inst_dvid/dc_bias[3]_i_10__0_n_0. Optimizations did not improve timing on the net.
INFO: [Physopt 32-710] Processed net Final_Project_i/frogger1_0/U0/frogger1_slave_lite_v1_0_S00_AXI_inst/froggerGraphics/inst_dvid/dc_bias[3]_i_10__0_n_0. Critical path length was reduced through logic transformation on cell Final_Project_i/frogger1_0/U0/frogger1_slave_lite_v1_0_S00_AXI_inst/froggerGraphics/inst_dvid/dc_bias[3]_i_10__0_comp.
INFO: [Physopt 32-710] Processed net Final_Project_i/frogger1_0/U0/frogger1_slave_lite_v1_0_S00_AXI_inst/froggerGraphics/Inst_vga/uut2/blue[0]. Critical path length was reduced through logic transformation on cell Final_Project_i/frogger1_0/U0/frogger1_slave_lite_v1_0_S00_AXI_inst/froggerGraphics/Inst_vga/uut2/i__i_3__10_comp.
INFO: [Physopt 32-702] Processed net Final_Project_i/frogger1_0/U0/frogger1_slave_lite_v1_0_S00_AXI_inst/froggerGraphics/inst_dvid/dc_bias[3]_i_14__0_n_0. Optimizations did not improve timing on the net.
INFO: [Physopt 32-663] Processed net Final_Project_i/frogger1_0/U0/frogger1_slave_lite_v1_0_S00_AXI_inst/froggerGraphics/inst_dvid/dc_bias[3]_i_18_n_0.  Re-placed instance Final_Project_i/frogger1_0/U0/frogger1_slave_lite_v1_0_S00_AXI_inst/froggerGraphics/inst_dvid/dc_bias[3]_i_18
INFO: [Physopt 32-702] Processed net Final_Project_i/frogger1_0/U0/frogger1_slave_lite_v1_0_S00_AXI_inst/froggerGraphics/inst_dvid/dc_bias[3]_i_20_n_0. Optimizations did not improve timing on the net.
INFO: [Physopt 32-608] Optimized 1 net.  Swapped 20 pins.
INFO: [Physopt 32-601] Processed net Final_Project_i/frogger1_0/U0/frogger1_slave_lite_v1_0_S00_AXI_inst/froggerGraphics/Inst_vga/uut2/blue[3]. Net driver Final_Project_i/frogger1_0/U0/frogger1_slave_lite_v1_0_S00_AXI_inst/froggerGraphics/Inst_vga/uut2/i__i_1__3 was replaced.
INFO: [Physopt 32-81] Processed net Final_Project_i/frogger1_0/U0/frogger1_slave_lite_v1_0_S00_AXI_inst/froggerGraphics/Inst_vga/uut2/blue[3]. Replicated 2 times.
INFO: [Physopt 32-702] Processed net Final_Project_i/frogger1_0/U0/frogger1_slave_lite_v1_0_S00_AXI_inst/froggerGraphics/Inst_vga/uut1/red[2]. Optimizations did not improve timing on the net.
INFO: [Physopt 32-663] Processed net Final_Project_i/frogger1_0/U0/frogger1_slave_lite_v1_0_S00_AXI_inst/froggerGraphics/Inst_vga/uut1/i__i_5__10_n_0.  Re-placed instance Final_Project_i/frogger1_0/U0/frogger1_slave_lite_v1_0_S00_AXI_inst/froggerGraphics/Inst_vga/uut1/i__i_5__10
INFO: [Physopt 32-608] Optimized 1 net.  Swapped 17 pins.
INFO: [Physopt 32-702] Processed net Final_Project_i/frogger1_0/U0/frogger1_slave_lite_v1_0_S00_AXI_inst/froggerGraphics/Inst_vga/uut1/green[0]_repN. Optimizations did not improve timing on the net.
INFO: [Physopt 32-710] Processed net Final_Project_i/frogger1_0/U0/frogger1_slave_lite_v1_0_S00_AXI_inst/froggerGraphics/Inst_vga/uut1/green[0]_repN. Critical path length was reduced through logic transformation on cell Final_Project_i/frogger1_0/U0/frogger1_slave_lite_v1_0_S00_AXI_inst/froggerGraphics/Inst_vga/uut1/i__i_1__6_replica_comp.
INFO: [Physopt 32-702] Processed net Final_Project_i/frogger1_0/U0/frogger1_slave_lite_v1_0_S00_AXI_inst/froggerGraphics/Inst_vga/uut1/green[1]. Optimizations did not improve timing on the net.
INFO: [Physopt 32-710] Processed net Final_Project_i/frogger1_0/U0/frogger1_slave_lite_v1_0_S00_AXI_inst/froggerGraphics/Inst_vga/uut1/green[1]. Critical path length was reduced through logic transformation on cell Final_Project_i/frogger1_0/U0/frogger1_slave_lite_v1_0_S00_AXI_inst/froggerGraphics/Inst_vga/uut1/i__i_2__8_comp.
INFO: [Physopt 32-702] Processed net Final_Project_i/frogger1_0/U0/frogger1_slave_lite_v1_0_S00_AXI_inst/froggerGraphics/Inst_vga/uut2/encoded[7]_i_8_n_0. Optimizations did not improve timing on the net.
INFO: [Physopt 32-710] Processed net Final_Project_i/frogger1_0/U0/frogger1_slave_lite_v1_0_S00_AXI_inst/froggerGraphics/Inst_vga/uut2/encoded[7]_i_8_n_0. Critical path length was reduced through logic transformation on cell Final_Project_i/frogger1_0/U0/frogger1_slave_lite_v1_0_S00_AXI_inst/froggerGraphics/Inst_vga/uut2/encoded[7]_i_8_comp.
INFO: [Physopt 32-702] Processed net Final_Project_i/frogger1_0/U0/frogger1_slave_lite_v1_0_S00_AXI_inst/froggerGraphics/Inst_vga/uut2/red[1]. Optimizations did not improve timing on the net.
INFO: [Physopt 32-710] Processed net Final_Project_i/frogger1_0/U0/frogger1_slave_lite_v1_0_S00_AXI_inst/froggerGraphics/Inst_vga/uut2/red[1]. Critical path length was reduced through logic transformation on cell Final_Project_i/frogger1_0/U0/frogger1_slave_lite_v1_0_S00_AXI_inst/froggerGraphics/Inst_vga/uut2/i__i_1__10_comp.
INFO: [Physopt 32-601] Processed net Final_Project_i/frogger1_0/U0/frogger1_slave_lite_v1_0_S00_AXI_inst/froggerGraphics/Inst_vga/uut2/green[2]. Net driver Final_Project_i/frogger1_0/U0/frogger1_slave_lite_v1_0_S00_AXI_inst/froggerGraphics/Inst_vga/uut2/i__i_2__7_comp was replaced.
INFO: [Physopt 32-608] Optimized 1 net.  Swapped 14 pins.
INFO: [Physopt 32-608] Optimized 1 net.  Swapped 16 pins.
INFO: [Physopt 32-702] Processed net Final_Project_i/frogger1_0/U0/frogger1_slave_lite_v1_0_S00_AXI_inst/froggerGraphics/Inst_vga/uut2/green[2]. Optimizations did not improve timing on the net.
INFO: [Physopt 32-710] Processed net Final_Project_i/frogger1_0/U0/frogger1_slave_lite_v1_0_S00_AXI_inst/froggerGraphics/Inst_vga/uut2/green[2]. Critical path length was reduced through logic transformation on cell Final_Project_i/frogger1_0/U0/frogger1_slave_lite_v1_0_S00_AXI_inst/froggerGraphics/Inst_vga/uut2/i__i_2__7_comp_1.
INFO: [Physopt 32-663] Processed net Final_Project_i/frogger1_0/U0/frogger1_slave_lite_v1_0_S00_AXI_inst/froggerGraphics/Inst_vga/uut2/blue[2].  Re-placed instance Final_Project_i/frogger1_0/U0/frogger1_slave_lite_v1_0_S00_AXI_inst/froggerGraphics/Inst_vga/uut2/i__i_1__0_comp
INFO: [Physopt 32-702] Processed net Final_Project_i/frogger1_0/U0/frogger1_slave_lite_v1_0_S00_AXI_inst/froggerGraphics/inst_dvid/i__i_10_n_0. Optimizations did not improve timing on the net.
INFO: [Physopt 32-710] Processed net Final_Project_i/frogger1_0/U0/frogger1_slave_lite_v1_0_S00_AXI_inst/froggerGraphics/inst_dvid/i__i_10_n_0. Critical path length was reduced through logic transformation on cell Final_Project_i/frogger1_0/U0/frogger1_slave_lite_v1_0_S00_AXI_inst/froggerGraphics/inst_dvid/i__i_10_comp.
INFO: [Physopt 32-702] Processed net Final_Project_i/frogger1_0/U0/frogger1_slave_lite_v1_0_S00_AXI_inst/froggerGraphics/Inst_vga/uut2/red[2]. Optimizations did not improve timing on the net.
INFO: [Physopt 32-710] Processed net Final_Project_i/frogger1_0/U0/frogger1_slave_lite_v1_0_S00_AXI_inst/froggerGraphics/Inst_vga/uut2/red[2]. Critical path length was reduced through logic transformation on cell Final_Project_i/frogger1_0/U0/frogger1_slave_lite_v1_0_S00_AXI_inst/froggerGraphics/Inst_vga/uut2/i__i_2__10_comp.
INFO: [Physopt 32-702] Processed net Final_Project_i/frogger1_0/U0/frogger1_slave_lite_v1_0_S00_AXI_inst/froggerGraphics/inst_dvid/i___6_n_0. Optimizations did not improve timing on the net.
INFO: [Physopt 32-601] Processed net Final_Project_i/frogger1_0/U0/frogger1_slave_lite_v1_0_S00_AXI_inst/froggerGraphics/Inst_vga/uut1/red[3]. Net driver Final_Project_i/frogger1_0/U0/frogger1_slave_lite_v1_0_S00_AXI_inst/froggerGraphics/Inst_vga/uut1/i__i_1__12 was replaced.
INFO: [Physopt 32-710] Processed net Final_Project_i/frogger1_0/U0/frogger1_slave_lite_v1_0_S00_AXI_inst/froggerGraphics/inst_dvid/i__i_10_n_0. Critical path length was reduced through logic transformation on cell Final_Project_i/frogger1_0/U0/frogger1_slave_lite_v1_0_S00_AXI_inst/froggerGraphics/inst_dvid/i__i_10_comp_1.
INFO: [Physopt 32-702] Processed net Final_Project_i/frogger1_0/U0/frogger1_slave_lite_v1_0_S00_AXI_inst/froggerGraphics/Inst_vga/uut2/blue[3]_repN_1. Optimizations did not improve timing on the net.
INFO: [Physopt 32-710] Processed net Final_Project_i/frogger1_0/U0/frogger1_slave_lite_v1_0_S00_AXI_inst/froggerGraphics/Inst_vga/uut2/blue[3]_repN_1. Critical path length was reduced through logic transformation on cell Final_Project_i/frogger1_0/U0/frogger1_slave_lite_v1_0_S00_AXI_inst/froggerGraphics/Inst_vga/uut2/i__i_1__3_replica_1_comp.
INFO: [Physopt 32-710] Processed net Final_Project_i/frogger1_0/U0/frogger1_slave_lite_v1_0_S00_AXI_inst/froggerGraphics/inst_dvid/i___6_n_0. Critical path length was reduced through logic transformation on cell Final_Project_i/frogger1_0/U0/frogger1_slave_lite_v1_0_S00_AXI_inst/froggerGraphics/inst_dvid/i___6_comp.
INFO: [Physopt 32-601] Processed net Final_Project_i/frogger1_0/U0/frogger1_slave_lite_v1_0_S00_AXI_inst/froggerGraphics/Inst_vga/uut2/red[0]_repN. Net driver Final_Project_i/frogger1_0/U0/frogger1_slave_lite_v1_0_S00_AXI_inst/froggerGraphics/Inst_vga/uut2/i__i_1__8_replica was replaced.
INFO: [Physopt 32-702] Processed net Final_Project_i/frogger1_0/U0/frogger1_slave_lite_v1_0_S00_AXI_inst/froggerGraphics/Inst_vga/uut2/green[0]. Optimizations did not improve timing on the net.
INFO: [Physopt 32-663] Processed net Final_Project_i/frogger1_0/U0/frogger1_slave_lite_v1_0_S00_AXI_inst/froggerGraphics/Inst_vga/uut2/i__i_5__4_n_0.  Re-placed instance Final_Project_i/frogger1_0/U0/frogger1_slave_lite_v1_0_S00_AXI_inst/froggerGraphics/Inst_vga/uut2/i__i_5__4
INFO: [Physopt 32-702] Processed net Final_Project_i/frogger1_0/U0/frogger1_slave_lite_v1_0_S00_AXI_inst/froggerGraphics/Inst_vga/uut1/i__i_104__6_n_0. Optimizations did not improve timing on the net.
INFO: [Physopt 32-702] Processed net Final_Project_i/frogger1_0/U0/frogger1_slave_lite_v1_0_S00_AXI_inst/froggerGraphics/Inst_vga/uut1/i__i_113__6_n_0. Optimizations did not improve timing on the net.
INFO: [Physopt 32-710] Processed net Final_Project_i/frogger1_0/U0/frogger1_slave_lite_v1_0_S00_AXI_inst/froggerGraphics/Inst_vga/uut1/i__i_113__6_n_0. Critical path length was reduced through logic transformation on cell Final_Project_i/frogger1_0/U0/frogger1_slave_lite_v1_0_S00_AXI_inst/froggerGraphics/Inst_vga/uut1/i__i_113__6_comp.
INFO: [Physopt 32-81] Processed net Final_Project_i/frogger1_0/U0/frogger1_slave_lite_v1_0_S00_AXI_inst/froggerGraphics/Inst_vga/uut1/red[1]. Replicated 1 times.
INFO: [Physopt 32-81] Processed net Final_Project_i/frogger1_0/U0/frogger1_slave_lite_v1_0_S00_AXI_inst/froggerGraphics/Inst_vga/uut2/blue[2]. Replicated 1 times.
INFO: [Physopt 32-702] Processed net Final_Project_i/frogger1_0/U0/frogger1_slave_lite_v1_0_S00_AXI_inst/froggerGraphics/Inst_vga/uut1/blue[1]. Optimizations did not improve timing on the net.
INFO: [Physopt 32-710] Processed net Final_Project_i/frogger1_0/U0/frogger1_slave_lite_v1_0_S00_AXI_inst/froggerGraphics/Inst_vga/uut1/blue[1]. Critical path length was reduced through logic transformation on cell Final_Project_i/frogger1_0/U0/frogger1_slave_lite_v1_0_S00_AXI_inst/froggerGraphics/Inst_vga/uut1/i__i_1__1_comp_1.
INFO: [Physopt 32-710] Processed net Final_Project_i/frogger1_0/U0/frogger1_slave_lite_v1_0_S00_AXI_inst/froggerGraphics/Inst_vga/uut1/red[2]. Critical path length was reduced through logic transformation on cell Final_Project_i/frogger1_0/U0/frogger1_slave_lite_v1_0_S00_AXI_inst/froggerGraphics/Inst_vga/uut1/i__i_2__11_comp.
INFO: [Physopt 32-702] Processed net Final_Project_i/frogger1_0/U0/frogger1_slave_lite_v1_0_S00_AXI_inst/froggerGraphics/Inst_vga/uut2/red[0]_repN. Optimizations did not improve timing on the net.
INFO: [Physopt 32-710] Processed net Final_Project_i/frogger1_0/U0/frogger1_slave_lite_v1_0_S00_AXI_inst/froggerGraphics/Inst_vga/uut2/red[0]_repN. Critical path length was reduced through logic transformation on cell Final_Project_i/frogger1_0/U0/frogger1_slave_lite_v1_0_S00_AXI_inst/froggerGraphics/Inst_vga/uut2/i__i_1__8_replica_comp.
INFO: [Physopt 32-702] Processed net Final_Project_i/frogger1_0/U0/frogger1_slave_lite_v1_0_S00_AXI_inst/froggerGraphics/Inst_vga/uut2/blue[1]. Optimizations did not improve timing on the net.
INFO: [Physopt 32-710] Processed net Final_Project_i/frogger1_0/U0/frogger1_slave_lite_v1_0_S00_AXI_inst/froggerGraphics/Inst_vga/uut2/blue[1]. Critical path length was reduced through logic transformation on cell Final_Project_i/frogger1_0/U0/frogger1_slave_lite_v1_0_S00_AXI_inst/froggerGraphics/Inst_vga/uut2/i__i_2__6_comp.
INFO: [Physopt 32-663] Processed net Final_Project_i/frogger1_0/U0/frogger1_slave_lite_v1_0_S00_AXI_inst/froggerGraphics/Inst_vga/uut1/red[3].  Re-placed instance Final_Project_i/frogger1_0/U0/frogger1_slave_lite_v1_0_S00_AXI_inst/froggerGraphics/Inst_vga/uut1/i__i_1__12
INFO: [Physopt 32-663] Processed net Final_Project_i/frogger1_0/U0/frogger1_slave_lite_v1_0_S00_AXI_inst/froggerGraphics/inst_dvid/i__i_6__3_n_0.  Re-placed instance Final_Project_i/frogger1_0/U0/frogger1_slave_lite_v1_0_S00_AXI_inst/froggerGraphics/inst_dvid/i__i_6__3_comp
INFO: [Physopt 32-702] Processed net Final_Project_i/frogger1_0/U0/frogger1_slave_lite_v1_0_S00_AXI_inst/froggerGraphics/Inst_vga/uut1/encoded[7]_i_42_0. Optimizations did not improve timing on the net.
INFO: [Physopt 32-702] Processed net Final_Project_i/frogger1_0/U0/frogger1_slave_lite_v1_0_S00_AXI_inst/froggerGraphics/Inst_vga/uut1/encoded[7]_i_41_n_0. Optimizations did not improve timing on the net.
INFO: [Physopt 32-702] Processed net Final_Project_i/frogger1_0/U0/frogger1_slave_lite_v1_0_S00_AXI_inst/froggerGraphics/Inst_vga/uut1/encoded_reg[7]_i_51_n_0. Optimizations did not improve timing on the net.
INFO: [Physopt 32-702] Processed net Final_Project_i/frogger1_0/U0/frogger1_slave_lite_v1_0_S00_AXI_inst/froggerGraphics/Inst_vga/uut1/encoded[7]_i_58_n_0. Optimizations did not improve timing on the net.
INFO: [Physopt 32-702] Processed net Final_Project_i/frogger1_0/U0/frogger1_slave_lite_v1_0_S00_AXI_inst/froggerGraphics/Inst_vga/uut1/encoded_reg[7]_i_66_n_0. Optimizations did not improve timing on the net.
INFO: [Physopt 32-702] Processed net Final_Project_i/frogger1_0/U0/frogger1_slave_lite_v1_0_S00_AXI_inst/froggerGraphics/Inst_vga/uut1/encoded[7]_i_76_n_0. Optimizations did not improve timing on the net.
INFO: [Physopt 32-663] Processed net Final_Project_i/frogger1_0/U0/frogger1_slave_lite_v1_0_S00_AXI_inst/froggerGraphics/Inst_vga/uut1/encoded[7]_i_86_n_0.  Re-placed instance Final_Project_i/frogger1_0/U0/frogger1_slave_lite_v1_0_S00_AXI_inst/froggerGraphics/Inst_vga/uut1/encoded[7]_i_86
INFO: [Physopt 32-663] Processed net Final_Project_i/frogger1_0/U0/frogger1_slave_lite_v1_0_S00_AXI_inst/froggerGraphics/Inst_vga/uut1/i__i_6__3_n_0.  Re-placed instance Final_Project_i/frogger1_0/U0/frogger1_slave_lite_v1_0_S00_AXI_inst/froggerGraphics/Inst_vga/uut1/i__i_6__3
INFO: [Physopt 32-702] Processed net Final_Project_i/frogger1_0/U0/frogger1_slave_lite_v1_0_S00_AXI_inst/froggerGraphics/inst_dvid/i__i_6__3_n_0. Optimizations did not improve timing on the net.
INFO: [Physopt 32-710] Processed net Final_Project_i/frogger1_0/U0/frogger1_slave_lite_v1_0_S00_AXI_inst/froggerGraphics/inst_dvid/i__i_6__3_n_0. Critical path length was reduced through logic transformation on cell Final_Project_i/frogger1_0/U0/frogger1_slave_lite_v1_0_S00_AXI_inst/froggerGraphics/inst_dvid/i__i_6__3_comp_1.
INFO: [Physopt 32-702] Processed net Final_Project_i/frogger1_0/U0/frogger1_slave_lite_v1_0_S00_AXI_inst/froggerGraphics/Inst_vga/uut1/encoded[7]_i_86_n_0. Optimizations did not improve timing on the net.
INFO: [Physopt 32-710] Processed net Final_Project_i/frogger1_0/U0/frogger1_slave_lite_v1_0_S00_AXI_inst/froggerGraphics/Inst_vga/uut1/encoded[7]_i_86_n_0. Critical path length was reduced through logic transformation on cell Final_Project_i/frogger1_0/U0/frogger1_slave_lite_v1_0_S00_AXI_inst/froggerGraphics/Inst_vga/uut1/encoded[7]_i_86_comp.
INFO: [Physopt 32-702] Processed net Final_Project_i/frogger1_0/U0/frogger1_slave_lite_v1_0_S00_AXI_inst/froggerGraphics/inst_dvid/i__i_11_n_0. Optimizations did not improve timing on the net.
INFO: [Physopt 32-702] Processed net Final_Project_i/frogger1_0/U0/frogger1_slave_lite_v1_0_S00_AXI_inst/froggerGraphics/Inst_vga/uut1/red[1]_repN. Optimizations did not improve timing on the net.
INFO: [Physopt 32-710] Processed net Final_Project_i/frogger1_0/U0/frogger1_slave_lite_v1_0_S00_AXI_inst/froggerGraphics/Inst_vga/uut1/red[1]_repN. Critical path length was reduced through logic transformation on cell Final_Project_i/frogger1_0/U0/frogger1_slave_lite_v1_0_S00_AXI_inst/froggerGraphics/Inst_vga/uut1/i__i_1__11_replica_comp.
INFO: [Physopt 32-702] Processed net Final_Project_i/frogger1_0/U0/frogger1_slave_lite_v1_0_S00_AXI_inst/froggerGraphics/Inst_vga/uut1/red[4]_repN. Optimizations did not improve timing on the net.
INFO: [Physopt 32-710] Processed net Final_Project_i/frogger1_0/U0/frogger1_slave_lite_v1_0_S00_AXI_inst/froggerGraphics/Inst_vga/uut1/red[4]_repN. Critical path length was reduced through logic transformation on cell Final_Project_i/frogger1_0/U0/frogger1_slave_lite_v1_0_S00_AXI_inst/froggerGraphics/Inst_vga/uut1/i__i_2__12_replica_comp.
INFO: [Physopt 32-702] Processed net Final_Project_i/frogger1_0/U0/frogger1_slave_lite_v1_0_S00_AXI_inst/froggerGraphics/Inst_vga/uut1/red[3]. Optimizations did not improve timing on the net.
INFO: [Physopt 32-710] Processed net Final_Project_i/frogger1_0/U0/frogger1_slave_lite_v1_0_S00_AXI_inst/froggerGraphics/Inst_vga/uut1/red[3]. Critical path length was reduced through logic transformation on cell Final_Project_i/frogger1_0/U0/frogger1_slave_lite_v1_0_S00_AXI_inst/froggerGraphics/Inst_vga/uut1/i__i_1__12_comp.
INFO: [Physopt 32-702] Processed net Final_Project_i/frogger1_0/U0/frogger1_slave_lite_v1_0_S00_AXI_inst/froggerGraphics/inst_dvid/dc_bias[3]_i_16__0_n_0. Optimizations did not improve timing on the net.
INFO: [Physopt 32-710] Processed net Final_Project_i/frogger1_0/U0/frogger1_slave_lite_v1_0_S00_AXI_inst/froggerGraphics/inst_dvid/dc_bias[3]_i_16__0_n_0. Critical path length was reduced through logic transformation on cell Final_Project_i/frogger1_0/U0/frogger1_slave_lite_v1_0_S00_AXI_inst/froggerGraphics/inst_dvid/dc_bias[3]_i_16__0_comp.
INFO: [Physopt 32-663] Processed net Final_Project_i/frogger1_0/U0/frogger1_slave_lite_v1_0_S00_AXI_inst/froggerGraphics/Inst_vga/uut2/green[1].  Re-placed instance Final_Project_i/frogger1_0/U0/frogger1_slave_lite_v1_0_S00_AXI_inst/froggerGraphics/Inst_vga/uut2/i__i_1__7_comp
INFO: [Physopt 32-663] Processed net Final_Project_i/frogger1_0/U0/frogger1_slave_lite_v1_0_S00_AXI_inst/froggerGraphics/Inst_vga/uut1/red[1].  Re-placed instance Final_Project_i/frogger1_0/U0/frogger1_slave_lite_v1_0_S00_AXI_inst/froggerGraphics/Inst_vga/uut1/i__i_1__11
INFO: [Physopt 32-663] Processed net Final_Project_i/frogger1_0/U0/frogger1_slave_lite_v1_0_S00_AXI_inst/froggerGraphics/Inst_vga/uut1/i__i_6__3_n_0.  Re-placed instance Final_Project_i/frogger1_0/U0/frogger1_slave_lite_v1_0_S00_AXI_inst/froggerGraphics/Inst_vga/uut1/i__i_6__3
INFO: [Physopt 32-710] Processed net Final_Project_i/frogger1_0/U0/frogger1_slave_lite_v1_0_S00_AXI_inst/froggerGraphics/Inst_vga/uut1/green[3]. Critical path length was reduced through logic transformation on cell Final_Project_i/frogger1_0/U0/frogger1_slave_lite_v1_0_S00_AXI_inst/froggerGraphics/Inst_vga/uut1/i__i_3__11_comp_1.
INFO: [Physopt 32-702] Processed net Final_Project_i/frogger1_0/U0/frogger1_slave_lite_v1_0_S00_AXI_inst/froggerGraphics/Inst_vga/uut2/green[1]. Optimizations did not improve timing on the net.
INFO: [Physopt 32-710] Processed net Final_Project_i/frogger1_0/U0/frogger1_slave_lite_v1_0_S00_AXI_inst/froggerGraphics/Inst_vga/uut2/green[1]. Critical path length was reduced through logic transformation on cell Final_Project_i/frogger1_0/U0/frogger1_slave_lite_v1_0_S00_AXI_inst/froggerGraphics/Inst_vga/uut2/i__i_1__7_comp_1.
INFO: [Physopt 32-663] Processed net Final_Project_i/frogger1_0/U0/frogger1_slave_lite_v1_0_S00_AXI_inst/froggerGraphics/Inst_vga/uut2/blue[3]_repN.  Re-placed instance Final_Project_i/frogger1_0/U0/frogger1_slave_lite_v1_0_S00_AXI_inst/froggerGraphics/Inst_vga/uut2/i__i_1__3_replica
INFO: [Physopt 32-702] Processed net Final_Project_i/frogger1_0/U0/frogger1_slave_lite_v1_0_S00_AXI_inst/froggerGraphics/Inst_vga/uut2/blue[2]_repN. Optimizations did not improve timing on the net.
INFO: [Physopt 32-710] Processed net Final_Project_i/frogger1_0/U0/frogger1_slave_lite_v1_0_S00_AXI_inst/froggerGraphics/Inst_vga/uut2/blue[2]_repN. Critical path length was reduced through logic transformation on cell Final_Project_i/frogger1_0/U0/frogger1_slave_lite_v1_0_S00_AXI_inst/froggerGraphics/Inst_vga/uut2/i__i_1__0_comp_3.
INFO: [Physopt 32-663] Processed net Final_Project_i/frogger1_0/U0/frogger1_slave_lite_v1_0_S00_AXI_inst/froggerGraphics/Inst_vga/uut1/uut3/current_color[7].  Re-placed instance Final_Project_i/frogger1_0/U0/frogger1_slave_lite_v1_0_S00_AXI_inst/froggerGraphics/Inst_vga/uut1/i__i_134__3
INFO: [Physopt 32-663] Processed net Final_Project_i/frogger1_0/U0/frogger1_slave_lite_v1_0_S00_AXI_inst/froggerGraphics/Inst_vga/uut2/i__i_13__12_n_0.  Re-placed instance Final_Project_i/frogger1_0/U0/frogger1_slave_lite_v1_0_S00_AXI_inst/froggerGraphics/Inst_vga/uut2/i__i_13__12
INFO: [Physopt 32-81] Processed net Final_Project_i/frogger1_0/U0/frogger1_slave_lite_v1_0_S00_AXI_inst/froggerGraphics/Inst_vga/uut1/blue[0]_repN. Replicated 1 times.
INFO: [Physopt 32-663] Processed net Final_Project_i/frogger1_0/U0/frogger1_slave_lite_v1_0_S00_AXI_inst/froggerGraphics/inst_dvid/i__i_5__2_n_0.  Re-placed instance Final_Project_i/frogger1_0/U0/frogger1_slave_lite_v1_0_S00_AXI_inst/froggerGraphics/inst_dvid/i__i_5__2_comp
INFO: [Physopt 32-702] Processed net Final_Project_i/frogger1_0/U0/frogger1_slave_lite_v1_0_S00_AXI_inst/froggerGraphics/Inst_vga/uut2/blue[3]_repN. Optimizations did not improve timing on the net.
INFO: [Physopt 32-710] Processed net Final_Project_i/frogger1_0/U0/frogger1_slave_lite_v1_0_S00_AXI_inst/froggerGraphics/Inst_vga/uut2/blue[3]_repN. Critical path length was reduced through logic transformation on cell Final_Project_i/frogger1_0/U0/frogger1_slave_lite_v1_0_S00_AXI_inst/froggerGraphics/Inst_vga/uut2/i__i_1__3_replica_comp.
INFO: [Physopt 32-710] Processed net Final_Project_i/frogger1_0/U0/frogger1_slave_lite_v1_0_S00_AXI_inst/froggerGraphics/Inst_vga/uut1/green[2]. Critical path length was reduced through logic transformation on cell Final_Project_i/frogger1_0/U0/frogger1_slave_lite_v1_0_S00_AXI_inst/froggerGraphics/Inst_vga/uut1/i__i_2__9_comp_1.
INFO: [Physopt 32-663] Processed net Final_Project_i/frogger1_0/U0/frogger1_slave_lite_v1_0_S00_AXI_inst/froggerGraphics/Inst_vga/uut1/i__i_11__3_n_0.  Re-placed instance Final_Project_i/frogger1_0/U0/frogger1_slave_lite_v1_0_S00_AXI_inst/froggerGraphics/Inst_vga/uut1/i__i_11__3
INFO: [Physopt 32-710] Processed net Final_Project_i/frogger1_0/U0/frogger1_slave_lite_v1_0_S00_AXI_inst/froggerGraphics/Inst_vga/uut2/blue[1]. Critical path length was reduced through logic transformation on cell Final_Project_i/frogger1_0/U0/frogger1_slave_lite_v1_0_S00_AXI_inst/froggerGraphics/Inst_vga/uut2/i__i_2__6_comp_1.
INFO: [Physopt 32-702] Processed net Final_Project_i/frogger1_0/U0/frogger1_slave_lite_v1_0_S00_AXI_inst/froggerGraphics/inst_dvid/i__i_5__2_n_0. Optimizations did not improve timing on the net.
INFO: [Physopt 32-710] Processed net Final_Project_i/frogger1_0/U0/frogger1_slave_lite_v1_0_S00_AXI_inst/froggerGraphics/Inst_vga/uut1/blue[2]. Critical path length was reduced through logic transformation on cell Final_Project_i/frogger1_0/U0/frogger1_slave_lite_v1_0_S00_AXI_inst/froggerGraphics/Inst_vga/uut1/i__i_1__2_comp_1.
INFO: [Physopt 32-710] Processed net Final_Project_i/frogger1_0/U0/frogger1_slave_lite_v1_0_S00_AXI_inst/froggerGraphics/Inst_vga/uut2/green[0]. Critical path length was reduced through logic transformation on cell Final_Project_i/frogger1_0/U0/frogger1_slave_lite_v1_0_S00_AXI_inst/froggerGraphics/Inst_vga/uut2/i__i_1__5_comp.
INFO: [Physopt 32-702] Processed net Final_Project_i/frogger1_0/U0/frogger1_slave_lite_v1_0_S00_AXI_inst/froggerGraphics/Inst_vga/uut1/red[0]. Optimizations did not improve timing on the net.
INFO: [Physopt 32-710] Processed net Final_Project_i/frogger1_0/U0/frogger1_slave_lite_v1_0_S00_AXI_inst/froggerGraphics/Inst_vga/uut1/red[0]. Critical path length was reduced through logic transformation on cell Final_Project_i/frogger1_0/U0/frogger1_slave_lite_v1_0_S00_AXI_inst/froggerGraphics/Inst_vga/uut1/i__i_1__9_comp.
INFO: [Physopt 32-710] Processed net Final_Project_i/frogger1_0/U0/frogger1_slave_lite_v1_0_S00_AXI_inst/froggerGraphics/inst_dvid/i___6_n_0. Critical path length was reduced through logic transformation on cell Final_Project_i/frogger1_0/U0/frogger1_slave_lite_v1_0_S00_AXI_inst/froggerGraphics/inst_dvid/i___6_comp_1.
INFO: [Physopt 32-710] Processed net Final_Project_i/frogger1_0/U0/frogger1_slave_lite_v1_0_S00_AXI_inst/froggerGraphics/Inst_vga/uut2/red[1]. Critical path length was reduced through logic transformation on cell Final_Project_i/frogger1_0/U0/frogger1_slave_lite_v1_0_S00_AXI_inst/froggerGraphics/Inst_vga/uut2/i__i_1__10_comp_1.
INFO: [Physopt 32-710] Processed net Final_Project_i/frogger1_0/U0/frogger1_slave_lite_v1_0_S00_AXI_inst/froggerGraphics/Inst_vga/uut1/red[2]. Critical path length was reduced through logic transformation on cell Final_Project_i/frogger1_0/U0/frogger1_slave_lite_v1_0_S00_AXI_inst/froggerGraphics/Inst_vga/uut1/i__i_2__11_comp_1.
INFO: [Physopt 32-608] Optimized 1 net.  Swapped 20 pins.
INFO: [Physopt 32-663] Processed net Final_Project_i/frogger1_0/U0/frogger1_slave_lite_v1_0_S00_AXI_inst/froggerGraphics/Inst_vga/uut1/i__i_5__8_n_0.  Re-placed instance Final_Project_i/frogger1_0/U0/frogger1_slave_lite_v1_0_S00_AXI_inst/froggerGraphics/Inst_vga/uut1/i__i_5__8
INFO: [Physopt 32-710] Processed net Final_Project_i/frogger1_0/U0/frogger1_slave_lite_v1_0_S00_AXI_inst/froggerGraphics/Inst_vga/uut2/red[2]. Critical path length was reduced through logic transformation on cell Final_Project_i/frogger1_0/U0/frogger1_slave_lite_v1_0_S00_AXI_inst/froggerGraphics/Inst_vga/uut2/i__i_2__10_comp_1.
INFO: [Physopt 32-702] Processed net Final_Project_i/frogger1_0/U0/frogger1_slave_lite_v1_0_S00_AXI_inst/froggerGraphics/Inst_vga/uut1/i__i_12__6_n_0. Optimizations did not improve timing on the net.
INFO: [Physopt 32-702] Processed net Final_Project_i/frogger1_0/U0/frogger1_slave_lite_v1_0_S00_AXI_inst/froggerGraphics/Inst_vga/uut1/i__i_26__4_n_0. Optimizations did not improve timing on the net.
INFO: [Physopt 32-663] Processed net Final_Project_i/frogger1_0/U0/frogger1_slave_lite_v1_0_S00_AXI_inst/froggerGraphics/Inst_vga/uut1/i__i_49__1_n_0.  Re-placed instance Final_Project_i/frogger1_0/U0/frogger1_slave_lite_v1_0_S00_AXI_inst/froggerGraphics/Inst_vga/uut1/i__i_49__1
INFO: [Physopt 32-710] Processed net Final_Project_i/frogger1_0/U0/frogger1_slave_lite_v1_0_S00_AXI_inst/froggerGraphics/Inst_vga/uut1/encoded[7]_i_86_n_0. Critical path length was reduced through logic transformation on cell Final_Project_i/frogger1_0/U0/frogger1_slave_lite_v1_0_S00_AXI_inst/froggerGraphics/Inst_vga/uut1/encoded[7]_i_86_comp_1.
INFO: [Physopt 32-663] Processed net Final_Project_i/frogger1_0/U0/frogger1_slave_lite_v1_0_S00_AXI_inst/froggerGraphics/Inst_vga/uut2/i__i_12__5_n_0.  Re-placed instance Final_Project_i/frogger1_0/U0/frogger1_slave_lite_v1_0_S00_AXI_inst/froggerGraphics/Inst_vga/uut2/i__i_12__5
INFO: [Physopt 32-663] Processed net Final_Project_i/frogger1_0/U0/frogger1_slave_lite_v1_0_S00_AXI_inst/froggerGraphics/Inst_vga/uut2/i__i_2__1_n_0.  Re-placed instance Final_Project_i/frogger1_0/U0/frogger1_slave_lite_v1_0_S00_AXI_inst/froggerGraphics/Inst_vga/uut2/i__i_2__1
INFO: [Physopt 32-663] Processed net Final_Project_i/frogger1_0/U0/frogger1_slave_lite_v1_0_S00_AXI_inst/froggerGraphics/Inst_vga/uut1/i__i_7__8_n_0.  Re-placed instance Final_Project_i/frogger1_0/U0/frogger1_slave_lite_v1_0_S00_AXI_inst/froggerGraphics/Inst_vga/uut1/i__i_7__8
INFO: [Physopt 32-702] Processed net Final_Project_i/frogger1_0/U0/frogger1_slave_lite_v1_0_S00_AXI_inst/froggerGraphics/inst_dvid/i__i_1_n_0. Optimizations did not improve timing on the net.
INFO: [Physopt 32-663] Processed net Final_Project_i/frogger1_0/U0/frogger1_slave_lite_v1_0_S00_AXI_inst/froggerGraphics/inst_dvid/i__i_6_n_0_repN_1.  Re-placed instance Final_Project_i/frogger1_0/U0/frogger1_slave_lite_v1_0_S00_AXI_inst/froggerGraphics/inst_dvid/i__i_6_comp_1
INFO: [Physopt 32-710] Processed net Final_Project_i/frogger1_0/U0/frogger1_slave_lite_v1_0_S00_AXI_inst/froggerGraphics/Inst_vga/uut1/green[1]. Critical path length was reduced through logic transformation on cell Final_Project_i/frogger1_0/U0/frogger1_slave_lite_v1_0_S00_AXI_inst/froggerGraphics/Inst_vga/uut1/i__i_2__8_comp_1.
INFO: [Physopt 32-663] Processed net Final_Project_i/frogger1_0/U0/frogger1_slave_lite_v1_0_S00_AXI_inst/froggerGraphics/Inst_vga/uut1/i__i_7__8_n_0.  Re-placed instance Final_Project_i/frogger1_0/U0/frogger1_slave_lite_v1_0_S00_AXI_inst/froggerGraphics/Inst_vga/uut1/i__i_7__8
INFO: [Physopt 32-702] Processed net Final_Project_i/frogger1_0/U0/frogger1_slave_lite_v1_0_S00_AXI_inst/froggerGraphics/Inst_vga/uut2/i__i_60__7_0. Optimizations did not improve timing on the net.
INFO: [Physopt 32-702] Processed net Final_Project_i/frogger1_0/U0/frogger1_slave_lite_v1_0_S00_AXI_inst/froggerGraphics/Inst_vga/uut2/i__i_59__2_n_0. Optimizations did not improve timing on the net.
INFO: [Physopt 32-702] Processed net Final_Project_i/frogger1_0/U0/frogger1_slave_lite_v1_0_S00_AXI_inst/froggerGraphics/Inst_vga/uut1/i__i_120__2_0. Optimizations did not improve timing on the net.
INFO: [Physopt 32-710] Processed net Final_Project_i/frogger1_0/U0/frogger1_slave_lite_v1_0_S00_AXI_inst/froggerGraphics/Inst_vga/uut1/i__i_120__2_0. Critical path length was reduced through logic transformation on cell Final_Project_i/frogger1_0/U0/frogger1_slave_lite_v1_0_S00_AXI_inst/froggerGraphics/Inst_vga/uut1/i__i_90__1_comp.
INFO: [Physopt 32-702] Processed net Final_Project_i/frogger1_0/U0/frogger1_slave_lite_v1_0_S00_AXI_inst/froggerGraphics/Inst_vga/uut1/i__i_49__1_n_0. Optimizations did not improve timing on the net.
INFO: [Physopt 32-663] Processed net Final_Project_i/frogger1_0/U0/frogger1_slave_lite_v1_0_S00_AXI_inst/froggerGraphics/Inst_vga/uut1/i__i_62__5_n_0.  Re-placed instance Final_Project_i/frogger1_0/U0/frogger1_slave_lite_v1_0_S00_AXI_inst/froggerGraphics/Inst_vga/uut1/i__i_62__5
INFO: [Physopt 32-710] Processed net Final_Project_i/frogger1_0/U0/frogger1_slave_lite_v1_0_S00_AXI_inst/froggerGraphics/Inst_vga/uut1/green[0]_repN. Critical path length was reduced through logic transformation on cell Final_Project_i/frogger1_0/U0/frogger1_slave_lite_v1_0_S00_AXI_inst/froggerGraphics/Inst_vga/uut1/i__i_1__6_replica_comp_1.
INFO: [Physopt 32-710] Processed net Final_Project_i/frogger1_0/U0/frogger1_slave_lite_v1_0_S00_AXI_inst/froggerGraphics/Inst_vga/uut1/red[0]. Critical path length was reduced through logic transformation on cell Final_Project_i/frogger1_0/U0/frogger1_slave_lite_v1_0_S00_AXI_inst/froggerGraphics/Inst_vga/uut1/i__i_1__9_comp_1.
INFO: [Physopt 32-710] Processed net Final_Project_i/frogger1_0/U0/frogger1_slave_lite_v1_0_S00_AXI_inst/froggerGraphics/inst_dvid/i__i_10_n_0. Critical path length was reduced through logic transformation on cell Final_Project_i/frogger1_0/U0/frogger1_slave_lite_v1_0_S00_AXI_inst/froggerGraphics/inst_dvid/i__i_10_comp.
INFO: [Physopt 32-663] Processed net Final_Project_i/frogger1_0/U0/frogger1_slave_lite_v1_0_S00_AXI_inst/froggerGraphics/Inst_vga/uut1/blue[0]_repN.  Re-placed instance Final_Project_i/frogger1_0/U0/frogger1_slave_lite_v1_0_S00_AXI_inst/froggerGraphics/Inst_vga/uut1/i__i_1_replica_comp
INFO: [Physopt 32-81] Processed net Final_Project_i/frogger1_0/U0/frogger1_slave_lite_v1_0_S00_AXI_inst/froggerGraphics/Inst_vga/uut2/blue[2]. Replicated 1 times.
INFO: [Physopt 32-702] Processed net Final_Project_i/frogger1_0/U0/frogger1_slave_lite_v1_0_S00_AXI_inst/froggerGraphics/Inst_vga/uut1/i__i_12__7_n_0. Optimizations did not improve timing on the net.
INFO: [Physopt 32-702] Processed net Final_Project_i/frogger1_0/U0/frogger1_slave_lite_v1_0_S00_AXI_inst/froggerGraphics/Inst_vga/uut1/i__i_28__8_n_0. Optimizations did not improve timing on the net.
INFO: [Physopt 32-702] Processed net Final_Project_i/frogger1_0/U0/frogger1_slave_lite_v1_0_S00_AXI_inst/froggerGraphics/Inst_vga/uut1/i__i_44__4_n_0. Optimizations did not improve timing on the net.
INFO: [Physopt 32-702] Processed net Final_Project_i/frogger1_0/U0/frogger1_slave_lite_v1_0_S00_AXI_inst/froggerGraphics/Inst_vga/uut1/i__i_56__6_n_0. Optimizations did not improve timing on the net.
INFO: [Physopt 32-710] Processed net Final_Project_i/frogger1_0/U0/frogger1_slave_lite_v1_0_S00_AXI_inst/froggerGraphics/Inst_vga/uut1/i__i_56__6_n_0. Critical path length was reduced through logic transformation on cell Final_Project_i/frogger1_0/U0/frogger1_slave_lite_v1_0_S00_AXI_inst/froggerGraphics/Inst_vga/uut1/i__i_56__6_comp.
INFO: [Physopt 32-702] Processed net Final_Project_i/frogger1_0/U0/frogger1_slave_lite_v1_0_S00_AXI_inst/froggerGraphics/Inst_vga/uut2/blue[2]. Optimizations did not improve timing on the net.
INFO: [Physopt 32-710] Processed net Final_Project_i/frogger1_0/U0/frogger1_slave_lite_v1_0_S00_AXI_inst/froggerGraphics/Inst_vga/uut2/blue[2]. Critical path length was reduced through logic transformation on cell Final_Project_i/frogger1_0/U0/frogger1_slave_lite_v1_0_S00_AXI_inst/froggerGraphics/Inst_vga/uut2/i__i_1__0_comp_4.
INFO: [Physopt 32-663] Processed net Final_Project_i/frogger1_0/U0/frogger1_slave_lite_v1_0_S00_AXI_inst/froggerGraphics/Inst_vga/uut2/i__i_13__15_0.  Re-placed instance Final_Project_i/frogger1_0/U0/frogger1_slave_lite_v1_0_S00_AXI_inst/froggerGraphics/Inst_vga/uut2/i__i_6__5
INFO: [Physopt 32-710] Processed net Final_Project_i/frogger1_0/U0/frogger1_slave_lite_v1_0_S00_AXI_inst/froggerGraphics/inst_dvid/i__i_5__2_n_0. Critical path length was reduced through logic transformation on cell Final_Project_i/frogger1_0/U0/frogger1_slave_lite_v1_0_S00_AXI_inst/froggerGraphics/inst_dvid/i__i_5__2_comp_1.
INFO: [Physopt 32-710] Processed net Final_Project_i/frogger1_0/U0/frogger1_slave_lite_v1_0_S00_AXI_inst/froggerGraphics/Inst_vga/uut2/blue[3]_repN_1. Critical path length was reduced through logic transformation on cell Final_Project_i/frogger1_0/U0/frogger1_slave_lite_v1_0_S00_AXI_inst/froggerGraphics/Inst_vga/uut2/i__i_1__3_replica_1_comp_1.
INFO: [Physopt 32-702] Processed net Final_Project_i/frogger1_0/U0/frogger1_slave_lite_v1_0_S00_AXI_inst/froggerGraphics/Inst_vga/uut2/i__i_5__0_n_0. Optimizations did not improve timing on the net.
INFO: [Physopt 32-710] Processed net Final_Project_i/frogger1_0/U0/frogger1_slave_lite_v1_0_S00_AXI_inst/froggerGraphics/Inst_vga/uut2/i__i_5__0_n_0. Critical path length was reduced through logic transformation on cell Final_Project_i/frogger1_0/U0/frogger1_slave_lite_v1_0_S00_AXI_inst/froggerGraphics/Inst_vga/uut2/i__i_5__0_comp_2.
INFO: [Physopt 32-710] Processed net Final_Project_i/frogger1_0/U0/frogger1_slave_lite_v1_0_S00_AXI_inst/froggerGraphics/Inst_vga/uut1/red[4]_repN. Critical path length was reduced through logic transformation on cell Final_Project_i/frogger1_0/U0/frogger1_slave_lite_v1_0_S00_AXI_inst/froggerGraphics/Inst_vga/uut1/i__i_2__12_replica_comp_1.
INFO: [Physopt 32-702] Processed net Final_Project_i/frogger1_0/U0/frogger1_slave_lite_v1_0_S00_AXI_inst/froggerGraphics/Inst_vga/uut1/blue[0]_repN. Optimizations did not improve timing on the net.
INFO: [Physopt 32-710] Processed net Final_Project_i/frogger1_0/U0/frogger1_slave_lite_v1_0_S00_AXI_inst/froggerGraphics/Inst_vga/uut1/blue[0]_repN. Critical path length was reduced through logic transformation on cell Final_Project_i/frogger1_0/U0/frogger1_slave_lite_v1_0_S00_AXI_inst/froggerGraphics/Inst_vga/uut1/i__i_1_replica_comp_1.
INFO: [Physopt 32-608] Optimized 1 net.  Swapped 20 pins.
INFO: [Physopt 32-663] Processed net Final_Project_i/frogger1_0/U0/frogger1_slave_lite_v1_0_S00_AXI_inst/froggerGraphics/Inst_vga/uut1/i__i_4__5_n_0.  Re-placed instance Final_Project_i/frogger1_0/U0/frogger1_slave_lite_v1_0_S00_AXI_inst/froggerGraphics/Inst_vga/uut1/i__i_4__5
INFO: [Physopt 32-663] Processed net Final_Project_i/frogger1_0/U0/frogger1_slave_lite_v1_0_S00_AXI_inst/froggerGraphics/inst_dvid/i__i_6_n_0_repN.  Re-placed instance Final_Project_i/frogger1_0/U0/frogger1_slave_lite_v1_0_S00_AXI_inst/froggerGraphics/inst_dvid/i__i_6_comp
INFO: [Physopt 32-81] Processed net Final_Project_i/frogger1_0/U0/frogger1_slave_lite_v1_0_S00_AXI_inst/froggerGraphics/inst_dvid/i__i_6_n_0_repN. Replicated 1 times.
INFO: [Physopt 32-710] Processed net Final_Project_i/frogger1_0/U0/frogger1_slave_lite_v1_0_S00_AXI_inst/froggerGraphics/Inst_vga/uut1/i__i_49__1_n_0. Critical path length was reduced through logic transformation on cell Final_Project_i/frogger1_0/U0/frogger1_slave_lite_v1_0_S00_AXI_inst/froggerGraphics/Inst_vga/uut1/i__i_49__1_comp.
INFO: [Physopt 32-710] Processed net Final_Project_i/frogger1_0/U0/frogger1_slave_lite_v1_0_S00_AXI_inst/froggerGraphics/Inst_vga/uut1/i__i_113__6_n_0. Critical path length was reduced through logic transformation on cell Final_Project_i/frogger1_0/U0/frogger1_slave_lite_v1_0_S00_AXI_inst/froggerGraphics/Inst_vga/uut1/i__i_113__6_comp_1.
INFO: [Physopt 32-710] Processed net Final_Project_i/frogger1_0/U0/frogger1_slave_lite_v1_0_S00_AXI_inst/froggerGraphics/inst_dvid/i___6_n_0. Critical path length was reduced through logic transformation on cell Final_Project_i/frogger1_0/U0/frogger1_slave_lite_v1_0_S00_AXI_inst/froggerGraphics/inst_dvid/i___6_comp.
INFO: [Physopt 32-710] Processed net Final_Project_i/frogger1_0/U0/frogger1_slave_lite_v1_0_S00_AXI_inst/froggerGraphics/Inst_vga/uut2/red[0]_repN. Critical path length was reduced through logic transformation on cell Final_Project_i/frogger1_0/U0/frogger1_slave_lite_v1_0_S00_AXI_inst/froggerGraphics/Inst_vga/uut2/i__i_1__8_replica_comp_1.
INFO: [Physopt 32-608] Optimized 1 net.  Swapped 20 pins.
INFO: [Physopt 32-702] Processed net Final_Project_i/frogger1_0/U0/frogger1_slave_lite_v1_0_S00_AXI_inst/froggerGraphics/inst_dvid/i___20_n_0. Optimizations did not improve timing on the net.
INFO: [Physopt 32-608] Optimized 1 net.  Swapped 17 pins.
INFO: [Physopt 32-663] Processed net Final_Project_i/frogger1_0/U0/frogger1_slave_lite_v1_0_S00_AXI_inst/froggerGraphics/inst_dvid/i__i_5_n_0_repN.  Re-placed instance Final_Project_i/frogger1_0/U0/frogger1_slave_lite_v1_0_S00_AXI_inst/froggerGraphics/inst_dvid/i__i_5_comp_1
INFO: [Physopt 32-710] Processed net Final_Project_i/frogger1_0/U0/frogger1_slave_lite_v1_0_S00_AXI_inst/froggerGraphics/Inst_vga/uut2/blue[0]. Critical path length was reduced through logic transformation on cell Final_Project_i/frogger1_0/U0/frogger1_slave_lite_v1_0_S00_AXI_inst/froggerGraphics/Inst_vga/uut2/i__i_3__10_comp_1.
INFO: [Physopt 32-710] Processed net Final_Project_i/frogger1_0/U0/frogger1_slave_lite_v1_0_S00_AXI_inst/froggerGraphics/Inst_vga/uut1/i__i_120__2_0. Critical path length was reduced through logic transformation on cell Final_Project_i/frogger1_0/U0/frogger1_slave_lite_v1_0_S00_AXI_inst/froggerGraphics/Inst_vga/uut1/i__i_90__1_comp_1.
INFO: [Physopt 32-702] Processed net Final_Project_i/frogger1_0/U0/frogger1_slave_lite_v1_0_S00_AXI_inst/froggerGraphics/Inst_vga/uut2/i__i_13__12_n_0. Optimizations did not improve timing on the net.
INFO: [Physopt 32-702] Processed net Final_Project_i/frogger1_0/U0/frogger1_slave_lite_v1_0_S00_AXI_inst/froggerGraphics/Inst_vga/uut2/i__i_27__2_n_0. Optimizations did not improve timing on the net.
INFO: [Physopt 32-702] Processed net Final_Project_i/frogger1_0/U0/frogger1_slave_lite_v1_0_S00_AXI_inst/froggerGraphics/Inst_vga/uut2/i__i_56__1_n_0. Optimizations did not improve timing on the net.
INFO: [Physopt 32-702] Processed net Final_Project_i/frogger1_0/U0/frogger1_slave_lite_v1_0_S00_AXI_inst/froggerGraphics/Inst_vga/uut1/i__i_145_0. Optimizations did not improve timing on the net.
INFO: [Physopt 32-702] Processed net Final_Project_i/frogger1_0/U0/frogger1_slave_lite_v1_0_S00_AXI_inst/froggerGraphics/Inst_vga/uut1/i__i_145_n_0. Optimizations did not improve timing on the net.
INFO: [Physopt 32-702] Processed net Final_Project_i/frogger1_0/U0/frogger1_slave_lite_v1_0_S00_AXI_inst/froggerGraphics/Inst_vga/uut1/i__i_176_n_0. Optimizations did not improve timing on the net.
INFO: [Physopt 32-702] Processed net Final_Project_i/frogger1_0/U0/frogger1_slave_lite_v1_0_S00_AXI_inst/froggerGraphics/Inst_vga/uut1/i__i_207__0_n_0. Optimizations did not improve timing on the net.
INFO: [Physopt 32-710] Processed net Final_Project_i/frogger1_0/U0/frogger1_slave_lite_v1_0_S00_AXI_inst/froggerGraphics/Inst_vga/uut1/i__i_207__0_n_0. Critical path length was reduced through logic transformation on cell Final_Project_i/frogger1_0/U0/frogger1_slave_lite_v1_0_S00_AXI_inst/froggerGraphics/Inst_vga/uut1/i__i_207__0_comp.
INFO: [Physopt 32-663] Processed net Final_Project_i/frogger1_0/U0/frogger1_slave_lite_v1_0_S00_AXI_inst/froggerGraphics/Inst_vga/uut2/i__i_18__5_0.  Re-placed instance Final_Project_i/frogger1_0/U0/frogger1_slave_lite_v1_0_S00_AXI_inst/froggerGraphics/Inst_vga/uut2/i__i_8__13
INFO: [Physopt 32-608] Optimized 1 net.  Swapped 17 pins.
INFO: [Physopt 32-663] Processed net Final_Project_i/frogger1_0/U0/frogger1_slave_lite_v1_0_S00_AXI_inst/froggerGraphics/inst_dvid/i__i_1__2_n_0_repN.  Re-placed instance Final_Project_i/frogger1_0/U0/frogger1_slave_lite_v1_0_S00_AXI_inst/froggerGraphics/inst_dvid/i__i_1__2_comp
INFO: [Physopt 32-702] Processed net Final_Project_i/frogger1_0/U0/frogger1_slave_lite_v1_0_S00_AXI_inst/froggerGraphics/Inst_vga/uut2/i__i_24__0_n_0. Optimizations did not improve timing on the net.
INFO: [Physopt 32-702] Processed net Final_Project_i/frogger1_0/U0/frogger1_slave_lite_v1_0_S00_AXI_inst/froggerGraphics/Inst_vga/uut2/i__i_53_n_0. Optimizations did not improve timing on the net.
INFO: [Physopt 32-702] Processed net Final_Project_i/frogger1_0/U0/frogger1_slave_lite_v1_0_S00_AXI_inst/froggerGraphics/Inst_vga/uut2/i__i_111__0_n_0. Optimizations did not improve timing on the net.
INFO: [Physopt 32-702] Processed net Final_Project_i/frogger1_0/U0/frogger1_slave_lite_v1_0_S00_AXI_inst/froggerGraphics/Inst_vga/uut2/i__i_143__0_n_0. Optimizations did not improve timing on the net.
INFO: [Physopt 32-710] Processed net Final_Project_i/frogger1_0/U0/frogger1_slave_lite_v1_0_S00_AXI_inst/froggerGraphics/Inst_vga/uut2/i__i_143__0_n_0. Critical path length was reduced through logic transformation on cell Final_Project_i/frogger1_0/U0/frogger1_slave_lite_v1_0_S00_AXI_inst/froggerGraphics/Inst_vga/uut2/i__i_143__0_comp.
INFO: [Physopt 32-710] Processed net Final_Project_i/frogger1_0/U0/frogger1_slave_lite_v1_0_S00_AXI_inst/froggerGraphics/Inst_vga/uut1/red[1]_repN. Critical path length was reduced through logic transformation on cell Final_Project_i/frogger1_0/U0/frogger1_slave_lite_v1_0_S00_AXI_inst/froggerGraphics/Inst_vga/uut1/i__i_1__11_replica_comp_1.
INFO: [Physopt 32-663] Processed net Final_Project_i/frogger1_0/U0/frogger1_slave_lite_v1_0_S00_AXI_inst/froggerGraphics/Inst_vga/uut1/uut3/current_color[15].  Re-placed instance Final_Project_i/frogger1_0/U0/frogger1_slave_lite_v1_0_S00_AXI_inst/froggerGraphics/Inst_vga/uut1/encoded[7]_i_97
INFO: [Physopt 32-702] Processed net Final_Project_i/frogger1_0/U0/frogger1_slave_lite_v1_0_S00_AXI_inst/froggerGraphics/Inst_vga/uut2/i__i_3__8_n_0. Optimizations did not improve timing on the net.
INFO: [Physopt 32-702] Processed net Final_Project_i/frogger1_0/U0/frogger1_slave_lite_v1_0_S00_AXI_inst/froggerGraphics/Inst_vga/uut2/i__i_6__4_n_0. Optimizations did not improve timing on the net.
INFO: [Physopt 32-702] Processed net Final_Project_i/frogger1_0/U0/frogger1_slave_lite_v1_0_S00_AXI_inst/froggerGraphics/Inst_vga/uut2/i__i_13__14_n_0. Optimizations did not improve timing on the net.
INFO: [Physopt 32-702] Processed net Final_Project_i/frogger1_0/U0/frogger1_slave_lite_v1_0_S00_AXI_inst/froggerGraphics/Inst_vga/uut2/i__i_27__4_n_0. Optimizations did not improve timing on the net.
INFO: [Physopt 32-702] Processed net Final_Project_i/frogger1_0/U0/frogger1_slave_lite_v1_0_S00_AXI_inst/froggerGraphics/Inst_vga/uut1/i__i_69__4_0. Optimizations did not improve timing on the net.
INFO: [Physopt 32-702] Processed net Final_Project_i/frogger1_0/U0/frogger1_slave_lite_v1_0_S00_AXI_inst/froggerGraphics/Inst_vga/uut1/i__i_69__4_n_0. Optimizations did not improve timing on the net.
INFO: [Physopt 32-702] Processed net Final_Project_i/frogger1_0/U0/frogger1_slave_lite_v1_0_S00_AXI_inst/froggerGraphics/Inst_vga/uut1/i__i_87__7_n_0. Optimizations did not improve timing on the net.
INFO: [Physopt 32-702] Processed net Final_Project_i/frogger1_0/U0/frogger1_slave_lite_v1_0_S00_AXI_inst/froggerGraphics/Inst_vga/uut1/i__i_100__6_n_0. Optimizations did not improve timing on the net.
INFO: [Physopt 32-702] Processed net Final_Project_i/frogger1_0/U0/frogger1_slave_lite_v1_0_S00_AXI_inst/froggerGraphics/Inst_vga/uut1/i__i_111__5_n_0. Optimizations did not improve timing on the net.
INFO: [Physopt 32-710] Processed net Final_Project_i/frogger1_0/U0/frogger1_slave_lite_v1_0_S00_AXI_inst/froggerGraphics/Inst_vga/uut1/i__i_111__5_n_0. Critical path length was reduced through logic transformation on cell Final_Project_i/frogger1_0/U0/frogger1_slave_lite_v1_0_S00_AXI_inst/froggerGraphics/Inst_vga/uut1/i__i_111__5_comp.
INFO: [Physopt 32-710] Processed net Final_Project_i/frogger1_0/U0/frogger1_slave_lite_v1_0_S00_AXI_inst/froggerGraphics/Inst_vga/uut2/green[0]. Critical path length was reduced through logic transformation on cell Final_Project_i/frogger1_0/U0/frogger1_slave_lite_v1_0_S00_AXI_inst/froggerGraphics/Inst_vga/uut2/i__i_1__5_comp_1.
INFO: [Physopt 32-663] Processed net Final_Project_i/frogger1_0/U0/frogger1_slave_lite_v1_0_S00_AXI_inst/froggerGraphics/inst_dvid/dc_bias[3]_i_17__0_n_0_repN.  Re-placed instance Final_Project_i/frogger1_0/U0/frogger1_slave_lite_v1_0_S00_AXI_inst/froggerGraphics/inst_dvid/dc_bias[3]_i_17__0_comp
INFO: [Physopt 32-663] Processed net Final_Project_i/frogger1_0/U0/frogger1_slave_lite_v1_0_S00_AXI_inst/froggerGraphics/Inst_vga/uut2/i__i_10__1_n_0.  Re-placed instance Final_Project_i/frogger1_0/U0/frogger1_slave_lite_v1_0_S00_AXI_inst/froggerGraphics/Inst_vga/uut2/i__i_10__1
INFO: [Physopt 32-663] Processed net Final_Project_i/frogger1_0/U0/frogger1_slave_lite_v1_0_S00_AXI_inst/froggerGraphics/Inst_vga/uut1/i__i_91__6_n_0.  Re-placed instance Final_Project_i/frogger1_0/U0/frogger1_slave_lite_v1_0_S00_AXI_inst/froggerGraphics/Inst_vga/uut1/i__i_91__6
INFO: [Physopt 32-663] Processed net Final_Project_i/frogger1_0/U0/frogger1_slave_lite_v1_0_S00_AXI_inst/froggerGraphics/inst_dvid/i___1_n_0_repN.  Re-placed instance Final_Project_i/frogger1_0/U0/frogger1_slave_lite_v1_0_S00_AXI_inst/froggerGraphics/inst_dvid/i___1_comp
INFO: [Physopt 32-702] Processed net Final_Project_i/frogger1_0/U0/frogger1_slave_lite_v1_0_S00_AXI_inst/froggerGraphics/Inst_vga/uut2/i__i_12__8_n_0. Optimizations did not improve timing on the net.
INFO: [Physopt 32-702] Processed net Final_Project_i/frogger1_0/U0/frogger1_slave_lite_v1_0_S00_AXI_inst/froggerGraphics/Inst_vga/uut2/i__i_26__6_n_0. Optimizations did not improve timing on the net.
INFO: [Physopt 32-702] Processed net Final_Project_i/frogger1_0/U0/frogger1_slave_lite_v1_0_S00_AXI_inst/froggerGraphics/Inst_vga/uut1/i__i_68__3_0. Optimizations did not improve timing on the net.
INFO: [Physopt 32-702] Processed net Final_Project_i/frogger1_0/U0/frogger1_slave_lite_v1_0_S00_AXI_inst/froggerGraphics/Inst_vga/uut1/i__i_68__3_n_0. Optimizations did not improve timing on the net.
INFO: [Physopt 32-702] Processed net Final_Project_i/frogger1_0/U0/frogger1_slave_lite_v1_0_S00_AXI_inst/froggerGraphics/Inst_vga/uut1/i__i_86__9_n_0. Optimizations did not improve timing on the net.
INFO: [Physopt 32-702] Processed net Final_Project_i/frogger1_0/U0/frogger1_slave_lite_v1_0_S00_AXI_inst/froggerGraphics/Inst_vga/uut1/i__i_103__5_n_0. Optimizations did not improve timing on the net.
INFO: [Physopt 32-663] Processed net Final_Project_i/frogger1_0/U0/frogger1_slave_lite_v1_0_S00_AXI_inst/froggerGraphics/Inst_vga/uut1/i__i_114__5_n_0.  Re-placed instance Final_Project_i/frogger1_0/U0/frogger1_slave_lite_v1_0_S00_AXI_inst/froggerGraphics/Inst_vga/uut1/i__i_114__5
INFO: [Physopt 32-710] Processed net Final_Project_i/frogger1_0/U0/frogger1_slave_lite_v1_0_S00_AXI_inst/froggerGraphics/Inst_vga/uut2/i__i_143__0_n_0. Critical path length was reduced through logic transformation on cell Final_Project_i/frogger1_0/U0/frogger1_slave_lite_v1_0_S00_AXI_inst/froggerGraphics/Inst_vga/uut2/i__i_143__0_comp_1.
INFO: [Physopt 32-81] Processed net Final_Project_i/frogger1_0/U0/frogger1_slave_lite_v1_0_S00_AXI_inst/froggerGraphics/Inst_vga/uut2/i__i_10__1_n_0. Replicated 1 times.
INFO: [Physopt 32-702] Processed net Final_Project_i/frogger1_0/U0/frogger1_slave_lite_v1_0_S00_AXI_inst/froggerGraphics/Inst_vga/uut2/i__i_10__1_n_0. Optimizations did not improve timing on the net.
INFO: [Physopt 32-702] Processed net Final_Project_i/frogger1_0/U0/frogger1_slave_lite_v1_0_S00_AXI_inst/froggerGraphics/Inst_vga/uut2/i__i_17__6_n_0. Optimizations did not improve timing on the net.
INFO: [Physopt 32-702] Processed net Final_Project_i/frogger1_0/U0/frogger1_slave_lite_v1_0_S00_AXI_inst/froggerGraphics/Inst_vga/uut2/i__i_31__7_n_0. Optimizations did not improve timing on the net.
INFO: [Physopt 32-702] Processed net Final_Project_i/frogger1_0/U0/frogger1_slave_lite_v1_0_S00_AXI_inst/froggerGraphics/Inst_vga/uut1/i__i_70__0_0. Optimizations did not improve timing on the net.
INFO: [Physopt 32-702] Processed net Final_Project_i/frogger1_0/U0/frogger1_slave_lite_v1_0_S00_AXI_inst/froggerGraphics/Inst_vga/uut1/i__i_70__0_n_0. Optimizations did not improve timing on the net.
INFO: [Physopt 32-702] Processed net Final_Project_i/frogger1_0/U0/frogger1_slave_lite_v1_0_S00_AXI_inst/froggerGraphics/Inst_vga/uut1/i__i_88__8_n_0. Optimizations did not improve timing on the net.
INFO: [Physopt 32-702] Processed net Final_Project_i/frogger1_0/U0/frogger1_slave_lite_v1_0_S00_AXI_inst/froggerGraphics/Inst_vga/uut1/i__i_100__5_n_0. Optimizations did not improve timing on the net.
INFO: [Physopt 32-702] Processed net Final_Project_i/frogger1_0/U0/frogger1_slave_lite_v1_0_S00_AXI_inst/froggerGraphics/Inst_vga/uut1/i__i_111__3_n_0. Optimizations did not improve timing on the net.
INFO: [Physopt 32-710] Processed net Final_Project_i/frogger1_0/U0/frogger1_slave_lite_v1_0_S00_AXI_inst/froggerGraphics/Inst_vga/uut1/i__i_111__3_n_0. Critical path length was reduced through logic transformation on cell Final_Project_i/frogger1_0/U0/frogger1_slave_lite_v1_0_S00_AXI_inst/froggerGraphics/Inst_vga/uut1/i__i_111__3_comp.
INFO: [Physopt 32-710] Processed net Final_Project_i/frogger1_0/U0/frogger1_slave_lite_v1_0_S00_AXI_inst/froggerGraphics/inst_dvid/i__i_5__2_n_0. Critical path length was reduced through logic transformation on cell Final_Project_i/frogger1_0/U0/frogger1_slave_lite_v1_0_S00_AXI_inst/froggerGraphics/inst_dvid/i__i_5__2_comp.
INFO: [Physopt 32-702] Processed net Final_Project_i/frogger1_0/U0/frogger1_slave_lite_v1_0_S00_AXI_inst/froggerGraphics/Inst_vga/uut1/i__i_12__9_n_0. Optimizations did not improve timing on the net.
INFO: [Physopt 32-702] Processed net Final_Project_i/frogger1_0/U0/frogger1_slave_lite_v1_0_S00_AXI_inst/froggerGraphics/Inst_vga/uut1/i__i_26__7_n_0. Optimizations did not improve timing on the net.
INFO: [Physopt 32-702] Processed net Final_Project_i/frogger1_0/U0/frogger1_slave_lite_v1_0_S00_AXI_inst/froggerGraphics/Inst_vga/uut1/i__i_55__2_n_0. Optimizations did not improve timing on the net.
INFO: [Physopt 32-710] Processed net Final_Project_i/frogger1_0/U0/frogger1_slave_lite_v1_0_S00_AXI_inst/froggerGraphics/Inst_vga/uut1/i__i_55__2_n_0. Critical path length was reduced through logic transformation on cell Final_Project_i/frogger1_0/U0/frogger1_slave_lite_v1_0_S00_AXI_inst/froggerGraphics/Inst_vga/uut1/i__i_55__2_comp.
INFO: [Physopt 32-702] Processed net Final_Project_i/frogger1_0/U0/frogger1_slave_lite_v1_0_S00_AXI_inst/froggerGraphics/inst_dvid/i___25_n_0. Optimizations did not improve timing on the net.
INFO: [Physopt 32-663] Processed net Final_Project_i/frogger1_0/U0/frogger1_slave_lite_v1_0_S00_AXI_inst/froggerGraphics/Inst_vga/uut2/blue[3].  Re-placed instance Final_Project_i/frogger1_0/U0/frogger1_slave_lite_v1_0_S00_AXI_inst/froggerGraphics/Inst_vga/uut2/i__i_1__3
INFO: [Physopt 32-710] Processed net Final_Project_i/frogger1_0/U0/frogger1_slave_lite_v1_0_S00_AXI_inst/froggerGraphics/Inst_vga/uut1/encoded[7]_i_86_n_0. Critical path length was reduced through logic transformation on cell Final_Project_i/frogger1_0/U0/frogger1_slave_lite_v1_0_S00_AXI_inst/froggerGraphics/Inst_vga/uut1/encoded[7]_i_86_comp.
INFO: [Physopt 32-663] Processed net Final_Project_i/frogger1_0/U0/frogger1_slave_lite_v1_0_S00_AXI_inst/froggerGraphics/Inst_vga/uut2/blue[3].  Re-placed instance Final_Project_i/frogger1_0/U0/frogger1_slave_lite_v1_0_S00_AXI_inst/froggerGraphics/Inst_vga/uut2/i__i_1__3
INFO: [Physopt 32-663] Processed net Final_Project_i/frogger1_0/U0/frogger1_slave_lite_v1_0_S00_AXI_inst/froggerGraphics/Inst_vga/uut1/i__i_141__1_n_0.  Re-placed instance Final_Project_i/frogger1_0/U0/frogger1_slave_lite_v1_0_S00_AXI_inst/froggerGraphics/Inst_vga/uut1/i__i_141__1
INFO: [Physopt 32-81] Processed net Final_Project_i/frogger1_0/U0/frogger1_slave_lite_v1_0_S00_AXI_inst/froggerGraphics/inst_dvid/i__i_5_n_0_repN. Replicated 1 times.
INFO: [Physopt 32-710] Processed net Final_Project_i/frogger1_0/U0/frogger1_slave_lite_v1_0_S00_AXI_inst/froggerGraphics/Inst_vga/uut1/i__i_55__2_n_0. Critical path length was reduced through logic transformation on cell Final_Project_i/frogger1_0/U0/frogger1_slave_lite_v1_0_S00_AXI_inst/froggerGraphics/Inst_vga/uut1/i__i_55__2_comp_1.
INFO: [Physopt 32-710] Processed net Final_Project_i/frogger1_0/U0/frogger1_slave_lite_v1_0_S00_AXI_inst/froggerGraphics/Inst_vga/uut1/red[3]. Critical path length was reduced through logic transformation on cell Final_Project_i/frogger1_0/U0/frogger1_slave_lite_v1_0_S00_AXI_inst/froggerGraphics/Inst_vga/uut1/i__i_1__12_comp_1.
INFO: [Physopt 32-608] Optimized 1 net.  Swapped 5 pins.
INFO: [Physopt 32-663] Processed net Final_Project_i/frogger1_0/U0/frogger1_slave_lite_v1_0_S00_AXI_inst/froggerGraphics/inst_dvid/dc_bias[3]_i_17__0_n_0_repN.  Re-placed instance Final_Project_i/frogger1_0/U0/frogger1_slave_lite_v1_0_S00_AXI_inst/froggerGraphics/inst_dvid/dc_bias[3]_i_17__0_comp
INFO: [Physopt 32-710] Processed net Final_Project_i/frogger1_0/U0/frogger1_slave_lite_v1_0_S00_AXI_inst/froggerGraphics/Inst_vga/uut2/blue[3]_repN. Critical path length was reduced through logic transformation on cell Final_Project_i/frogger1_0/U0/frogger1_slave_lite_v1_0_S00_AXI_inst/froggerGraphics/Inst_vga/uut2/i__i_1__3_replica_comp_1.
INFO: [Physopt 32-710] Processed net Final_Project_i/frogger1_0/U0/frogger1_slave_lite_v1_0_S00_AXI_inst/froggerGraphics/Inst_vga/uut1/i__i_103__5_n_0. Critical path length was reduced through logic transformation on cell Final_Project_i/frogger1_0/U0/frogger1_slave_lite_v1_0_S00_AXI_inst/froggerGraphics/Inst_vga/uut1/i__i_103__5_comp.
INFO: [Physopt 32-663] Processed net Final_Project_i/frogger1_0/U0/frogger1_slave_lite_v1_0_S00_AXI_inst/froggerGraphics/Inst_vga/uut2/i__i_18__5_0.  Re-placed instance Final_Project_i/frogger1_0/U0/frogger1_slave_lite_v1_0_S00_AXI_inst/froggerGraphics/Inst_vga/uut2/i__i_8__13
INFO: [Physopt 32-702] Processed net Final_Project_i/frogger1_0/U0/frogger1_slave_lite_v1_0_S00_AXI_inst/froggerGraphics/Inst_vga/uut1/i__i_2__5_n_0. Optimizations did not improve timing on the net.
INFO: [Physopt 32-710] Processed net Final_Project_i/frogger1_0/U0/frogger1_slave_lite_v1_0_S00_AXI_inst/froggerGraphics/Inst_vga/uut1/i__i_2__5_n_0. Critical path length was reduced through logic transformation on cell Final_Project_i/frogger1_0/U0/frogger1_slave_lite_v1_0_S00_AXI_inst/froggerGraphics/Inst_vga/uut1/i__i_2__5_comp_1.
INFO: [Physopt 32-702] Processed net Final_Project_i/frogger1_0/U0/frogger1_slave_lite_v1_0_S00_AXI_inst/froggerGraphics/Inst_vga/uut1/i__i_25__1_n_0. Optimizations did not improve timing on the net.
INFO: [Physopt 32-702] Processed net Final_Project_i/frogger1_0/U0/frogger1_slave_lite_v1_0_S00_AXI_inst/froggerGraphics/Inst_vga/uut1/i__i_56__3_n_0. Optimizations did not improve timing on the net.
INFO: [Physopt 32-702] Processed net Final_Project_i/frogger1_0/U0/frogger1_slave_lite_v1_0_S00_AXI_inst/froggerGraphics/Inst_vga/uut1/i__i_102_n_0. Optimizations did not improve timing on the net.
INFO: [Physopt 32-663] Processed net Final_Project_i/frogger1_0/U0/frogger1_slave_lite_v1_0_S00_AXI_inst/froggerGraphics/Inst_vga/uut1/i__i_135_n_0.  Re-placed instance Final_Project_i/frogger1_0/U0/frogger1_slave_lite_v1_0_S00_AXI_inst/froggerGraphics/Inst_vga/uut1/i__i_135
INFO: [Physopt 32-663] Processed net Final_Project_i/frogger1_0/U0/frogger1_slave_lite_v1_0_S00_AXI_inst/froggerGraphics/Inst_vga/uut1/i__i_265__0_n_0.  Re-placed instance Final_Project_i/frogger1_0/U0/frogger1_slave_lite_v1_0_S00_AXI_inst/froggerGraphics/Inst_vga/uut1/i__i_265__0
INFO: [Physopt 32-702] Processed net Final_Project_i/frogger1_0/U0/frogger1_slave_lite_v1_0_S00_AXI_inst/froggerGraphics/inst_dvid/TDMS_encoder_red/dc_bias_reg[3]_0[3]. Optimizations did not improve timing on the net.
INFO: [Physopt 32-702] Processed net Final_Project_i/frogger1_0/U0/frogger1_slave_lite_v1_0_S00_AXI_inst/froggerGraphics/inst_dvid/dc_bias[3]_i_5_n_0. Optimizations did not improve timing on the net.
INFO: [Physopt 32-702] Processed net Final_Project_i/frogger1_0/U0/frogger1_slave_lite_v1_0_S00_AXI_inst/froggerGraphics/inst_dvid/dc_bias[3]_i_8_n_0. Optimizations did not improve timing on the net.
INFO: [Physopt 32-608] Optimized 1 net.  Swapped 19 pins.
INFO: [Physopt 32-710] Processed net Final_Project_i/frogger1_0/U0/frogger1_slave_lite_v1_0_S00_AXI_inst/froggerGraphics/inst_dvid/i___6_n_0. Critical path length was reduced through logic transformation on cell Final_Project_i/frogger1_0/U0/frogger1_slave_lite_v1_0_S00_AXI_inst/froggerGraphics/inst_dvid/i___6_comp_2.
INFO: [Physopt 32-702] Processed net Final_Project_i/frogger1_0/U0/frogger1_slave_lite_v1_0_S00_AXI_inst/froggerGraphics/Inst_vga/uut1/i__i_12__10_n_0. Optimizations did not improve timing on the net.
INFO: [Physopt 32-702] Processed net Final_Project_i/frogger1_0/U0/frogger1_slave_lite_v1_0_S00_AXI_inst/froggerGraphics/Inst_vga/uut1/i__i_27__5_n_0. Optimizations did not improve timing on the net.
INFO: [Physopt 32-702] Processed net Final_Project_i/frogger1_0/U0/frogger1_slave_lite_v1_0_S00_AXI_inst/froggerGraphics/Inst_vga/uut1/i__i_53__0_n_0. Optimizations did not improve timing on the net.
INFO: [Physopt 32-710] Processed net Final_Project_i/frogger1_0/U0/frogger1_slave_lite_v1_0_S00_AXI_inst/froggerGraphics/Inst_vga/uut1/i__i_53__0_n_0. Critical path length was reduced through logic transformation on cell Final_Project_i/frogger1_0/U0/frogger1_slave_lite_v1_0_S00_AXI_inst/froggerGraphics/Inst_vga/uut1/i__i_53__0_comp.
INFO: [Physopt 32-702] Processed net Final_Project_i/frogger1_0/U0/frogger1_slave_lite_v1_0_S00_AXI_inst/froggerGraphics/Inst_vga/uut2/i__i_11__1_n_0. Optimizations did not improve timing on the net.
INFO: [Physopt 32-702] Processed net Final_Project_i/frogger1_0/U0/frogger1_slave_lite_v1_0_S00_AXI_inst/froggerGraphics/Inst_vga/uut2/i__i_26__5_n_0. Optimizations did not improve timing on the net.
INFO: [Physopt 32-702] Processed net Final_Project_i/frogger1_0/U0/frogger1_slave_lite_v1_0_S00_AXI_inst/froggerGraphics/Inst_vga/uut1/i__i_55__8_0. Optimizations did not improve timing on the net.
INFO: [Physopt 32-710] Processed net Final_Project_i/frogger1_0/U0/frogger1_slave_lite_v1_0_S00_AXI_inst/froggerGraphics/Inst_vga/uut1/i__i_55__8_0. Critical path length was reduced through logic transformation on cell Final_Project_i/frogger1_0/U0/frogger1_slave_lite_v1_0_S00_AXI_inst/froggerGraphics/Inst_vga/uut1/i__i_41__8_comp.
INFO: [Physopt 32-702] Processed net Final_Project_i/frogger1_0/U0/frogger1_slave_lite_v1_0_S00_AXI_inst/froggerGraphics/inst_dvid/i__i_6_n_0_repN_1. Optimizations did not improve timing on the net.
INFO: [Physopt 32-608] Optimized 1 net.  Swapped 20 pins.
INFO: [Physopt 32-702] Processed net Final_Project_i/frogger1_0/U0/frogger1_slave_lite_v1_0_S00_AXI_inst/froggerGraphics/inst_dvid/i___1_n_0_repN. Optimizations did not improve timing on the net.
INFO: [Physopt 32-710] Processed net Final_Project_i/frogger1_0/U0/frogger1_slave_lite_v1_0_S00_AXI_inst/froggerGraphics/inst_dvid/i___1_n_0_repN. Critical path length was reduced through logic transformation on cell Final_Project_i/frogger1_0/U0/frogger1_slave_lite_v1_0_S00_AXI_inst/froggerGraphics/inst_dvid/i___1_comp_2.
INFO: [Physopt 32-702] Processed net Final_Project_i/frogger1_0/U0/frogger1_slave_lite_v1_0_S00_AXI_inst/froggerGraphics/Inst_vga/uut2/i__i_42__6_n_0. Optimizations did not improve timing on the net.
INFO: [Physopt 32-702] Processed net Final_Project_i/frogger1_0/U0/frogger1_slave_lite_v1_0_S00_AXI_inst/froggerGraphics/Inst_vga/uut2/i__i_97__1_n_0. Optimizations did not improve timing on the net.
INFO: [Physopt 32-702] Processed net Final_Project_i/frogger1_0/U0/frogger1_slave_lite_v1_0_S00_AXI_inst/froggerGraphics/Inst_vga/uut1/i__i_254_0. Optimizations did not improve timing on the net.
INFO: [Physopt 32-702] Processed net Final_Project_i/frogger1_0/U0/frogger1_slave_lite_v1_0_S00_AXI_inst/froggerGraphics/Inst_vga/uut1/i__i_254_n_0. Optimizations did not improve timing on the net.
INFO: [Physopt 32-702] Processed net Final_Project_i/frogger1_0/U0/frogger1_slave_lite_v1_0_S00_AXI_inst/froggerGraphics/Inst_vga/uut1/i__i_330_n_0. Optimizations did not improve timing on the net.
INFO: [Physopt 32-663] Processed net Final_Project_i/frogger1_0/U0/frogger1_slave_lite_v1_0_S00_AXI_inst/froggerGraphics/Inst_vga/uut1/i__i_393_n_0.  Re-placed instance Final_Project_i/frogger1_0/U0/frogger1_slave_lite_v1_0_S00_AXI_inst/froggerGraphics/Inst_vga/uut1/i__i_393
INFO: [Physopt 32-702] Processed net Final_Project_i/frogger1_0/U0/frogger1_slave_lite_v1_0_S00_AXI_inst/froggerGraphics/Inst_vga/uut1/i__i_18__4_n_0. Optimizations did not improve timing on the net.
INFO: [Physopt 32-702] Processed net Final_Project_i/frogger1_0/U0/frogger1_slave_lite_v1_0_S00_AXI_inst/froggerGraphics/Inst_vga/uut1/i__i_44__5_n_0. Optimizations did not improve timing on the net.
INFO: [Physopt 32-702] Processed net Final_Project_i/frogger1_0/U0/frogger1_slave_lite_v1_0_S00_AXI_inst/froggerGraphics/Inst_vga/uut1/i__i_75_n_0. Optimizations did not improve timing on the net.
INFO: [Physopt 32-710] Processed net Final_Project_i/frogger1_0/U0/frogger1_slave_lite_v1_0_S00_AXI_inst/froggerGraphics/Inst_vga/uut1/i__i_75_n_0. Critical path length was reduced through logic transformation on cell Final_Project_i/frogger1_0/U0/frogger1_slave_lite_v1_0_S00_AXI_inst/froggerGraphics/Inst_vga/uut1/i__i_75_comp.
INFO: [Physopt 32-663] Processed net Final_Project_i/frogger1_0/U0/frogger1_slave_lite_v1_0_S00_AXI_inst/froggerGraphics/Inst_vga/uut1/i__i_141__5_n_0.  Re-placed instance Final_Project_i/frogger1_0/U0/frogger1_slave_lite_v1_0_S00_AXI_inst/froggerGraphics/Inst_vga/uut1/i__i_141__5
INFO: [Physopt 32-710] Processed net Final_Project_i/frogger1_0/U0/frogger1_slave_lite_v1_0_S00_AXI_inst/froggerGraphics/Inst_vga/uut1/i__i_55__8_0. Critical path length was reduced through logic transformation on cell Final_Project_i/frogger1_0/U0/frogger1_slave_lite_v1_0_S00_AXI_inst/froggerGraphics/Inst_vga/uut1/i__i_41__8_comp_1.
INFO: [Common 17-14] Message 'Physopt 32-710' appears 100 times and further instances of the messages will be disabled. Use the Tcl command set_msg_config to change the current settings.
INFO: [Physopt 32-702] Processed net Final_Project_i/frogger1_0/U0/frogger1_slave_lite_v1_0_S00_AXI_inst/froggerGraphics/Inst_vga/uut2/i__i_17__9_n_0. Optimizations did not improve timing on the net.
INFO: [Physopt 32-702] Processed net Final_Project_i/frogger1_0/U0/frogger1_slave_lite_v1_0_S00_AXI_inst/froggerGraphics/Inst_vga/uut2/i__i_31__8_n_0. Optimizations did not improve timing on the net.
INFO: [Physopt 32-663] Processed net Final_Project_i/frogger1_0/U0/frogger1_slave_lite_v1_0_S00_AXI_inst/froggerGraphics/Inst_vga/uut1/i__i_70_0.  Re-placed instance Final_Project_i/frogger1_0/U0/frogger1_slave_lite_v1_0_S00_AXI_inst/froggerGraphics/Inst_vga/uut1/i__i_57__1
INFO: [Physopt 32-702] Processed net Final_Project_i/frogger1_0/U0/frogger1_slave_lite_v1_0_S00_AXI_inst/froggerGraphics/Inst_vga/uut2/i__i_19__5_n_0. Optimizations did not improve timing on the net.
INFO: [Physopt 32-702] Processed net Final_Project_i/frogger1_0/U0/frogger1_slave_lite_v1_0_S00_AXI_inst/froggerGraphics/Inst_vga/uut2/i__i_33__10_n_0. Optimizations did not improve timing on the net.
INFO: [Physopt 32-702] Processed net Final_Project_i/frogger1_0/U0/frogger1_slave_lite_v1_0_S00_AXI_inst/froggerGraphics/Inst_vga/uut1/i__i_75__6_0. Optimizations did not improve timing on the net.
INFO: [Physopt 32-702] Processed net Final_Project_i/frogger1_0/U0/frogger1_slave_lite_v1_0_S00_AXI_inst/froggerGraphics/Inst_vga/uut1/i__i_75__6_n_0. Optimizations did not improve timing on the net.
INFO: [Physopt 32-702] Processed net Final_Project_i/frogger1_0/U0/frogger1_slave_lite_v1_0_S00_AXI_inst/froggerGraphics/Inst_vga/uut1/i__i_93__6_n_0. Optimizations did not improve timing on the net.
INFO: [Physopt 32-702] Processed net Final_Project_i/frogger1_0/U0/frogger1_slave_lite_v1_0_S00_AXI_inst/froggerGraphics/Inst_vga/uut1/i__i_108__5_n_0. Optimizations did not improve timing on the net.
INFO: [Physopt 32-663] Processed net Final_Project_i/frogger1_0/U0/frogger1_slave_lite_v1_0_S00_AXI_inst/froggerGraphics/Inst_vga/uut1/i__i_119__2_n_0.  Re-placed instance Final_Project_i/frogger1_0/U0/frogger1_slave_lite_v1_0_S00_AXI_inst/froggerGraphics/Inst_vga/uut1/i__i_119__2
INFO: [Physopt 32-663] Processed net Final_Project_i/frogger1_0/U0/frogger1_slave_lite_v1_0_S00_AXI_inst/froggerGraphics/Inst_vga/uut1/i__i_82__3_n_0.  Re-placed instance Final_Project_i/frogger1_0/U0/frogger1_slave_lite_v1_0_S00_AXI_inst/froggerGraphics/Inst_vga/uut1/i__i_82__3
INFO: [Common 17-14] Message 'Physopt 32-663' appears 100 times and further instances of the messages will be disabled. Use the Tcl command set_msg_config to change the current settings.
INFO: [Physopt 32-702] Processed net Final_Project_i/frogger1_0/U0/frogger1_slave_lite_v1_0_S00_AXI_inst/froggerGraphics/inst_dvid/TDMS_encoder_red/dc_bias_reg[3]_0[0]. Optimizations did not improve timing on the net.
INFO: [Physopt 32-702] Processed net Final_Project_i/frogger1_0/U0/frogger1_slave_lite_v1_0_S00_AXI_inst/froggerGraphics/Inst_vga/uut1/i__i_70_0. Optimizations did not improve timing on the net.
INFO: [Physopt 32-702] Processed net Final_Project_i/frogger1_0/U0/frogger1_slave_lite_v1_0_S00_AXI_inst/froggerGraphics/Inst_vga/uut1/i__i_70_n_0. Optimizations did not improve timing on the net.
INFO: [Physopt 32-702] Processed net Final_Project_i/frogger1_0/U0/frogger1_slave_lite_v1_0_S00_AXI_inst/froggerGraphics/Inst_vga/uut1/i__i_88__4_n_0. Optimizations did not improve timing on the net.
INFO: [Physopt 32-702] Processed net Final_Project_i/frogger1_0/U0/frogger1_slave_lite_v1_0_S00_AXI_inst/froggerGraphics/inst_dvid/i___1_n_0_repN_1. Optimizations did not improve timing on the net.
INFO: [Physopt 32-608] Optimized 1 net.  Swapped 8 pins.
INFO: [Physopt 32-702] Processed net Final_Project_i/frogger1_0/U0/frogger1_slave_lite_v1_0_S00_AXI_inst/froggerGraphics/inst_dvid/dc_bias[3]_i_9_n_0. Optimizations did not improve timing on the net.
INFO: [Physopt 32-608] Optimized 1 net.  Swapped 20 pins.
INFO: [Physopt 32-702] Processed net Final_Project_i/frogger1_0/U0/frogger1_slave_lite_v1_0_S00_AXI_inst/froggerGraphics/inst_dvid/i___3_n_0. Optimizations did not improve timing on the net.
INFO: [Physopt 32-702] Processed net Final_Project_i/frogger1_0/U0/frogger1_slave_lite_v1_0_S00_AXI_inst/froggerGraphics/Inst_vga/uut1/i__i_393_n_0. Optimizations did not improve timing on the net.
INFO: [Physopt 32-702] Processed net Final_Project_i/frogger1_0/U0/frogger1_slave_lite_v1_0_S00_AXI_inst/froggerGraphics/inst_dvid/dc_bias[3]_i_17__0_n_0_repN. Optimizations did not improve timing on the net.
INFO: [Physopt 32-702] Processed net Final_Project_i/frogger1_0/U0/frogger1_slave_lite_v1_0_S00_AXI_inst/froggerGraphics/Inst_vga/uut1/i__i_20__6_n_0. Optimizations did not improve timing on the net.
INFO: [Physopt 32-702] Processed net Final_Project_i/frogger1_0/U0/frogger1_slave_lite_v1_0_S00_AXI_inst/froggerGraphics/Inst_vga/uut1/i__i_41__7_n_0. Optimizations did not improve timing on the net.
INFO: [Physopt 32-702] Processed net Final_Project_i/frogger1_0/U0/frogger1_slave_lite_v1_0_S00_AXI_inst/froggerGraphics/Inst_vga/uut1/i__i_83__0_n_0. Optimizations did not improve timing on the net.
INFO: [Physopt 32-81] Processed net Final_Project_i/frogger1_0/U0/frogger1_slave_lite_v1_0_S00_AXI_inst/froggerGraphics/inst_dvid/i___33_n_0. Replicated 1 times.
INFO: [Physopt 32-702] Processed net Final_Project_i/frogger1_0/U0/frogger1_slave_lite_v1_0_S00_AXI_inst/froggerGraphics/Inst_vga/uut1/i__i_13__13_n_0. Optimizations did not improve timing on the net.
INFO: [Physopt 32-702] Processed net Final_Project_i/frogger1_0/U0/frogger1_slave_lite_v1_0_S00_AXI_inst/froggerGraphics/Inst_vga/uut1/i__i_27__3_n_0. Optimizations did not improve timing on the net.
INFO: [Physopt 32-702] Processed net Final_Project_i/frogger1_0/U0/frogger1_slave_lite_v1_0_S00_AXI_inst/froggerGraphics/Inst_vga/uut1/i__i_55__1_n_0. Optimizations did not improve timing on the net.
INFO: [Physopt 32-702] Processed net Final_Project_i/frogger1_0/U0/frogger1_slave_lite_v1_0_S00_AXI_inst/froggerGraphics/Inst_vga/uut1/i__i_101__9_n_0. Optimizations did not improve timing on the net.
INFO: [Physopt 32-702] Processed net Final_Project_i/frogger1_0/U0/frogger1_slave_lite_v1_0_S00_AXI_inst/froggerGraphics/Inst_vga/uut1/i__i_17__7_n_0. Optimizations did not improve timing on the net.
INFO: [Physopt 32-702] Processed net Final_Project_i/frogger1_0/U0/frogger1_slave_lite_v1_0_S00_AXI_inst/froggerGraphics/Inst_vga/uut1/i__i_38__7_n_0. Optimizations did not improve timing on the net.
INFO: [Physopt 32-702] Processed net Final_Project_i/frogger1_0/U0/frogger1_slave_lite_v1_0_S00_AXI_inst/froggerGraphics/Inst_vga/uut1/i__i_81__1_n_0. Optimizations did not improve timing on the net.
INFO: [Physopt 32-702] Processed net Final_Project_i/frogger1_0/U0/frogger1_slave_lite_v1_0_S00_AXI_inst/froggerGraphics/inst_dvid/i___33_n_0. Optimizations did not improve timing on the net.
INFO: [Physopt 32-702] Processed net Final_Project_i/frogger1_0/U0/frogger1_slave_lite_v1_0_S00_AXI_inst/froggerGraphics/Inst_vga/uut2/i__i_18__5_n_0. Optimizations did not improve timing on the net.
INFO: [Physopt 32-702] Processed net Final_Project_i/frogger1_0/U0/frogger1_slave_lite_v1_0_S00_AXI_inst/froggerGraphics/Inst_vga/uut2/i__i_41__9_n_0. Optimizations did not improve timing on the net.
INFO: [Physopt 32-702] Processed net Final_Project_i/frogger1_0/U0/frogger1_slave_lite_v1_0_S00_AXI_inst/froggerGraphics/Inst_vga/uut1/i__i_116__2_0. Optimizations did not improve timing on the net.
INFO: [Physopt 32-702] Processed net Final_Project_i/frogger1_0/U0/frogger1_slave_lite_v1_0_S00_AXI_inst/froggerGraphics/Inst_vga/uut2/i__i_13__15_n_0. Optimizations did not improve timing on the net.
INFO: [Physopt 32-702] Processed net Final_Project_i/frogger1_0/U0/frogger1_slave_lite_v1_0_S00_AXI_inst/froggerGraphics/Inst_vga/uut2/i__i_30__10_n_0. Optimizations did not improve timing on the net.
INFO: [Physopt 32-702] Processed net Final_Project_i/frogger1_0/U0/frogger1_slave_lite_v1_0_S00_AXI_inst/froggerGraphics/Inst_vga/uut1/i__i_58__3_0. Optimizations did not improve timing on the net.
INFO: [Physopt 32-702] Processed net Final_Project_i/frogger1_0/U0/frogger1_slave_lite_v1_0_S00_AXI_inst/froggerGraphics/Inst_vga/uut2/i__i_22__1_n_0. Optimizations did not improve timing on the net.
INFO: [Physopt 32-702] Processed net Final_Project_i/frogger1_0/U0/frogger1_slave_lite_v1_0_S00_AXI_inst/froggerGraphics/Inst_vga/uut2/i__i_36__7_n_0. Optimizations did not improve timing on the net.
INFO: [Physopt 32-702] Processed net Final_Project_i/frogger1_0/U0/frogger1_slave_lite_v1_0_S00_AXI_inst/froggerGraphics/Inst_vga/uut2/i__i_65__1_n_0. Optimizations did not improve timing on the net.
INFO: [Physopt 32-702] Processed net Final_Project_i/frogger1_0/U0/frogger1_slave_lite_v1_0_S00_AXI_inst/froggerGraphics/Inst_vga/uut2/i__i_121__0_n_0. Optimizations did not improve timing on the net.
INFO: [Physopt 32-702] Processed net Final_Project_i/frogger1_0/U0/frogger1_slave_lite_v1_0_S00_AXI_inst/froggerGraphics/Inst_vga/uut1/i__i_165__2_n_0. Optimizations did not improve timing on the net.
INFO: [Physopt 32-608] Optimized 1 net.  Swapped 17 pins.
INFO: [Physopt 32-702] Processed net Final_Project_i/frogger1_0/U0/frogger1_slave_lite_v1_0_S00_AXI_inst/froggerGraphics/Inst_vga/uut2/i__i_233__3_0. Optimizations did not improve timing on the net.
INFO: [Physopt 32-702] Processed net Final_Project_i/frogger1_0/U0/frogger1_slave_lite_v1_0_S00_AXI_inst/froggerGraphics/Inst_vga/uut2/i__i_232__1_n_0. Optimizations did not improve timing on the net.
INFO: [Physopt 32-702] Processed net Final_Project_i/frogger1_0/U0/frogger1_slave_lite_v1_0_S00_AXI_inst/froggerGraphics/Inst_vga/uut2/i__i_258__0_n_0. Optimizations did not improve timing on the net.
INFO: [Physopt 32-702] Processed net Final_Project_i/frogger1_0/U0/frogger1_slave_lite_v1_0_S00_AXI_inst/froggerGraphics/Inst_vga/uut2/i__i_301_n_0. Optimizations did not improve timing on the net.
INFO: [Physopt 32-702] Processed net Final_Project_i/frogger1_0/U0/frogger1_slave_lite_v1_0_S00_AXI_inst/froggerGraphics/Inst_vga/uut2/i__i_320__0_n_0. Optimizations did not improve timing on the net.
INFO: [Physopt 32-702] Processed net Final_Project_i/frogger1_0/U0/frogger1_slave_lite_v1_0_S00_AXI_inst/froggerGraphics/Inst_vga/uut1/uut3/current_color[15]. Optimizations did not improve timing on the net.
INFO: [Physopt 32-608] Optimized 1 net.  Swapped 24 pins.
INFO: [Physopt 32-702] Processed net Final_Project_i/frogger1_0/U0/frogger1_slave_lite_v1_0_S00_AXI_inst/froggerGraphics/Inst_vga/uut1/uut3/current_color[15]_repN. Optimizations did not improve timing on the net.
INFO: [Physopt 32-702] Processed net Final_Project_i/frogger1_0/U0/frogger1_slave_lite_v1_0_S00_AXI_inst/froggerGraphics/inst_dvid/TDMS_encoder_blue/dc_bias_reg[3]_0[3]. Optimizations did not improve timing on the net.
INFO: [Physopt 32-702] Processed net Final_Project_i/clk_wiz_1/inst/clk_out1_Final_Project_clk_wiz_1_0. Optimizations did not improve timing on the net.
INFO: [Physopt 32-702] Processed net Final_Project_i/frogger1_0/U0/frogger1_slave_lite_v1_0_S00_AXI_inst/froggerGraphics/inst_dvid/dc_bias_reg[3]_i_2__0_n_0. Optimizations did not improve timing on the net.
INFO: [Physopt 32-702] Processed net Final_Project_i/frogger1_0/U0/frogger1_slave_lite_v1_0_S00_AXI_inst/froggerGraphics/inst_dvid/dc_bias[3]_i_9__1_n_0. Optimizations did not improve timing on the net.
INFO: [Physopt 32-608] Optimized 1 net.  Swapped 14 pins.
INFO: [Physopt 32-702] Processed net Final_Project_i/frogger1_0/U0/frogger1_slave_lite_v1_0_S00_AXI_inst/froggerGraphics/inst_dvid/TDMS_encoder_blue/dc_bias_reg[3]_0[1]. Optimizations did not improve timing on the net.
INFO: [Physopt 32-702] Processed net Final_Project_i/frogger1_0/U0/frogger1_slave_lite_v1_0_S00_AXI_inst/froggerGraphics/inst_dvid/dc_bias[1]_i_3__1_n_0. Optimizations did not improve timing on the net.
INFO: [Physopt 32-608] Optimized 1 net.  Swapped 5 pins.
INFO: [Physopt 32-702] Processed net Final_Project_i/frogger1_0/U0/frogger1_slave_lite_v1_0_S00_AXI_inst/froggerGraphics/inst_dvid/dc_bias[3]_i_8__1_n_0. Optimizations did not improve timing on the net.
INFO: [Physopt 32-608] Optimized 1 net.  Swapped 5 pins.
INFO: [Physopt 32-702] Processed net Final_Project_i/frogger1_0/U0/frogger1_slave_lite_v1_0_S00_AXI_inst/froggerGraphics/inst_dvid/i___17_n_0. Optimizations did not improve timing on the net.
INFO: [Physopt 32-702] Processed net Final_Project_i/frogger1_0/U0/frogger1_slave_lite_v1_0_S00_AXI_inst/froggerGraphics/inst_dvid/i__i_4__2_n_0. Optimizations did not improve timing on the net.
INFO: [Physopt 32-702] Processed net Final_Project_i/frogger1_0/U0/frogger1_slave_lite_v1_0_S00_AXI_inst/froggerGraphics/inst_dvid/i__i_3__10. Optimizations did not improve timing on the net.
INFO: [Physopt 32-702] Processed net Final_Project_i/frogger1_0/U0/frogger1_slave_lite_v1_0_S00_AXI_inst/froggerGraphics/Inst_vga/uut2/blue[4]. Optimizations did not improve timing on the net.
INFO: [Physopt 32-702] Processed net Final_Project_i/frogger1_0/U0/frogger1_slave_lite_v1_0_S00_AXI_inst/froggerGraphics/Inst_vga/uut2/i__i_2__2_n_0. Optimizations did not improve timing on the net.
INFO: [Physopt 32-702] Processed net Final_Project_i/frogger1_0/U0/frogger1_slave_lite_v1_0_S00_AXI_inst/froggerGraphics/Inst_vga/uut2/i__i_3__5_n_0. Optimizations did not improve timing on the net.
INFO: [Physopt 32-608] Optimized 1 net.  Swapped 22 pins.
INFO: [Physopt 32-702] Processed net Final_Project_i/frogger1_0/U0/frogger1_slave_lite_v1_0_S00_AXI_inst/froggerGraphics/inst_dvid/TDMS_encoder_red/dc_bias_reg[3]_0[2]. Optimizations did not improve timing on the net.
INFO: [Physopt 32-702] Processed net Final_Project_i/frogger1_0/U0/frogger1_slave_lite_v1_0_S00_AXI_inst/froggerGraphics/inst_dvid/dc_bias[2]_i_3_n_0. Optimizations did not improve timing on the net.
INFO: [Physopt 32-702] Processed net Final_Project_i/frogger1_0/U0/frogger1_slave_lite_v1_0_S00_AXI_inst/froggerGraphics/inst_dvid/dc_bias[2]_i_9_n_0. Optimizations did not improve timing on the net.
INFO: [Physopt 32-702] Processed net Final_Project_i/frogger1_0/U0/frogger1_slave_lite_v1_0_S00_AXI_inst/froggerGraphics/inst_dvid/i___1_n_0. Optimizations did not improve timing on the net.
INFO: [Physopt 32-702] Processed net Final_Project_i/frogger1_0/U0/frogger1_slave_lite_v1_0_S00_AXI_inst/froggerGraphics/inst_dvid/i__i_4_n_0. Optimizations did not improve timing on the net.
INFO: [Physopt 32-702] Processed net Final_Project_i/frogger1_0/U0/frogger1_slave_lite_v1_0_S00_AXI_inst/froggerGraphics/inst_dvid/i__i_11_0. Optimizations did not improve timing on the net.
INFO: [Physopt 32-608] Optimized 1 net.  Swapped 22 pins.
INFO: [Physopt 32-702] Processed net Final_Project_i/frogger1_0/U0/frogger1_slave_lite_v1_0_S00_AXI_inst/froggerGraphics/inst_dvid/i__i_7__2_n_0. Optimizations did not improve timing on the net.
INFO: [Physopt 32-702] Processed net Final_Project_i/frogger1_0/U0/frogger1_slave_lite_v1_0_S00_AXI_inst/froggerGraphics/Inst_vga/uut1/blue[1]. Optimizations did not improve timing on the net.
INFO: [Physopt 32-702] Processed net Final_Project_i/frogger1_0/U0/frogger1_slave_lite_v1_0_S00_AXI_inst/froggerGraphics/Inst_vga/uut1/i__i_12__6_n_0. Optimizations did not improve timing on the net.
INFO: [Physopt 32-702] Processed net Final_Project_i/frogger1_0/U0/frogger1_slave_lite_v1_0_S00_AXI_inst/froggerGraphics/Inst_vga/uut1/i__i_26__4_n_0. Optimizations did not improve timing on the net.
INFO: [Physopt 32-702] Processed net Final_Project_i/frogger1_0/U0/frogger1_slave_lite_v1_0_S00_AXI_inst/froggerGraphics/Inst_vga/uut1/i__i_49__1_n_0. Optimizations did not improve timing on the net.
INFO: [Physopt 32-702] Processed net Final_Project_i/frogger1_0/U0/frogger1_slave_lite_v1_0_S00_AXI_inst/froggerGraphics/inst_dvid/i__i_9_n_0. Optimizations did not improve timing on the net.
INFO: [Physopt 32-702] Processed net Final_Project_i/frogger1_0/U0/frogger1_slave_lite_v1_0_S00_AXI_inst/froggerGraphics/Inst_vga/uut1/red[2]. Optimizations did not improve timing on the net.
INFO: [Physopt 32-702] Processed net Final_Project_i/frogger1_0/U0/frogger1_slave_lite_v1_0_S00_AXI_inst/froggerGraphics/Inst_vga/uut1/i__i_25__1_n_0. Optimizations did not improve timing on the net.
INFO: [Physopt 32-702] Processed net Final_Project_i/frogger1_0/U0/frogger1_slave_lite_v1_0_S00_AXI_inst/froggerGraphics/Inst_vga/uut1/i__i_56__3_n_0. Optimizations did not improve timing on the net.
INFO: [Physopt 32-702] Processed net Final_Project_i/frogger1_0/U0/frogger1_slave_lite_v1_0_S00_AXI_inst/froggerGraphics/Inst_vga/uut1/i__i_102_n_0. Optimizations did not improve timing on the net.
INFO: [Physopt 32-702] Processed net Final_Project_i/frogger1_0/U0/frogger1_slave_lite_v1_0_S00_AXI_inst/froggerGraphics/Inst_vga/uut2/i__i_233__3_0. Optimizations did not improve timing on the net.
INFO: [Physopt 32-702] Processed net Final_Project_i/frogger1_0/U0/frogger1_slave_lite_v1_0_S00_AXI_inst/froggerGraphics/Inst_vga/uut2/i__i_232__1_n_0. Optimizations did not improve timing on the net.
INFO: [Physopt 32-702] Processed net Final_Project_i/frogger1_0/U0/frogger1_slave_lite_v1_0_S00_AXI_inst/froggerGraphics/inst_dvid/TDMS_encoder_green/Q[3]. Optimizations did not improve timing on the net.
INFO: [Physopt 32-702] Processed net Final_Project_i/frogger1_0/U0/frogger1_slave_lite_v1_0_S00_AXI_inst/froggerGraphics/inst_dvid/dc_bias_reg[3]_i_6_n_0. Optimizations did not improve timing on the net.
INFO: [Physopt 32-702] Processed net Final_Project_i/frogger1_0/U0/frogger1_slave_lite_v1_0_S00_AXI_inst/froggerGraphics/inst_dvid/dc_bias[3]_i_15__0_n_0. Optimizations did not improve timing on the net.
INFO: [Physopt 32-702] Processed net Final_Project_i/frogger1_0/U0/frogger1_slave_lite_v1_0_S00_AXI_inst/froggerGraphics/inst_dvid/i___10_n_0. Optimizations did not improve timing on the net.
INFO: [Physopt 32-702] Processed net Final_Project_i/frogger1_0/U0/frogger1_slave_lite_v1_0_S00_AXI_inst/froggerGraphics/inst_dvid/i__i_3__3_n_0. Optimizations did not improve timing on the net.
INFO: [Physopt 32-702] Processed net Final_Project_i/frogger1_0/U0/frogger1_slave_lite_v1_0_S00_AXI_inst/froggerGraphics/inst_dvid/i__i_12_0. Optimizations did not improve timing on the net.
INFO: [Physopt 32-702] Processed net Final_Project_i/frogger1_0/U0/frogger1_slave_lite_v1_0_S00_AXI_inst/froggerGraphics/Inst_vga/uut2/green[3]. Optimizations did not improve timing on the net.
INFO: [Physopt 32-702] Processed net Final_Project_i/frogger1_0/U0/frogger1_slave_lite_v1_0_S00_AXI_inst/froggerGraphics/Inst_vga/uut2/encoded_reg[7]_i_3_n_0. Optimizations did not improve timing on the net.
INFO: [Physopt 32-702] Processed net Final_Project_i/frogger1_0/U0/frogger1_slave_lite_v1_0_S00_AXI_inst/froggerGraphics/Inst_vga/uut2/encoded[7]_i_4_n_0. Optimizations did not improve timing on the net.
INFO: [Physopt 32-608] Optimized 1 net.  Swapped 21 pins.
INFO: [Physopt 32-702] Processed net Final_Project_i/frogger1_0/U0/frogger1_slave_lite_v1_0_S00_AXI_inst/froggerGraphics/Inst_vga/uut1/red[3]. Optimizations did not improve timing on the net.
INFO: [Physopt 32-702] Processed net Final_Project_i/frogger1_0/U0/frogger1_slave_lite_v1_0_S00_AXI_inst/froggerGraphics/Inst_vga/uut2/i__i_18__5_n_0. Optimizations did not improve timing on the net.
INFO: [Physopt 32-702] Processed net Final_Project_i/frogger1_0/U0/frogger1_slave_lite_v1_0_S00_AXI_inst/froggerGraphics/Inst_vga/uut2/i__i_41__9_n_0. Optimizations did not improve timing on the net.
INFO: [Physopt 32-702] Processed net Final_Project_i/frogger1_0/U0/frogger1_slave_lite_v1_0_S00_AXI_inst/froggerGraphics/Inst_vga/uut1/i__i_116__2_0. Optimizations did not improve timing on the net.
INFO: [Physopt 32-608] Optimized 1 net.  Swapped 14 pins.
INFO: [Physopt 32-702] Processed net Final_Project_i/frogger1_0/U0/frogger1_slave_lite_v1_0_S00_AXI_inst/froggerGraphics/inst_dvid/i__i_9__0_n_0. Optimizations did not improve timing on the net.
INFO: [Physopt 32-608] Optimized 1 net.  Swapped 20 pins.
INFO: [Physopt 32-702] Processed net Final_Project_i/frogger1_0/U0/frogger1_slave_lite_v1_0_S00_AXI_inst/froggerGraphics/Inst_vga/uut2/red[0]_repN. Optimizations did not improve timing on the net.
INFO: [Physopt 32-702] Processed net Final_Project_i/frogger1_0/U0/frogger1_slave_lite_v1_0_S00_AXI_inst/froggerGraphics/Inst_vga/uut2/i__i_42__6_n_0. Optimizations did not improve timing on the net.
INFO: [Physopt 32-702] Processed net Final_Project_i/frogger1_0/U0/frogger1_slave_lite_v1_0_S00_AXI_inst/froggerGraphics/Inst_vga/uut2/i__i_97__1_n_0. Optimizations did not improve timing on the net.
INFO: [Physopt 32-702] Processed net Final_Project_i/frogger1_0/U0/frogger1_slave_lite_v1_0_S00_AXI_inst/froggerGraphics/Inst_vga/uut1/i__i_254_0. Optimizations did not improve timing on the net.
INFO: [Physopt 32-702] Processed net Final_Project_i/frogger1_0/U0/frogger1_slave_lite_v1_0_S00_AXI_inst/froggerGraphics/Inst_vga/uut1/i__i_254_n_0. Optimizations did not improve timing on the net.
INFO: [Physopt 32-702] Processed net Final_Project_i/frogger1_0/U0/frogger1_slave_lite_v1_0_S00_AXI_inst/froggerGraphics/Inst_vga/uut1/i__i_330_n_0. Optimizations did not improve timing on the net.
INFO: [Physopt 32-608] Optimized 1 net.  Swapped 11 pins.
INFO: [Physopt 32-702] Processed net Final_Project_i/frogger1_0/U0/frogger1_slave_lite_v1_0_S00_AXI_inst/froggerGraphics/Inst_vga/uut1/blue[2]. Optimizations did not improve timing on the net.
INFO: [Physopt 32-702] Processed net Final_Project_i/frogger1_0/U0/frogger1_slave_lite_v1_0_S00_AXI_inst/froggerGraphics/Inst_vga/uut1/i__i_12__7_n_0. Optimizations did not improve timing on the net.
INFO: [Physopt 32-702] Processed net Final_Project_i/frogger1_0/U0/frogger1_slave_lite_v1_0_S00_AXI_inst/froggerGraphics/Inst_vga/uut1/i__i_28__8_n_0. Optimizations did not improve timing on the net.
INFO: [Physopt 32-702] Processed net Final_Project_i/frogger1_0/U0/frogger1_slave_lite_v1_0_S00_AXI_inst/froggerGraphics/Inst_vga/uut1/i__i_44__4_n_0. Optimizations did not improve timing on the net.
INFO: [Physopt 32-702] Processed net Final_Project_i/frogger1_0/U0/frogger1_slave_lite_v1_0_S00_AXI_inst/froggerGraphics/Inst_vga/uut1/i__i_56__6_n_0. Optimizations did not improve timing on the net.
INFO: [Physopt 32-702] Processed net Final_Project_i/frogger1_0/U0/frogger1_slave_lite_v1_0_S00_AXI_inst/froggerGraphics/Inst_vga/uut2/encoded[7]_i_8_n_0. Optimizations did not improve timing on the net.
INFO: [Physopt 32-702] Processed net Final_Project_i/frogger1_0/U0/frogger1_slave_lite_v1_0_S00_AXI_inst/froggerGraphics/Inst_vga/uut1/encoded[7]_i_42_0. Optimizations did not improve timing on the net.
INFO: [Physopt 32-702] Processed net Final_Project_i/frogger1_0/U0/frogger1_slave_lite_v1_0_S00_AXI_inst/froggerGraphics/Inst_vga/uut1/encoded[7]_i_41_n_0. Optimizations did not improve timing on the net.
INFO: [Physopt 32-702] Processed net Final_Project_i/frogger1_0/U0/frogger1_slave_lite_v1_0_S00_AXI_inst/froggerGraphics/Inst_vga/uut1/encoded_reg[7]_i_51_n_0. Optimizations did not improve timing on the net.
INFO: [Physopt 32-702] Processed net Final_Project_i/frogger1_0/U0/frogger1_slave_lite_v1_0_S00_AXI_inst/froggerGraphics/Inst_vga/uut1/encoded[7]_i_58_n_0. Optimizations did not improve timing on the net.
INFO: [Physopt 32-702] Processed net Final_Project_i/frogger1_0/U0/frogger1_slave_lite_v1_0_S00_AXI_inst/froggerGraphics/Inst_vga/uut1/encoded_reg[7]_i_66_n_0. Optimizations did not improve timing on the net.
INFO: [Physopt 32-702] Processed net Final_Project_i/frogger1_0/U0/frogger1_slave_lite_v1_0_S00_AXI_inst/froggerGraphics/Inst_vga/uut1/encoded[7]_i_76_n_0. Optimizations did not improve timing on the net.
INFO: [Physopt 32-702] Processed net Final_Project_i/frogger1_0/U0/frogger1_slave_lite_v1_0_S00_AXI_inst/froggerGraphics/Inst_vga/uut1/encoded[7]_i_86_n_0. Optimizations did not improve timing on the net.
INFO: [Physopt 32-702] Processed net Final_Project_i/frogger1_0/U0/frogger1_slave_lite_v1_0_S00_AXI_inst/froggerGraphics/Inst_vga/uut1/uut3/current_color[15]. Optimizations did not improve timing on the net.
INFO: [Physopt 32-702] Processed net Final_Project_i/frogger1_0/U0/frogger1_slave_lite_v1_0_S00_AXI_inst/froggerGraphics/Inst_vga/uut1/encoded[7]_i_94_n_0_repN. Optimizations did not improve timing on the net.
INFO: [Physopt 32-702] Processed net Final_Project_i/frogger1_0/U0/frogger1_slave_lite_v1_0_S00_AXI_inst/froggerGraphics/Inst_vga/uut1/encoded[7]_i_93_n_0. Optimizations did not improve timing on the net.
INFO: [Physopt 32-608] Optimized 1 net.  Swapped 14 pins.
INFO: [Physopt 32-702] Processed net Final_Project_i/frogger1_0/U0/frogger1_slave_lite_v1_0_S00_AXI_inst/froggerGraphics/inst_dvid/dc_bias[3]_i_4__1_n_0. Optimizations did not improve timing on the net.
INFO: [Physopt 32-608] Optimized 1 net.  Swapped 23 pins.
INFO: [Physopt 32-608] Optimized 1 net.  Swapped 24 pins.
INFO: [Physopt 32-702] Processed net Final_Project_i/frogger1_0/U0/frogger1_slave_lite_v1_0_S00_AXI_inst/froggerGraphics/Inst_vga/uut2/green[2]. Optimizations did not improve timing on the net.
INFO: [Physopt 32-702] Processed net Final_Project_i/frogger1_0/U0/frogger1_slave_lite_v1_0_S00_AXI_inst/froggerGraphics/Inst_vga/uut2/i__i_24__0_n_0. Optimizations did not improve timing on the net.
INFO: [Physopt 32-702] Processed net Final_Project_i/frogger1_0/U0/frogger1_slave_lite_v1_0_S00_AXI_inst/froggerGraphics/Inst_vga/uut2/i__i_53_n_0. Optimizations did not improve timing on the net.
INFO: [Physopt 32-702] Processed net Final_Project_i/frogger1_0/U0/frogger1_slave_lite_v1_0_S00_AXI_inst/froggerGraphics/Inst_vga/uut2/i__i_111__0_n_0. Optimizations did not improve timing on the net.
INFO: [Physopt 32-702] Processed net Final_Project_i/frogger1_0/U0/frogger1_slave_lite_v1_0_S00_AXI_inst/froggerGraphics/Inst_vga/uut2/i__i_143__0_n_0. Optimizations did not improve timing on the net.
INFO: [Physopt 32-702] Processed net Final_Project_i/frogger1_0/U0/frogger1_slave_lite_v1_0_S00_AXI_inst/froggerGraphics/Inst_vga/uut2/i__i_291_n_0. Optimizations did not improve timing on the net.
INFO: [Physopt 32-702] Processed net Final_Project_i/frogger1_0/U0/frogger1_slave_lite_v1_0_S00_AXI_inst/froggerGraphics/Inst_vga/uut2/i__i_317_n_0. Optimizations did not improve timing on the net.
INFO: [Physopt 32-702] Processed net Final_Project_i/frogger1_0/U0/frogger1_slave_lite_v1_0_S00_AXI_inst/froggerGraphics/Inst_vga/uut2/i__i_334_n_0. Optimizations did not improve timing on the net.
INFO: [Physopt 32-702] Processed net Final_Project_i/frogger1_0/U0/frogger1_slave_lite_v1_0_S00_AXI_inst/froggerGraphics/Inst_vga/uut2/i__i_366_n_0. Optimizations did not improve timing on the net.
INFO: [Physopt 32-702] Processed net Final_Project_i/frogger1_0/U0/frogger1_slave_lite_v1_0_S00_AXI_inst/froggerGraphics/Inst_vga/uut2/i__i_400_n_0. Optimizations did not improve timing on the net.
INFO: [Physopt 32-702] Processed net Final_Project_i/frogger1_0/U0/frogger1_slave_lite_v1_0_S00_AXI_inst/froggerGraphics/Inst_vga/uut2/i__i_7__7_n_0. Optimizations did not improve timing on the net.
INFO: [Physopt 32-702] Processed net Final_Project_i/frogger1_0/U0/frogger1_slave_lite_v1_0_S00_AXI_inst/froggerGraphics/Inst_vga/uut1/i__i_52__0_0. Optimizations did not improve timing on the net.
INFO: [Physopt 32-702] Processed net Final_Project_i/frogger1_0/U0/frogger1_slave_lite_v1_0_S00_AXI_inst/froggerGraphics/Inst_vga/uut1/i__i_51__5_n_0. Optimizations did not improve timing on the net.
INFO: [Physopt 32-702] Processed net Final_Project_i/frogger1_0/U0/frogger1_slave_lite_v1_0_S00_AXI_inst/froggerGraphics/Inst_vga/uut1/i__i_59__5_n_0. Optimizations did not improve timing on the net.
INFO: [Physopt 32-702] Processed net Final_Project_i/frogger1_0/U0/frogger1_slave_lite_v1_0_S00_AXI_inst/froggerGraphics/Inst_vga/uut1/i__i_68__4_n_0. Optimizations did not improve timing on the net.
INFO: [Physopt 32-702] Processed net Final_Project_i/frogger1_0/U0/frogger1_slave_lite_v1_0_S00_AXI_inst/froggerGraphics/Inst_vga/uut1/i__i_81__10_n_0. Optimizations did not improve timing on the net.
INFO: [Physopt 32-702] Processed net Final_Project_i/frogger1_0/U0/frogger1_slave_lite_v1_0_S00_AXI_inst/froggerGraphics/Inst_vga/uut1/i__i_91__7_n_0. Optimizations did not improve timing on the net.
INFO: [Physopt 32-702] Processed net Final_Project_i/frogger1_0/U0/frogger1_slave_lite_v1_0_S00_AXI_inst/froggerGraphics/Inst_vga/uut1/i__i_104__6_n_0. Optimizations did not improve timing on the net.
INFO: [Physopt 32-702] Processed net Final_Project_i/frogger1_0/U0/frogger1_slave_lite_v1_0_S00_AXI_inst/froggerGraphics/Inst_vga/uut1/i__i_113__6_n_0. Optimizations did not improve timing on the net.
INFO: [Physopt 32-608] Optimized 1 net.  Swapped 11 pins.
INFO: [Physopt 32-608] Optimized 1 net.  Swapped 11 pins.
INFO: [Physopt 32-702] Processed net Final_Project_i/frogger1_0/U0/frogger1_slave_lite_v1_0_S00_AXI_inst/froggerGraphics/Inst_vga/uut1/i__i_114__4_n_0. Optimizations did not improve timing on the net.
INFO: [Physopt 32-702] Processed net Final_Project_i/frogger1_0/U0/frogger1_slave_lite_v1_0_S00_AXI_inst/froggerGraphics/Inst_vga/uut1/i__i_129__0_n_0. Optimizations did not improve timing on the net.
INFO: [Physopt 32-702] Processed net Final_Project_i/frogger1_0/U0/frogger1_slave_lite_v1_0_S00_AXI_inst/froggerGraphics/Inst_vga/uut1/i__i_97__5_n_0_repN. Optimizations did not improve timing on the net.
INFO: [Physopt 32-702] Processed net Final_Project_i/frogger1_0/U0/frogger1_slave_lite_v1_0_S00_AXI_inst/froggerGraphics/Inst_vga/uut2/i__i_430_n_0. Optimizations did not improve timing on the net.
INFO: [Physopt 32-702] Processed net Final_Project_i/frogger1_0/U0/frogger1_slave_lite_v1_0_S00_AXI_inst/froggerGraphics/Inst_vga/uut1/green[1]. Optimizations did not improve timing on the net.
INFO: [Physopt 32-702] Processed net Final_Project_i/frogger1_0/U0/frogger1_slave_lite_v1_0_S00_AXI_inst/froggerGraphics/Inst_vga/uut1/i__i_13__13_n_0. Optimizations did not improve timing on the net.
INFO: [Physopt 32-702] Processed net Final_Project_i/frogger1_0/U0/frogger1_slave_lite_v1_0_S00_AXI_inst/froggerGraphics/Inst_vga/uut1/i__i_27__3_n_0. Optimizations did not improve timing on the net.
INFO: [Physopt 32-702] Processed net Final_Project_i/frogger1_0/U0/frogger1_slave_lite_v1_0_S00_AXI_inst/froggerGraphics/Inst_vga/uut1/i__i_55__1_n_0. Optimizations did not improve timing on the net.
INFO: [Physopt 32-702] Processed net Final_Project_i/frogger1_0/U0/frogger1_slave_lite_v1_0_S00_AXI_inst/froggerGraphics/Inst_vga/uut2/i__i_120__3_0. Optimizations did not improve timing on the net.
INFO: [Physopt 32-702] Processed net Final_Project_i/frogger1_0/U0/frogger1_slave_lite_v1_0_S00_AXI_inst/froggerGraphics/Inst_vga/uut2/i__i_120__3_n_0. Optimizations did not improve timing on the net.
INFO: [Physopt 32-702] Processed net Final_Project_i/frogger1_0/U0/frogger1_slave_lite_v1_0_S00_AXI_inst/froggerGraphics/Inst_vga/uut2/i__i_135__1_n_0. Optimizations did not improve timing on the net.
INFO: [Physopt 32-702] Processed net Final_Project_i/frogger1_0/U0/frogger1_slave_lite_v1_0_S00_AXI_inst/froggerGraphics/Inst_vga/uut1/i__i_183__2_n_0. Optimizations did not improve timing on the net.
INFO: [Physopt 32-702] Processed net Final_Project_i/frogger1_0/U0/frogger1_slave_lite_v1_0_S00_AXI_inst/froggerGraphics/Inst_vga/uut2/blue[0]. Optimizations did not improve timing on the net.
INFO: [Physopt 32-702] Processed net Final_Project_i/frogger1_0/U0/frogger1_slave_lite_v1_0_S00_AXI_inst/froggerGraphics/Inst_vga/uut2/i__i_19__5_n_0. Optimizations did not improve timing on the net.
INFO: [Physopt 32-702] Processed net Final_Project_i/frogger1_0/U0/frogger1_slave_lite_v1_0_S00_AXI_inst/froggerGraphics/Inst_vga/uut2/i__i_33__10_n_0. Optimizations did not improve timing on the net.
INFO: [Physopt 32-702] Processed net Final_Project_i/frogger1_0/U0/frogger1_slave_lite_v1_0_S00_AXI_inst/froggerGraphics/Inst_vga/uut1/i__i_75__6_0. Optimizations did not improve timing on the net.
INFO: [Physopt 32-702] Processed net Final_Project_i/frogger1_0/U0/frogger1_slave_lite_v1_0_S00_AXI_inst/froggerGraphics/Inst_vga/uut1/i__i_75__6_n_0. Optimizations did not improve timing on the net.
INFO: [Physopt 32-702] Processed net Final_Project_i/frogger1_0/U0/frogger1_slave_lite_v1_0_S00_AXI_inst/froggerGraphics/Inst_vga/uut1/i__i_93__6_n_0. Optimizations did not improve timing on the net.
INFO: [Physopt 32-702] Processed net Final_Project_i/frogger1_0/U0/frogger1_slave_lite_v1_0_S00_AXI_inst/froggerGraphics/Inst_vga/uut1/encoded[7]_i_126_n_0. Optimizations did not improve timing on the net.
INFO: [Physopt 32-702] Processed net Final_Project_i/frogger1_0/U0/frogger1_slave_lite_v1_0_S00_AXI_inst/froggerGraphics/Inst_vga/uut1/encoded_reg[7]_i_128_n_0. Optimizations did not improve timing on the net.
INFO: [Physopt 32-702] Processed net Final_Project_i/frogger1_0/U0/frogger1_slave_lite_v1_0_S00_AXI_inst/froggerGraphics/Inst_vga/uut1/encoded[7]_i_131_n_0. Optimizations did not improve timing on the net.
INFO: [Physopt 32-702] Processed net Final_Project_i/frogger1_0/U0/frogger1_slave_lite_v1_0_S00_AXI_inst/froggerGraphics/Inst_vga/uut1/encoded[7]_i_138_n_0. Optimizations did not improve timing on the net.
INFO: [Physopt 32-702] Processed net Final_Project_i/frogger1_0/U0/frogger1_slave_lite_v1_0_S00_AXI_inst/froggerGraphics/Inst_vga/uut1/encoded[7]_i_147_n_0. Optimizations did not improve timing on the net.
INFO: [Physopt 32-702] Processed net Final_Project_i/frogger1_0/U0/frogger1_slave_lite_v1_0_S00_AXI_inst/froggerGraphics/Inst_vga/uut1/current_color18_out. Optimizations did not improve timing on the net.
INFO: [Physopt 32-608] Optimized 1 net.  Swapped 24 pins.
INFO: [Physopt 32-702] Processed net Final_Project_i/frogger1_0/U0/frogger1_slave_lite_v1_0_S00_AXI_inst/froggerGraphics/Inst_vga/uut1/i__i_108__5_n_0. Optimizations did not improve timing on the net.
INFO: [Physopt 32-702] Processed net Final_Project_i/frogger1_0/U0/frogger1_slave_lite_v1_0_S00_AXI_inst/froggerGraphics/inst_dvid/i__i_8__1_n_0. Optimizations did not improve timing on the net.
INFO: [Physopt 32-702] Processed net Final_Project_i/frogger1_0/U0/frogger1_slave_lite_v1_0_S00_AXI_inst/froggerGraphics/Inst_vga/uut2/blue[3]_repN. Optimizations did not improve timing on the net.
INFO: [Physopt 32-702] Processed net Final_Project_i/frogger1_0/U0/frogger1_slave_lite_v1_0_S00_AXI_inst/froggerGraphics/Inst_vga/uut2/i__i_11__1_n_0. Optimizations did not improve timing on the net.
INFO: [Physopt 32-702] Processed net Final_Project_i/frogger1_0/U0/frogger1_slave_lite_v1_0_S00_AXI_inst/froggerGraphics/Inst_vga/uut2/i__i_26__5_n_0. Optimizations did not improve timing on the net.
INFO: [Physopt 32-702] Processed net Final_Project_i/frogger1_0/U0/frogger1_slave_lite_v1_0_S00_AXI_inst/froggerGraphics/Inst_vga/uut1/i__i_55__8_0. Optimizations did not improve timing on the net.
INFO: [Physopt 32-702] Processed net Final_Project_i/frogger1_0/U0/frogger1_slave_lite_v1_0_S00_AXI_inst/froggerGraphics/Inst_vga/uut1/i__i_102__7_n_0. Optimizations did not improve timing on the net.
INFO: [Physopt 32-702] Processed net Final_Project_i/frogger1_0/U0/frogger1_slave_lite_v1_0_S00_AXI_inst/froggerGraphics/Inst_vga/uut1/i__i_119__3_n_0. Optimizations did not improve timing on the net.
INFO: [Physopt 32-702] Processed net Final_Project_i/frogger1_0/U0/frogger1_slave_lite_v1_0_S00_AXI_inst/froggerGraphics/Inst_vga/uut1/i__i_123__2_n_0. Optimizations did not improve timing on the net.
INFO: [Physopt 32-702] Processed net Final_Project_i/frogger1_0/U0/frogger1_slave_lite_v1_0_S00_AXI_inst/froggerGraphics/Inst_vga/uut1/i__i_133__3_n_0. Optimizations did not improve timing on the net.
INFO: [Physopt 32-702] Processed net Final_Project_i/frogger1_0/U0/frogger1_slave_lite_v1_0_S00_AXI_inst/froggerGraphics/Inst_vga/uut1/i__i_141__2_n_0. Optimizations did not improve timing on the net.
INFO: [Physopt 32-702] Processed net Final_Project_i/frogger1_0/U0/frogger1_slave_lite_v1_0_S00_AXI_inst/froggerGraphics/Inst_vga/uut1/i__i_150__3_n_0. Optimizations did not improve timing on the net.
INFO: [Physopt 32-702] Processed net Final_Project_i/frogger1_0/U0/frogger1_slave_lite_v1_0_S00_AXI_inst/froggerGraphics/Inst_vga/uut1/i__i_158__2_n_0. Optimizations did not improve timing on the net.
INFO: [Physopt 32-702] Processed net Final_Project_i/frogger1_0/U0/frogger1_slave_lite_v1_0_S00_AXI_inst/froggerGraphics/Inst_vga/uut1/i__i_171__4_n_0. Optimizations did not improve timing on the net.
INFO: [Physopt 32-702] Processed net Final_Project_i/frogger1_0/U0/frogger1_slave_lite_v1_0_S00_AXI_inst/froggerGraphics/Inst_vga/uut1/i__i_184__1_n_0. Optimizations did not improve timing on the net.
INFO: [Physopt 32-702] Processed net Final_Project_i/frogger1_0/U0/frogger1_slave_lite_v1_0_S00_AXI_inst/froggerGraphics/Inst_vga/uut1/uut3/current_color[7]_repN. Optimizations did not improve timing on the net.
INFO: [Physopt 32-702] Processed net Final_Project_i/frogger1_0/U0/frogger1_slave_lite_v1_0_S00_AXI_inst/froggerGraphics/Inst_vga/uut1/i__i_217__0_n_0. Optimizations did not improve timing on the net.
INFO: [Physopt 32-702] Processed net Final_Project_i/frogger1_0/U0/frogger1_slave_lite_v1_0_S00_AXI_inst/froggerGraphics/Inst_vga/uut1/i__i_247__0_n_0. Optimizations did not improve timing on the net.
INFO: [Physopt 32-702] Processed net Final_Project_i/frogger1_0/U0/frogger1_slave_lite_v1_0_S00_AXI_inst/froggerGraphics/Inst_vga/uut1/i__i_273_n_0. Optimizations did not improve timing on the net.
INFO: [Physopt 32-702] Processed net Final_Project_i/frogger1_0/U0/frogger1_slave_lite_v1_0_S00_AXI_inst/froggerGraphics/Inst_vga/uut1/i__i_292_n_0. Optimizations did not improve timing on the net.
INFO: [Physopt 32-702] Processed net Final_Project_i/frogger1_0/U0/frogger1_slave_lite_v1_0_S00_AXI_inst/froggerGraphics/Inst_vga/uut1/uut3/current_color[22]. Optimizations did not improve timing on the net.
INFO: [Physopt 32-702] Processed net Final_Project_i/frogger1_0/U0/frogger1_slave_lite_v1_0_S00_AXI_inst/froggerGraphics/Inst_vga/uut1/i__i_328_n_0. Optimizations did not improve timing on the net.
INFO: [Physopt 32-702] Processed net Final_Project_i/frogger1_0/U0/frogger1_slave_lite_v1_0_S00_AXI_inst/froggerGraphics/Inst_vga/uut2/green[1]. Optimizations did not improve timing on the net.
INFO: [Physopt 32-702] Processed net Final_Project_i/frogger1_0/U0/frogger1_slave_lite_v1_0_S00_AXI_inst/froggerGraphics/Inst_vga/uut2/i__i_12__8_n_0. Optimizations did not improve timing on the net.
INFO: [Physopt 32-702] Processed net Final_Project_i/frogger1_0/U0/frogger1_slave_lite_v1_0_S00_AXI_inst/froggerGraphics/Inst_vga/uut2/i__i_26__6_n_0. Optimizations did not improve timing on the net.
INFO: [Physopt 32-702] Processed net Final_Project_i/frogger1_0/U0/frogger1_slave_lite_v1_0_S00_AXI_inst/froggerGraphics/Inst_vga/uut1/i__i_68__3_0. Optimizations did not improve timing on the net.
INFO: [Physopt 32-702] Processed net Final_Project_i/frogger1_0/U0/frogger1_slave_lite_v1_0_S00_AXI_inst/froggerGraphics/Inst_vga/uut1/i__i_68__3_n_0. Optimizations did not improve timing on the net.
INFO: [Physopt 32-702] Processed net Final_Project_i/frogger1_0/U0/frogger1_slave_lite_v1_0_S00_AXI_inst/froggerGraphics/Inst_vga/uut1/i__i_86__9_n_0. Optimizations did not improve timing on the net.
INFO: [Physopt 32-702] Processed net Final_Project_i/frogger1_0/U0/frogger1_slave_lite_v1_0_S00_AXI_inst/froggerGraphics/Inst_vga/uut1/i__i_103__5_n_0. Optimizations did not improve timing on the net.
INFO: [Physopt 32-702] Processed net Final_Project_i/frogger1_0/U0/frogger1_slave_lite_v1_0_S00_AXI_inst/froggerGraphics/Inst_vga/uut1/i__i_223__4_n_0. Optimizations did not improve timing on the net.
INFO: [Physopt 32-702] Processed net Final_Project_i/frogger1_0/U0/frogger1_slave_lite_v1_0_S00_AXI_inst/froggerGraphics/Inst_vga/uut1/green[0]_repN. Optimizations did not improve timing on the net.
INFO: [Physopt 32-702] Processed net Final_Project_i/frogger1_0/U0/frogger1_slave_lite_v1_0_S00_AXI_inst/froggerGraphics/Inst_vga/uut1/i__i_17__7_n_0. Optimizations did not improve timing on the net.
INFO: [Physopt 32-702] Processed net Final_Project_i/frogger1_0/U0/frogger1_slave_lite_v1_0_S00_AXI_inst/froggerGraphics/Inst_vga/uut1/i__i_38__7_n_0. Optimizations did not improve timing on the net.
INFO: [Physopt 32-702] Processed net Final_Project_i/frogger1_0/U0/frogger1_slave_lite_v1_0_S00_AXI_inst/froggerGraphics/Inst_vga/uut2/red[2]. Optimizations did not improve timing on the net.
INFO: [Physopt 32-702] Processed net Final_Project_i/frogger1_0/U0/frogger1_slave_lite_v1_0_S00_AXI_inst/froggerGraphics/Inst_vga/uut2/i__i_17__9_n_0. Optimizations did not improve timing on the net.
INFO: [Physopt 32-702] Processed net Final_Project_i/frogger1_0/U0/frogger1_slave_lite_v1_0_S00_AXI_inst/froggerGraphics/Inst_vga/uut2/i__i_31__8_n_0. Optimizations did not improve timing on the net.
INFO: [Physopt 32-702] Processed net Final_Project_i/frogger1_0/U0/frogger1_slave_lite_v1_0_S00_AXI_inst/froggerGraphics/Inst_vga/uut1/i__i_70_0. Optimizations did not improve timing on the net.
INFO: [Physopt 32-702] Processed net Final_Project_i/frogger1_0/U0/frogger1_slave_lite_v1_0_S00_AXI_inst/froggerGraphics/Inst_vga/uut1/i__i_70_n_0. Optimizations did not improve timing on the net.
INFO: [Physopt 32-702] Processed net Final_Project_i/frogger1_0/U0/frogger1_slave_lite_v1_0_S00_AXI_inst/froggerGraphics/Inst_vga/uut1/i__i_88__4_n_0. Optimizations did not improve timing on the net.
INFO: [Physopt 32-702] Processed net Final_Project_i/frogger1_0/U0/frogger1_slave_lite_v1_0_S00_AXI_inst/froggerGraphics/Inst_vga/uut1/green[3]. Optimizations did not improve timing on the net.
INFO: [Physopt 32-702] Processed net Final_Project_i/frogger1_0/U0/frogger1_slave_lite_v1_0_S00_AXI_inst/froggerGraphics/Inst_vga/uut2/i__i_60__7_0. Optimizations did not improve timing on the net.
INFO: [Physopt 32-702] Processed net Final_Project_i/frogger1_0/U0/frogger1_slave_lite_v1_0_S00_AXI_inst/froggerGraphics/Inst_vga/uut2/i__i_59__2_n_0. Optimizations did not improve timing on the net.
INFO: [Physopt 32-702] Processed net Final_Project_i/frogger1_0/U0/frogger1_slave_lite_v1_0_S00_AXI_inst/froggerGraphics/Inst_vga/uut1/encoded[7]_i_94_n_0. Optimizations did not improve timing on the net.
INFO: [Physopt 32-702] Processed net Final_Project_i/frogger1_0/U0/frogger1_slave_lite_v1_0_S00_AXI_inst/froggerGraphics/Inst_vga/uut1/encoded[7]_i_93_n_0_repN. Optimizations did not improve timing on the net.
INFO: [Physopt 32-702] Processed net Final_Project_i/frogger1_0/U0/frogger1_slave_lite_v1_0_S00_AXI_inst/froggerGraphics/Inst_vga/uut1/current_color169_out. Optimizations did not improve timing on the net.
INFO: [Physopt 32-608] Optimized 1 net.  Swapped 24 pins.
INFO: [Physopt 32-702] Processed net Final_Project_i/frogger1_0/U0/frogger1_slave_lite_v1_0_S00_AXI_inst/froggerGraphics/Inst_vga/uut1/red[4]_repN. Optimizations did not improve timing on the net.
INFO: [Physopt 32-702] Processed net Final_Project_i/frogger1_0/U0/frogger1_slave_lite_v1_0_S00_AXI_inst/froggerGraphics/Inst_vga/uut2/i__i_13__15_n_0. Optimizations did not improve timing on the net.
INFO: [Physopt 32-702] Processed net Final_Project_i/frogger1_0/U0/frogger1_slave_lite_v1_0_S00_AXI_inst/froggerGraphics/Inst_vga/uut2/i__i_30__10_n_0. Optimizations did not improve timing on the net.
INFO: [Physopt 32-702] Processed net Final_Project_i/frogger1_0/U0/frogger1_slave_lite_v1_0_S00_AXI_inst/froggerGraphics/Inst_vga/uut1/i__i_58__3_0. Optimizations did not improve timing on the net.
INFO: [Physopt 32-702] Processed net Final_Project_i/frogger1_0/U0/frogger1_slave_lite_v1_0_S00_AXI_inst/froggerGraphics/Inst_vga/uut1/i__i_108__7_n_0. Optimizations did not improve timing on the net.
INFO: [Physopt 32-702] Processed net Final_Project_i/frogger1_0/U0/frogger1_slave_lite_v1_0_S00_AXI_inst/froggerGraphics/Inst_vga/uut1/i__i_145__6_n_0. Optimizations did not improve timing on the net.
INFO: [Physopt 32-702] Processed net Final_Project_i/frogger1_0/U0/frogger1_slave_lite_v1_0_S00_AXI_inst/froggerGraphics/Inst_vga/uut1/i__i_182__2_n_0. Optimizations did not improve timing on the net.
INFO: [Physopt 32-702] Processed net Final_Project_i/frogger1_0/U0/frogger1_slave_lite_v1_0_S00_AXI_inst/froggerGraphics/Inst_vga/uut1/i__i_217__5_n_0. Optimizations did not improve timing on the net.
INFO: [Physopt 32-702] Processed net Final_Project_i/frogger1_0/U0/frogger1_slave_lite_v1_0_S00_AXI_inst/froggerGraphics/Inst_vga/uut1/i__i_251__2_n_0. Optimizations did not improve timing on the net.
INFO: [Physopt 32-702] Processed net Final_Project_i/frogger1_0/U0/frogger1_slave_lite_v1_0_S00_AXI_inst/froggerGraphics/Inst_vga/uut1/i__i_288__3_n_0. Optimizations did not improve timing on the net.
INFO: [Physopt 32-608] Optimized 1 net.  Swapped 8 pins.
Netlist sorting complete. Time (s): cpu = 00:00:01 ; elapsed = 00:00:00.083 . Memory (MB): peak = 2280.152 ; gain = 0.000
Phase 4 Critical Path Optimization | Checksum: 1f40ef16f

Time (s): cpu = 00:01:15 ; elapsed = 00:02:07 . Memory (MB): peak = 2280.152 ; gain = 25.805
Netlist sorting complete. Time (s): cpu = 00:00:00 ; elapsed = 00:00:00.018 . Memory (MB): peak = 2280.152 ; gain = 0.000
INFO: [Physopt 32-603] Post Physical Optimization Timing Summary | WNS=-7.103 | TNS=-280.866 |

Summary of Physical Synthesis Optimizations
============================================


-------------------------------------------------------------------------------------------------------------------------------------------------------------
|  Optimization   |  WNS Gain (ns)  |  TNS Gain (ns)  |  Added Cells  |  Removed Cells  |  Optimized Cells/Nets  |  Dont Touch  |  Iterations  |  Elapsed   |
-------------------------------------------------------------------------------------------------------------------------------------------------------------
|  DSP Register   |          0.000  |          0.000  |            0  |              0  |                     0  |           0  |           1  |  00:00:00  |
|  Critical Path  |          2.605  |        103.172  |           29  |              0  |                   474  |           0  |           2  |  00:02:04  |
|  Total          |          2.605  |        103.172  |           29  |              0  |                   474  |           0  |           3  |  00:02:04  |
-------------------------------------------------------------------------------------------------------------------------------------------------------------


Netlist sorting complete. Time (s): cpu = 00:00:00 ; elapsed = 00:00:00.020 . Memory (MB): peak = 2280.152 ; gain = 0.000
Ending Physical Synthesis Task | Checksum: 2fd4ddfab

Time (s): cpu = 00:01:15 ; elapsed = 00:02:07 . Memory (MB): peak = 2280.152 ; gain = 25.805
INFO: [Common 17-83] Releasing license: Implementation
1165 Infos, 73 Warnings, 26 Critical Warnings and 0 Errors encountered.
phys_opt_design completed successfully
phys_opt_design: Time (s): cpu = 00:01:18 ; elapsed = 00:02:11 . Memory (MB): peak = 2280.152 ; gain = 25.805
INFO: [Timing 38-480] Writing timing data to binary archive.
Write ShapeDB Complete: Time (s): cpu = 00:00:00 ; elapsed = 00:00:00.129 . Memory (MB): peak = 2280.152 ; gain = 0.000
Wrote PlaceDB: Time (s): cpu = 00:00:04 ; elapsed = 00:00:03 . Memory (MB): peak = 2286.555 ; gain = 6.402
Wrote PulsedLatchDB: Time (s): cpu = 00:00:00 ; elapsed = 00:00:00 . Memory (MB): peak = 2286.555 ; gain = 0.000
Writing XDEF routing.
Writing XDEF routing logical nets.
Writing XDEF routing special nets.
Wrote RouteStorage: Time (s): cpu = 00:00:00 ; elapsed = 00:00:00.065 . Memory (MB): peak = 2286.555 ; gain = 0.000
Wrote Netlist Cache: Time (s): cpu = 00:00:00 ; elapsed = 00:00:00.053 . Memory (MB): peak = 2286.555 ; gain = 0.000
Wrote Device Cache: Time (s): cpu = 00:00:00 ; elapsed = 00:00:00.007 . Memory (MB): peak = 2286.555 ; gain = 0.000
Write Physdb Complete: Time (s): cpu = 00:00:04 ; elapsed = 00:00:03 . Memory (MB): peak = 2286.555 ; gain = 6.402
INFO: [Common 17-1381] The checkpoint 'C:/ece383/Final_Project/Final_Project.runs/impl_1/Final_Project_wrapper_physopt.dcp' has been generated.
write_checkpoint: Time (s): cpu = 00:00:05 ; elapsed = 00:00:06 . Memory (MB): peak = 2286.555 ; gain = 6.402
Command: route_design
Attempting to get a license for feature 'Implementation' and/or device 'xc7a200t'
INFO: [Common 17-349] Got license for feature 'Implementation' and/or device 'xc7a200t'
INFO: [DRC 23-27] Running DRC with 2 threads
INFO: [Vivado_Tcl 4-198] DRC finished with 0 Errors
INFO: [Vivado_Tcl 4-199] Please refer to the DRC report (report_drc) for more information.


Starting Routing Task
INFO: [Route 35-254] Multithreading enabled for route_design using a maximum of 2 CPUs

Phase 1 Build RT Design
Checksum: PlaceDB: d98e4809 ConstDB: 0 ShapeSum: ede619ca RouteDB: 981aeb64
Post Restoration Checksum: NetGraph: 793f6695 | NumContArr: dd3ac4c4 | Constraints: c2a8fa9d | Timing: c2a8fa9d
Phase 1 Build RT Design | Checksum: 2dbcc2093

Time (s): cpu = 00:00:42 ; elapsed = 00:01:09 . Memory (MB): peak = 2461.676 ; gain = 175.121

Phase 2 Router Initialization

Phase 2.1 Fix Topology Constraints
Phase 2.1 Fix Topology Constraints | Checksum: 2dbcc2093

Time (s): cpu = 00:00:43 ; elapsed = 00:01:09 . Memory (MB): peak = 2461.676 ; gain = 175.121

Phase 2.2 Pre Route Cleanup
Phase 2.2 Pre Route Cleanup | Checksum: 2dbcc2093

Time (s): cpu = 00:00:43 ; elapsed = 00:01:09 . Memory (MB): peak = 2461.676 ; gain = 175.121
 Number of Nodes with overlaps = 0

Phase 2.3 Update Timing
Phase 2.3 Update Timing | Checksum: 1a626f9f2

Time (s): cpu = 00:00:49 ; elapsed = 00:01:18 . Memory (MB): peak = 2548.129 ; gain = 261.574
INFO: [Route 35-416] Intermediate Timing Summary | WNS=-6.852 | TNS=-266.668| WHS=-0.343 | THS=-319.264|


Phase 2.4 Update Timing for Bus Skew

Phase 2.4.1 Update Timing
Phase 2.4.1 Update Timing | Checksum: 270a62156

Time (s): cpu = 00:00:51 ; elapsed = 00:01:23 . Memory (MB): peak = 2548.652 ; gain = 262.098
INFO: [Route 35-416] Intermediate Timing Summary | WNS=-6.852 | TNS=-280.960| WHS=-0.268 | THS=-6.212 |

Phase 2.4 Update Timing for Bus Skew | Checksum: 270a62156

Time (s): cpu = 00:00:51 ; elapsed = 00:01:23 . Memory (MB): peak = 2554.453 ; gain = 267.898

Router Utilization Summary
  Global Vertical Routing Utilization    = 0.000870533 %
  Global Horizontal Routing Utilization  = 0.00181758 %
  Routable Net Status*
  *Does not include unroutable nets such as driverless and loadless.
  Run report_route_status for detailed report.
  Number of Failed Nets               = 30973
    (Failed Nets is the sum of unrouted and partially routed nets)
  Number of Unrouted Nets             = 30972
  Number of Partially Routed Nets     = 1
  Number of Node Overlaps             = 0

Phase 2 Router Initialization | Checksum: 2102305e1

Time (s): cpu = 00:00:52 ; elapsed = 00:01:24 . Memory (MB): peak = 2570.633 ; gain = 284.078

Phase 3 Global Routing
Phase 3 Global Routing | Checksum: 2102305e1

Time (s): cpu = 00:00:52 ; elapsed = 00:01:24 . Memory (MB): peak = 2570.633 ; gain = 284.078

Phase 4 Initial Routing

Phase 4.1 Initial Net Routing Pass
Phase 4.1 Initial Net Routing Pass | Checksum: 23c6f0e02

Time (s): cpu = 00:00:54 ; elapsed = 00:01:28 . Memory (MB): peak = 2570.633 ; gain = 284.078
Phase 4 Initial Routing | Checksum: 23c6f0e02

Time (s): cpu = 00:00:54 ; elapsed = 00:01:28 . Memory (MB): peak = 2570.633 ; gain = 284.078

Phase 5 Rip-up And Reroute

Phase 5.1 Global Iteration 0
 Number of Nodes with overlaps = 7709
 Number of Nodes with overlaps = 2635
 Number of Nodes with overlaps = 1222
 Number of Nodes with overlaps = 380
 Number of Nodes with overlaps = 263
 Number of Nodes with overlaps = 62
 Number of Nodes with overlaps = 28
 Number of Nodes with overlaps = 24
 Number of Nodes with overlaps = 15
 Number of Nodes with overlaps = 14
 Number of Nodes with overlaps = 7
 Number of Nodes with overlaps = 2
 Number of Nodes with overlaps = 3
 Number of Nodes with overlaps = 0
INFO: [Route 35-416] Intermediate Timing Summary | WNS=-8.625 | TNS=-333.943| WHS=N/A    | THS=N/A    |

Phase 5.1 Global Iteration 0 | Checksum: 1b74281f9

Time (s): cpu = 00:01:20 ; elapsed = 00:02:23 . Memory (MB): peak = 2602.613 ; gain = 316.059

Phase 5.2 Global Iteration 1
 Number of Nodes with overlaps = 636
 Number of Nodes with overlaps = 147
 Number of Nodes with overlaps = 53
 Number of Nodes with overlaps = 17
 Number of Nodes with overlaps = 4
 Number of Nodes with overlaps = 2
 Number of Nodes with overlaps = 0
INFO: [Route 35-416] Intermediate Timing Summary | WNS=-9.024 | TNS=-345.412| WHS=N/A    | THS=N/A    |

Phase 5.2 Global Iteration 1 | Checksum: 273440142

Time (s): cpu = 00:01:25 ; elapsed = 00:02:31 . Memory (MB): peak = 2602.613 ; gain = 316.059
Phase 5 Rip-up And Reroute | Checksum: 273440142

Time (s): cpu = 00:01:25 ; elapsed = 00:02:32 . Memory (MB): peak = 2602.613 ; gain = 316.059

Phase 6 Delay and Skew Optimization

Phase 6.1 Delay CleanUp

Phase 6.1.1 Update Timing
Phase 6.1.1 Update Timing | Checksum: 2545251b8

Time (s): cpu = 00:01:25 ; elapsed = 00:02:33 . Memory (MB): peak = 2602.613 ; gain = 316.059
INFO: [Route 35-416] Intermediate Timing Summary | WNS=-8.625 | TNS=-333.915| WHS=N/A    | THS=N/A    |

 Number of Nodes with overlaps = 0
Phase 6.1 Delay CleanUp | Checksum: 2f043b13d

Time (s): cpu = 00:01:25 ; elapsed = 00:02:33 . Memory (MB): peak = 2602.613 ; gain = 316.059

Phase 6.2 Clock Skew Optimization
Phase 6.2 Clock Skew Optimization | Checksum: 2f043b13d

Time (s): cpu = 00:01:25 ; elapsed = 00:02:33 . Memory (MB): peak = 2602.613 ; gain = 316.059
Phase 6 Delay and Skew Optimization | Checksum: 2f043b13d

Time (s): cpu = 00:01:25 ; elapsed = 00:02:33 . Memory (MB): peak = 2602.613 ; gain = 316.059

Phase 7 Post Hold Fix

Phase 7.1 Hold Fix Iter
INFO: [Route 35-416] Intermediate Timing Summary | WNS=-8.625 | TNS=-333.187| WHS=0.010  | THS=0.000  |

Phase 7.1 Hold Fix Iter | Checksum: 2d3d13089

Time (s): cpu = 00:01:26 ; elapsed = 00:02:34 . Memory (MB): peak = 2602.613 ; gain = 316.059
Phase 7 Post Hold Fix | Checksum: 2d3d13089

Time (s): cpu = 00:01:26 ; elapsed = 00:02:34 . Memory (MB): peak = 2602.613 ; gain = 316.059

Phase 8 Route finalize

Router Utilization Summary
  Global Vertical Routing Utilization    = 2.56846 %
  Global Horizontal Routing Utilization  = 3.62763 %
  Routable Net Status*
  *Does not include unroutable nets such as driverless and loadless.
  Run report_route_status for detailed report.
  Number of Failed Nets               = 0
    (Failed Nets is the sum of unrouted and partially routed nets)
  Number of Unrouted Nets             = 0
  Number of Partially Routed Nets     = 0
  Number of Node Overlaps             = 0


--GLOBAL Congestion:
Utilization threshold used for congestion level computation: 0.85
Congestion Report
North Dir 1x1 Area, Max Cong = 75.6757%, No Congested Regions.
South Dir 1x1 Area, Max Cong = 77.4775%, No Congested Regions.
East Dir 1x1 Area, Max Cong = 82.3529%, No Congested Regions.
West Dir 1x1 Area, Max Cong = 76.4706%, No Congested Regions.

------------------------------
Reporting congestion hotspots
------------------------------
Direction: North
----------------
Congested clusters found at Level 0
Effective congestion level: 0 Aspect Ratio: 1 Sparse Ratio: 0
Direction: South
----------------
Congested clusters found at Level 0
Effective congestion level: 0 Aspect Ratio: 1 Sparse Ratio: 0
Direction: East
----------------
Congested clusters found at Level 0
Effective congestion level: 0 Aspect Ratio: 1 Sparse Ratio: 0
Direction: West
----------------
Congested clusters found at Level 0
Effective congestion level: 0 Aspect Ratio: 1 Sparse Ratio: 0

Phase 8 Route finalize | Checksum: 2d3d13089

Time (s): cpu = 00:01:26 ; elapsed = 00:02:35 . Memory (MB): peak = 2602.613 ; gain = 316.059

Phase 9 Verifying routed nets

 Verification completed successfully
Phase 9 Verifying routed nets | Checksum: 2d3d13089

Time (s): cpu = 00:01:26 ; elapsed = 00:02:35 . Memory (MB): peak = 2602.613 ; gain = 316.059

Phase 10 Depositing Routes
Phase 10 Depositing Routes | Checksum: 2af5d66a0

Time (s): cpu = 00:01:27 ; elapsed = 00:02:37 . Memory (MB): peak = 2602.613 ; gain = 316.059

Phase 11 Post Process Routing
Phase 11 Post Process Routing | Checksum: 2af5d66a0

Time (s): cpu = 00:01:27 ; elapsed = 00:02:37 . Memory (MB): peak = 2602.613 ; gain = 316.059

Phase 12 Post Router Timing
INFO: [Route 35-57] Estimated Timing Summary | WNS=-8.625 | TNS=-333.187| WHS=0.010  | THS=0.000  |

WARNING: [Route 35-328] Router estimated timing not met.
Resolution: For a complete and accurate timing signoff, report_timing_summary must be run after route_design. Alternatively, route_design can be run with the -timing_summary option to enable a complete timing signoff at the end of route_design.
Phase 12 Post Router Timing | Checksum: 2af5d66a0

Time (s): cpu = 00:01:27 ; elapsed = 00:02:37 . Memory (MB): peak = 2602.613 ; gain = 316.059
Total Elapsed time in route_design: 157.149 secs

Phase 13 Post-Route Event Processing
Phase 13 Post-Route Event Processing | Checksum: 2685db121

Time (s): cpu = 00:01:27 ; elapsed = 00:02:37 . Memory (MB): peak = 2602.613 ; gain = 316.059
INFO: [Route 35-16] Router Completed Successfully
Ending Routing Task | Checksum: 2685db121

Time (s): cpu = 00:01:28 ; elapsed = 00:02:38 . Memory (MB): peak = 2602.613 ; gain = 316.059

Routing Is Done.
INFO: [Common 17-83] Releasing license: Implementation
1181 Infos, 74 Warnings, 26 Critical Warnings and 0 Errors encountered.
route_design completed successfully
route_design: Time (s): cpu = 00:01:29 ; elapsed = 00:02:39 . Memory (MB): peak = 2602.613 ; gain = 316.059
INFO: [Vivado 12-24828] Executing command : report_drc -file Final_Project_wrapper_drc_routed.rpt -pb Final_Project_wrapper_drc_routed.pb -rpx Final_Project_wrapper_drc_routed.rpx
Command: report_drc -file Final_Project_wrapper_drc_routed.rpt -pb Final_Project_wrapper_drc_routed.pb -rpx Final_Project_wrapper_drc_routed.rpx
INFO: [IP_Flow 19-1839] IP Catalog is up to date.
INFO: [DRC 23-27] Running DRC with 2 threads
INFO: [Vivado_Tcl 2-168] The results of DRC are in file C:/ece383/Final_Project/Final_Project.runs/impl_1/Final_Project_wrapper_drc_routed.rpt.
report_drc completed successfully
report_drc: Time (s): cpu = 00:00:06 ; elapsed = 00:00:06 . Memory (MB): peak = 2602.613 ; gain = 0.000
INFO: [Vivado 12-24828] Executing command : report_methodology -file Final_Project_wrapper_methodology_drc_routed.rpt -pb Final_Project_wrapper_methodology_drc_routed.pb -rpx Final_Project_wrapper_methodology_drc_routed.rpx
Command: report_methodology -file Final_Project_wrapper_methodology_drc_routed.rpt -pb Final_Project_wrapper_methodology_drc_routed.pb -rpx Final_Project_wrapper_methodology_drc_routed.rpx
INFO: [Timing 38-35] Done setting XDC timing constraints.
INFO: [DRC 23-133] Running Methodology with 2 threads
INFO: [Vivado_Tcl 2-1520] The results of Report Methodology are in file C:/ece383/Final_Project/Final_Project.runs/impl_1/Final_Project_wrapper_methodology_drc_routed.rpt.
report_methodology completed successfully
report_methodology: Time (s): cpu = 00:00:10 ; elapsed = 00:00:12 . Memory (MB): peak = 2602.613 ; gain = 0.000
INFO: [Vivado 12-24828] Executing command : report_timing_summary -max_paths 10 -report_unconstrained -file Final_Project_wrapper_timing_summary_routed.rpt -pb Final_Project_wrapper_timing_summary_routed.pb -rpx Final_Project_wrapper_timing_summary_routed.rpx -warn_on_violation 
INFO: [Timing 38-35] Done setting XDC timing constraints.
INFO: [Timing 38-91] UpdateTimingParams: Speed grade: -1, Delay Type: min_max.
INFO: [Timing 38-191] Multithreading enabled for timing update using a maximum of 2 CPUs
CRITICAL WARNING: [Timing 38-282] The design failed to meet the timing requirements. Please see the timing summary report for details on the timing violations.
WARNING: [Timing 38-436] There are set_bus_skew constraint(s) in this design. Please run report_bus_skew to ensure that bus skew requirements are met.
INFO: [Vivado 12-24838] Running report commands "report_incremental_reuse, report_route_status" in parallel.
Running report generation with 2 threads.
INFO: [Vivado 12-24828] Executing command : report_incremental_reuse -file Final_Project_wrapper_incremental_reuse_routed.rpt
INFO: [Vivado_Tcl 4-1062] Incremental flow is disabled. No incremental reuse Info to report.
INFO: [Vivado 12-24828] Executing command : report_route_status -file Final_Project_wrapper_route_status.rpt -pb Final_Project_wrapper_route_status.pb
INFO: [Vivado 12-24828] Executing command : report_power -file Final_Project_wrapper_power_routed.rpt -pb Final_Project_wrapper_power_summary_routed.pb -rpx Final_Project_wrapper_power_routed.rpx
Command: report_power -file Final_Project_wrapper_power_routed.rpt -pb Final_Project_wrapper_power_summary_routed.pb -rpx Final_Project_wrapper_power_routed.rpx
Running Vector-less Activity Propagation...

Finished Running Vector-less Activity Propagation
WARNING: [Power 33-332] Found switching activity that implies high-fanout reset nets being asserted for excessive periods of time which may result in inaccurate power analysis.
Resolution: To review and fix problems, please run Power Constraints Advisor in the GUI from Tools > Power Constraints Advisor or run report_power with the -advisory option to generate a text report.
1198 Infos, 76 Warnings, 27 Critical Warnings and 0 Errors encountered.
report_power completed successfully
report_power: Time (s): cpu = 00:00:08 ; elapsed = 00:00:09 . Memory (MB): peak = 2647.234 ; gain = 44.621
INFO: [Vivado 12-24828] Executing command : report_clock_utilization -file Final_Project_wrapper_clock_utilization_routed.rpt
INFO: [Vivado 12-24828] Executing command : report_bus_skew -warn_on_violation -file Final_Project_wrapper_bus_skew_routed.rpt -pb Final_Project_wrapper_bus_skew_routed.pb -rpx Final_Project_wrapper_bus_skew_routed.rpx
INFO: [Timing 38-91] UpdateTimingParams: Speed grade: -1, Delay Type: min_max.
INFO: [Timing 38-191] Multithreading enabled for timing update using a maximum of 2 CPUs
generate_parallel_reports: Time (s): cpu = 00:00:27 ; elapsed = 00:00:34 . Memory (MB): peak = 2649.617 ; gain = 47.004
INFO: [Timing 38-480] Writing timing data to binary archive.
Write ShapeDB Complete: Time (s): cpu = 00:00:01 ; elapsed = 00:00:00.135 . Memory (MB): peak = 2687.023 ; gain = 19.508
Wrote PlaceDB: Time (s): cpu = 00:00:04 ; elapsed = 00:00:03 . Memory (MB): peak = 2694.535 ; gain = 27.020
Wrote PulsedLatchDB: Time (s): cpu = 00:00:00 ; elapsed = 00:00:00 . Memory (MB): peak = 2694.535 ; gain = 0.000
Writing XDEF routing.
Writing XDEF routing logical nets.
Writing XDEF routing special nets.
Wrote RouteStorage: Time (s): cpu = 00:00:01 ; elapsed = 00:00:00.388 . Memory (MB): peak = 2694.535 ; gain = 0.000
Wrote Netlist Cache: Time (s): cpu = 00:00:00 ; elapsed = 00:00:00.062 . Memory (MB): peak = 2694.535 ; gain = 0.000
Wrote Device Cache: Time (s): cpu = 00:00:00 ; elapsed = 00:00:00.007 . Memory (MB): peak = 2694.535 ; gain = 0.000
Write Physdb Complete: Time (s): cpu = 00:00:05 ; elapsed = 00:00:04 . Memory (MB): peak = 2694.535 ; gain = 27.020
INFO: [Common 17-1381] The checkpoint 'C:/ece383/Final_Project/Final_Project.runs/impl_1/Final_Project_wrapper_routed.dcp' has been generated.
write_checkpoint: Time (s): cpu = 00:00:05 ; elapsed = 00:00:06 . Memory (MB): peak = 2694.535 ; gain = 44.918
INFO: [Memdata 28-167] Found XPM memory block Final_Project_i/axi_smc_1/inst/s01_nodes/s01_r_node/inst/inst_mi_handler/gen_normal_area.inst_fifo_node_payld/gen_xpm_memory_fifo.inst_fifo/gen_mem_rep[0].inst_xpm_memory/xpm_memory_base_inst with a P_MEMORY_PRIMITIVE property set to distributed. A value of block is required. You will not be able to use the updatemem program to update the bitstream with new data for the Final_Project_i/axi_smc_1/inst/s01_nodes/s01_r_node/inst/inst_mi_handler/gen_normal_area.inst_fifo_node_payld/gen_xpm_memory_fifo.inst_fifo/gen_mem_rep[0].inst_xpm_memory/xpm_memory_base_inst block.
INFO: [Memdata 28-167] Found XPM memory block Final_Project_i/axi_smc_1/inst/s01_nodes/s01_ar_node/inst/inst_mi_handler/gen_normal_area.inst_fifo_node_payld/gen_xpm_memory_fifo.inst_fifo/gen_mem_rep[0].inst_xpm_memory/xpm_memory_base_inst with a P_MEMORY_PRIMITIVE property set to distributed. A value of block is required. You will not be able to use the updatemem program to update the bitstream with new data for the Final_Project_i/axi_smc_1/inst/s01_nodes/s01_ar_node/inst/inst_mi_handler/gen_normal_area.inst_fifo_node_payld/gen_xpm_memory_fifo.inst_fifo/gen_mem_rep[0].inst_xpm_memory/xpm_memory_base_inst block.
INFO: [Memdata 28-167] Found XPM memory block Final_Project_i/axi_smc_1/inst/s00_nodes/s00_w_node/inst/inst_mi_handler/gen_normal_area.inst_fifo_node_payld/gen_xpm_memory_fifo.inst_fifo/gen_mem_rep[0].inst_xpm_memory/xpm_memory_base_inst with a P_MEMORY_PRIMITIVE property set to distributed. A value of block is required. You will not be able to use the updatemem program to update the bitstream with new data for the Final_Project_i/axi_smc_1/inst/s00_nodes/s00_w_node/inst/inst_mi_handler/gen_normal_area.inst_fifo_node_payld/gen_xpm_memory_fifo.inst_fifo/gen_mem_rep[0].inst_xpm_memory/xpm_memory_base_inst block.
INFO: [Memdata 28-167] Found XPM memory block Final_Project_i/axi_smc_1/inst/s00_nodes/s00_w_node/inst/inst_mi_handler/gen_normal_area.gen_fifo_req.inst_fifo_req/gen_xpm_memory_fifo.inst_fifo/gen_mem_rep[0].inst_xpm_memory/xpm_memory_base_inst with a P_MEMORY_PRIMITIVE property set to distributed. A value of block is required. You will not be able to use the updatemem program to update the bitstream with new data for the Final_Project_i/axi_smc_1/inst/s00_nodes/s00_w_node/inst/inst_mi_handler/gen_normal_area.gen_fifo_req.inst_fifo_req/gen_xpm_memory_fifo.inst_fifo/gen_mem_rep[0].inst_xpm_memory/xpm_memory_base_inst block.
INFO: [Memdata 28-167] Found XPM memory block Final_Project_i/axi_smc_1/inst/s00_nodes/s00_r_node/inst/inst_mi_handler/gen_normal_area.inst_fifo_node_payld/gen_xpm_memory_fifo.inst_fifo/gen_mem_rep[0].inst_xpm_memory/xpm_memory_base_inst with a P_MEMORY_PRIMITIVE property set to distributed. A value of block is required. You will not be able to use the updatemem program to update the bitstream with new data for the Final_Project_i/axi_smc_1/inst/s00_nodes/s00_r_node/inst/inst_mi_handler/gen_normal_area.inst_fifo_node_payld/gen_xpm_memory_fifo.inst_fifo/gen_mem_rep[0].inst_xpm_memory/xpm_memory_base_inst block.
INFO: [Memdata 28-167] Found XPM memory block Final_Project_i/axi_smc_1/inst/s00_nodes/s00_aw_node/inst/inst_mi_handler/gen_normal_area.inst_fifo_node_payld/gen_xpm_memory_fifo.inst_fifo/gen_mem_rep[0].inst_xpm_memory/xpm_memory_base_inst with a P_MEMORY_PRIMITIVE property set to distributed. A value of block is required. You will not be able to use the updatemem program to update the bitstream with new data for the Final_Project_i/axi_smc_1/inst/s00_nodes/s00_aw_node/inst/inst_mi_handler/gen_normal_area.inst_fifo_node_payld/gen_xpm_memory_fifo.inst_fifo/gen_mem_rep[0].inst_xpm_memory/xpm_memory_base_inst block.
INFO: [Memdata 28-167] Found XPM memory block Final_Project_i/axi_smc_1/inst/s00_nodes/s00_ar_node/inst/inst_mi_handler/gen_normal_area.inst_fifo_node_payld/gen_xpm_memory_fifo.inst_fifo/gen_mem_rep[0].inst_xpm_memory/xpm_memory_base_inst with a P_MEMORY_PRIMITIVE property set to distributed. A value of block is required. You will not be able to use the updatemem program to update the bitstream with new data for the Final_Project_i/axi_smc_1/inst/s00_nodes/s00_ar_node/inst/inst_mi_handler/gen_normal_area.inst_fifo_node_payld/gen_xpm_memory_fifo.inst_fifo/gen_mem_rep[0].inst_xpm_memory/xpm_memory_base_inst block.
INFO: [Memdata 28-167] Found XPM memory block Final_Project_i/axi_smc_1/inst/m00_nodes/m00_w_node/inst/inst_si_handler/gen_si_handler.gen_request_fifos.gen_req_fifo[0].inst_req_fifo/gen_xpm_memory_fifo.inst_fifo/gen_mem_rep[0].inst_xpm_memory/xpm_memory_base_inst with a P_MEMORY_PRIMITIVE property set to distributed. A value of block is required. You will not be able to use the updatemem program to update the bitstream with new data for the Final_Project_i/axi_smc_1/inst/m00_nodes/m00_w_node/inst/inst_si_handler/gen_si_handler.gen_request_fifos.gen_req_fifo[0].inst_req_fifo/gen_xpm_memory_fifo.inst_fifo/gen_mem_rep[0].inst_xpm_memory/xpm_memory_base_inst block.
INFO: [Memdata 28-167] Found XPM memory block Final_Project_i/axi_smc_1/inst/m00_nodes/m00_w_node/inst/inst_mi_handler/gen_normal_area.inst_fifo_node_payld/gen_xpm_memory_fifo.inst_fifo/gen_mem_rep[0].inst_xpm_memory/xpm_memory_base_inst with a P_MEMORY_PRIMITIVE property set to distributed. A value of block is required. You will not be able to use the updatemem program to update the bitstream with new data for the Final_Project_i/axi_smc_1/inst/m00_nodes/m00_w_node/inst/inst_mi_handler/gen_normal_area.inst_fifo_node_payld/gen_xpm_memory_fifo.inst_fifo/gen_mem_rep[0].inst_xpm_memory/xpm_memory_base_inst block.
INFO: [Memdata 28-167] Found XPM memory block Final_Project_i/axi_smc_1/inst/m00_nodes/m00_r_node/inst/inst_mi_handler/gen_normal_area.inst_fifo_node_payld/gen_xpm_memory_fifo.inst_fifo/gen_mem_rep[0].inst_xpm_memory/xpm_memory_base_inst with a P_MEMORY_PRIMITIVE property set to distributed. A value of block is required. You will not be able to use the updatemem program to update the bitstream with new data for the Final_Project_i/axi_smc_1/inst/m00_nodes/m00_r_node/inst/inst_mi_handler/gen_normal_area.inst_fifo_node_payld/gen_xpm_memory_fifo.inst_fifo/gen_mem_rep[0].inst_xpm_memory/xpm_memory_base_inst block.
INFO: [Memdata 28-167] Found XPM memory block Final_Project_i/axi_smc_1/inst/m00_nodes/m00_r_node/inst/inst_mi_handler/gen_normal_area.gen_fifo_req.inst_fifo_req/gen_xpm_memory_fifo.inst_fifo/gen_mem_rep[0].inst_xpm_memory/xpm_memory_base_inst with a P_MEMORY_PRIMITIVE property set to distributed. A value of block is required. You will not be able to use the updatemem program to update the bitstream with new data for the Final_Project_i/axi_smc_1/inst/m00_nodes/m00_r_node/inst/inst_mi_handler/gen_normal_area.gen_fifo_req.inst_fifo_req/gen_xpm_memory_fifo.inst_fifo/gen_mem_rep[0].inst_xpm_memory/xpm_memory_base_inst block.
INFO: [Memdata 28-167] Found XPM memory block Final_Project_i/axi_smc_1/inst/m00_nodes/m00_b_node/inst/inst_mi_handler/gen_normal_area.gen_fifo_req.inst_fifo_req/gen_xpm_memory_fifo.inst_fifo/gen_mem_rep[0].inst_xpm_memory/xpm_memory_base_inst with a P_MEMORY_PRIMITIVE property set to distributed. A value of block is required. You will not be able to use the updatemem program to update the bitstream with new data for the Final_Project_i/axi_smc_1/inst/m00_nodes/m00_b_node/inst/inst_mi_handler/gen_normal_area.gen_fifo_req.inst_fifo_req/gen_xpm_memory_fifo.inst_fifo/gen_mem_rep[0].inst_xpm_memory/xpm_memory_base_inst block.
INFO: [Memdata 28-167] Found XPM memory block Final_Project_i/axi_smc_1/inst/m00_nodes/m00_aw_node/inst/inst_mi_handler/gen_normal_area.inst_fifo_node_payld/gen_xpm_memory_fifo.inst_fifo/gen_mem_rep[0].inst_xpm_memory/xpm_memory_base_inst with a P_MEMORY_PRIMITIVE property set to distributed. A value of block is required. You will not be able to use the updatemem program to update the bitstream with new data for the Final_Project_i/axi_smc_1/inst/m00_nodes/m00_aw_node/inst/inst_mi_handler/gen_normal_area.inst_fifo_node_payld/gen_xpm_memory_fifo.inst_fifo/gen_mem_rep[0].inst_xpm_memory/xpm_memory_base_inst block.
INFO: [Memdata 28-167] Found XPM memory block Final_Project_i/axi_smc_1/inst/m00_nodes/m00_ar_node/inst/inst_mi_handler/gen_normal_area.inst_fifo_node_payld/gen_xpm_memory_fifo.inst_fifo/gen_mem_rep[0].inst_xpm_memory/xpm_memory_base_inst with a P_MEMORY_PRIMITIVE property set to distributed. A value of block is required. You will not be able to use the updatemem program to update the bitstream with new data for the Final_Project_i/axi_smc_1/inst/m00_nodes/m00_ar_node/inst/inst_mi_handler/gen_normal_area.inst_fifo_node_payld/gen_xpm_memory_fifo.inst_fifo/gen_mem_rep[0].inst_xpm_memory/xpm_memory_base_inst block.
Command: write_bitstream -force Final_Project_wrapper.bit
Attempting to get a license for feature 'Implementation' and/or device 'xc7a200t'
INFO: [Common 17-349] Got license for feature 'Implementation' and/or device 'xc7a200t'
Running DRC as a precondition to command write_bitstream
INFO: [IP_Flow 19-1839] IP Catalog is up to date.
INFO: [DRC 23-27] Running DRC with 2 threads
INFO: [Vivado 12-3199] DRC finished with 0 Errors
INFO: [Vivado 12-3200] Please refer to the DRC report (report_drc) for more information.
INFO: [Designutils 20-2272] Running write_bitstream with 2 threads.
Loading data files...
Loading site data...
Loading route data...
Processing options...
Creating bitmap...
Creating bitstream...
Writing bitstream ./Final_Project_wrapper.bit...
INFO: [Vivado 12-1842] Bitgen Completed Successfully.
INFO: [Project 1-1876] WebTalk data collection is mandatory when using a ULT device. To see the specific WebTalk data collected for your design, open the usage_statistics_webtalk.html or usage_statistics_webtalk.xml file in the implementation directory.
INFO: [Common 17-83] Releasing license: Implementation
1227 Infos, 76 Warnings, 27 Critical Warnings and 0 Errors encountered.
write_bitstream completed successfully
write_bitstream: Time (s): cpu = 00:00:24 ; elapsed = 00:00:30 . Memory (MB): peak = 3259.512 ; gain = 564.977
INFO: [Common 17-206] Exiting Vivado at Wed May  7 21:59:17 2025...
